elapsed_s,kbps,pps
2.1,979.6,501.9
6.1,980.3,502.2
10.0,980.4,502.2
12.1,981.0,502.6
14.1,975.3,499.6
18.1,982.7,503.4
22.0,980.3,502.2
24.1,976.2,500.1
28.1,982.6,503.4
32.1,979.7,501.9
36.0,978.6,501.3
38.0,984.9,504.5
42.0,475.0,243.4
46.1,977.0,500.5
50.0,975.5,499.7
52.0,975.2,499.6
54.1,976.4,500.2
58.0,974.6,499.3
60.1,978.9,501.5
64.0,976.4,500.2
66.1,974.8,499.4
68.1,975.8,499.9
72.1,948.0,485.7
74.1,976.0,500.0
78.0,976.4,500.2
80.1,974.3,499.2
84.0,976.4,500.2
86.0,975.7,499.9
90.0,973.9,498.9
94.0,977.1,500.5
96.1,976.4,500.2
100.0,975.7,499.8
102.1,973.0,498.4
106.0,977.5,500.8
110.1,975.1,499.6
114.0,975.4,499.7
118.1,975.9,499.9
120.1,977.1,500.6
124.0,974.4,499.2
128.0,976.3,500.2
130.1,969.1,496.4
134.0,978.6,501.3
136.0,973.6,498.8
138.0,977.9,501.0
142.0,975.7,499.8
146.0,976.6,500.3
148.1,975.4,499.7
152.0,975.8,499.9
154.0,975.9,500.0
158.0,975.7,499.8
162.0,974.2,499.1
164.0,980.1,502.1
168.1,975.8,499.9
172.0,975.5,499.7
174.0,977.4,500.7
176.0,975.8,499.9
180.0,975.2,499.6
184.0,976.0,500.0
188.0,976.2,500.1
192.0,949.3,486.3
196.1,975.7,499.8
200.0,976.7,500.3
204.1,975.8,499.9
208.0,975.9,500.0
210.0,976.7,500.4
214.1,976.2,500.1
218.1,975.2,499.6
220.1,975.5,499.7
224.1,975.9,500.0
228.0,976.1,500.1
232.0,976.2,500.1
234.0,974.8,499.4
236.0,976.9,500.5
238.1,976.0,500.0
240.1,976.2,500.1
244.0,974.5,499.2
246.1,978.0,501.0
248.1,976.0,500.0
252.0,976.3,500.2
254.0,975.4,499.7
258.0,975.6,499.8
260.0,976.1,500.0
262.1,976.5,500.3
266.1,975.6,499.8
270.1,974.6,499.3
274.0,977.4,500.7
276.1,973.7,498.8
280.0,977.1,500.6
282.0,977.9,501.0
284.0,973.1,498.5
286.0,976.5,500.2
288.1,976.5,500.3
292.0,975.7,499.8
294.1,973.0,498.5
298.0,977.5,500.8
300.0,976.8,500.4
302.1,970.2,497.0
304.1,981.1,502.6
308.0,974.7,499.3
310.1,978.7,501.4
314.1,976.1,500.1
318.0,975.0,499.5
320.1,975.6,499.8
324.0,976.4,500.2
326.0,976.4,500.2
330.0,976.2,500.1
334.0,975.7,499.8
338.0,975.4,499.7
342.0,976.8,500.4
344.1,976.2,500.1
348.0,975.7,499.9
350.0,977.2,500.6
352.0,975.3,499.6
354.0,974.5,499.2
356.1,974.9,499.4
360.1,975.9,500.0
364.0,976.9,500.4
366.1,977.6,500.8
370.1,975.3,499.6
372.1,976.4,500.2
376.0,975.7,499.9
378.0,975.9,499.9
380.0,975.6,499.8
382.0,976.0,500.0
384.1,976.5,500.3
386.1,975.6,499.8
388.1,975.0,499.5
392.0,976.1,500.0
394.1,975.2,499.6
398.1,976.0,500.0
402.1,976.1,500.1
406.0,976.4,500.2
408.1,978.0,501.0
410.1,974.8,499.4
414.0,975.2,499.6
416.1,976.6,500.3
420.1,975.5,499.8
424.0,976.5,500.2
428.0,976.1,500.1
432.0,975.8,499.9
436.1,975.1,499.6
438.1,975.0,499.5
440.1,977.4,500.7
444.0,974.7,499.3
446.1,978.6,501.3
450.1,977.0,500.5
454.0,975.0,499.5
456.1,976.0,500.0
460.0,976.0,500.0
464.1,974.5,499.2
468.0,977.9,501.0
470.0,976.8,500.4
474.1,974.9,499.4
478.1,977.2,500.6
482.0,975.4,499.7
486.0,975.0,499.5
488.1,976.7,500.4
492.0,975.5,499.7
496.0,975.7,499.8
500.0,975.0,499.5
502.0,978.6,501.3
504.0,975.0,499.5
506.1,975.4,499.7
510.1,976.9,500.5
514.0,975.8,499.9
516.1,976.7,500.4
520.0,974.1,499.0
522.1,977.9,501.0
524.1,976.7,500.4
528.1,976.2,500.1
532.0,976.3,500.2
534.0,973.8,498.9
538.1,977.3,500.7
542.0,974.7,499.3
544.0,977.0,500.5
548.1,976.3,500.1
552.0,976.4,500.2
556.0,975.4,499.7
558.0,977.3,500.7
562.0,973.2,498.5
566.0,978.5,501.3
570.0,973.6,498.8
572.1,977.5,500.8
576.0,977.9,501.0
580.0,975.3,499.6
584.0,976.8,500.4
586.1,975.8,499.9
590.0,975.5,499.7
594.0,976.6,500.3
596.0,975.0,499.5
598.1,976.5,500.3
602.1,976.2,500.1
604.1,976.1,500.1
608.1,976.0,500.0
610.1,977.4,500.7
614.0,975.1,499.5
616.1,976.6,500.3
620.0,976.3,500.1
622.0,976.6,500.3
624.1,974.6,499.3
628.1,975.8,499.9
632.1,976.1,500.1
636.0,976.5,500.2
638.0,974.7,499.3
642.0,976.5,500.3
646.0,974.3,499.1
650.0,978.0,501.0
652.1,973.1,498.5
654.1,976.8,500.4
658.1,976.7,500.4
662.1,972.8,498.4
664.1,981.7,502.9
668.0,975.2,499.6
670.0,975.8,499.9
674.1,977.0,500.5
678.1,976.1,500.0
682.1,974.5,499.2
684.1,978.1,501.1
688.0,975.9,499.9
690.0,972.9,498.4
692.0,978.4,501.2
694.1,966.4,495.1
698.1,981.1,502.6
702.1,976.1,500.0
706.0,976.5,500.3
710.0,976.3,500.2
712.0,976.2,500.1
714.1,976.0,500.0
718.0,975.8,499.9
720.1,975.8,499.9
724.0,976.4,500.2
726.1,975.9,499.9
730.1,976.2,500.1
734.0,975.2,499.6
736.0,977.5,500.8
740.0,976.3,500.2
744.1,974.6,499.3
748.0,977.4,500.7
750.0,975.7,499.9
752.1,976.7,500.4
756.0,975.5,499.8
758.0,976.4,500.2
762.0,974.5,499.3
764.1,979.6,501.9
766.1,966.8,495.3
770.1,980.8,502.5
774.0,976.3,500.1
776.1,973.5,498.7
780.0,976.9,500.5
782.0,977.4,500.7
786.1,975.4,499.7
790.0,975.9,499.9
794.1,975.7,499.9
798.1,976.5,500.2
802.1,976.0,500.0
806.1,976.3,500.1
810.1,976.5,500.3
812.1,974.1,499.0
816.0,976.9,500.4
820.0,975.2,499.6
822.1,976.6,500.3
824.1,976.1,500.1
828.0,976.3,500.2
830.1,976.5,500.3
834.0,975.7,499.9
836.1,976.4,500.2
840.0,976.7,500.4
842.0,974.7,499.3
844.1,973.5,498.7
848.0,977.5,500.8
852.0,974.5,499.2
856.1,975.9,499.9
858.1,978.0,501.0
862.1,975.8,499.9
866.1,976.9,500.5
870.0,974.6,499.3
872.1,979.7,501.9
876.0,975.9,500.0
880.0,975.9,499.9
882.1,976.9,500.5
886.0,975.8,499.9
888.1,977.3,500.6
892.1,976.4,500.2
896.1,975.6,499.8
900.1,975.7,499.8
904.0,976.2,500.1
908.1,976.4,500.2
912.0,975.7,499.8
914.0,975.4,499.7
916.0,978.0,501.0
920.1,976.3,500.2
924.1,975.3,499.6
928.1,976.0,500.0
932.1,976.1,500.0
936.0,977.2,500.6
938.1,973.7,498.8
942.1,976.7,500.3
944.1,976.3,500.2
948.0,974.6,499.3
950.0,977.4,500.7
952.0,976.7,500.4
954.1,977.1,500.5
958.0,975.9,500.0
962.0,975.9,499.9
964.1,975.7,499.8
968.1,976.3,500.2
972.1,976.6,500.3
976.0,976.1,500.1
978.1,974.2,499.1
980.1,976.5,500.3
984.0,976.9,500.5
986.0,974.7,499.3
988.0,976.0,500.0
992.0,975.6,499.8
994.0,976.8,500.4
996.1,976.3,500.2
998.1,974.4,499.2
1002.0,976.8,500.4
1004.0,976.8,500.4
1006.1,975.8,499.9
1010.0,976.1,500.1
1012.0,976.5,500.2
1014.1,975.6,499.8
1018.1,976.4,500.2
1022.0,976.5,500.3
1024.1,973.8,498.9
1028.1,976.6,500.3
1030.1,974.6,499.3
1034.1,977.0,500.5
1038.0,975.4,499.7
1042.0,976.3,500.2
1044.1,977.0,500.5
1048.0,976.2,500.1
1050.1,974.9,499.4
1054.0,976.9,500.5
1056.1,973.9,498.9
1060.1,976.7,500.4
1064.0,976.3,500.2
1066.1,974.8,499.4
1070.1,976.8,500.4
1074.1,976.1,500.1
1078.0,976.7,500.4
1080.1,976.3,500.1
1084.0,975.6,499.8
1088.0,975.3,499.6
1090.0,976.6,500.3
1092.0,974.8,499.4
1094.1,978.2,501.1
1098.1,976.1,500.0
1100.1,976.6,500.3
1104.1,975.9,499.9
1106.1,977.1,500.6
1110.0,975.3,499.6
1112.0,977.6,500.8
1116.0,975.6,499.8
1118.0,977.5,500.7
1122.1,976.1,500.1
1126.1,975.8,499.9
1130.1,975.9,499.9
1134.0,976.6,500.3
1138.0,974.3,499.1
1140.1,978.2,501.1
1144.1,976.3,500.2
1146.1,975.4,499.7
1150.1,976.7,500.3
1154.1,976.4,500.2
1158.0,975.5,499.7
1160.1,976.8,500.4
1164.0,975.8,499.9
1166.1,975.7,499.9
1170.0,976.8,500.4
1172.0,975.4,499.7
1174.1,976.8,500.4
1176.1,975.0,499.5
1180.0,975.9,500.0
1182.1,976.8,500.4
1184.1,975.6,499.8
1188.0,975.5,499.7
1190.1,977.9,501.0
1192.1,975.4,499.7
1196.0,975.5,499.8
1200.0,976.2,500.1
1202.0,975.2,499.6
1204.0,977.3,500.7
1206.1,976.0,500.0
1210.1,976.3,500.2
1214.1,974.7,499.3
1218.0,975.4,499.7
1220.0,979.5,501.8
1222.1,973.3,498.6
1224.1,978.0,501.0
1228.0,976.9,500.5
1232.0,975.9,500.0
1234.0,977.2,500.6
1238.1,975.2,499.6
1240.1,973.1,498.5
1244.0,977.9,501.0
1248.1,975.7,499.8
1252.0,975.5,499.8
1256.1,977.4,500.7
1260.1,975.5,499.7
1264.1,976.2,500.1
1268.0,976.2,500.1
1270.0,972.9,498.4
1272.1,977.0,500.5
1276.0,976.6,500.3
1280.1,975.6,499.8
1284.0,976.8,500.4
1286.0,975.5,499.7
1290.0,976.7,500.4
1292.0,972.9,498.4
1294.1,978.4,501.2
1298.0,975.9,500.0
1302.0,975.7,499.9
1306.1,977.1,500.6
1310.1,975.8,499.9
1314.1,976.5,500.3
1318.0,976.2,500.1
1320.1,973.3,498.6
1324.0,976.1,500.0
1326.1,977.2,500.6
1328.1,977.1,500.6
1332.1,975.3,499.7
1336.1,975.6,499.8
1340.0,977.1,500.6
1344.1,976.2,500.1
1348.1,975.9,500.0
1352.0,975.6,499.8
1356.0,976.5,500.3
1358.0,976.5,500.2
1360.1,976.4,500.2
1364.0,976.2,500.1
1368.0,974.0,499.0
1370.0,979.6,501.8
1374.1,977.1,500.6
1378.1,975.5,499.7
1380.1,976.6,500.3
1384.0,975.5,499.7
1386.1,976.1,500.1
1388.1,977.1,500.6
1392.1,973.0,498.5
1394.1,979.5,501.8
1398.0,976.6,500.3
1400.0,976.8,500.4
1404.0,975.3,499.7
1408.0,974.8,499.4
1412.1,975.8,499.9
1416.0,978.4,501.2
1420.0,975.4,499.7
1422.0,976.9,500.5
1424.1,975.8,499.9
1428.1,975.5,499.8
1432.0,976.5,500.3
1434.1,975.8,499.9
1438.1,976.9,500.4
1442.0,975.9,500.0
1444.1,974.8,499.4
1448.0,976.9,500.4
1450.0,973.5,498.7
1454.0,977.1,500.5
1458.1,976.6,500.3
1462.0,976.1,500.0
1466.0,976.5,500.2
1468.1,973.7,498.8
1472.0,974.7,499.3
1474.0,980.1,502.1
1478.0,976.5,500.2
1480.0,974.4,499.2
1482.1,975.3,499.6
1486.1,976.7,500.3
1490.1,976.2,500.1
1494.1,976.0,500.0
1498.0,976.2,500.1
1500.1,973.2,498.6
1504.0,977.6,500.8
1506.0,975.1,499.5
1510.1,976.2,500.1
1512.1,977.5,500.8
1514.1,975.1,499.5
1518.1,976.8,500.4
1522.0,976.3,500.2
1524.0,974.5,499.2
1526.1,976.8,500.4
1530.1,975.7,499.8
1534.0,974.2,499.1
1536.0,980.9,502.5
1538.1,976.4,500.2
1540.1,974.3,499.1
1544.0,977.3,500.7
1548.0,976.4,500.2
1550.0,976.6,500.3
1552.0,975.0,499.5
1556.1,976.9,500.5
1560.0,976.3,500.1
1562.0,975.2,499.6
1566.0,975.1,499.5
1570.0,977.2,500.6
1574.1,975.9,499.9
1578.0,975.6,499.8
1582.1,974.9,499.4
1586.0,977.6,500.8
1588.1,976.2,500.1
1592.0,975.5,499.7
1594.1,976.7,500.4
1598.0,975.1,499.5
1600.1,978.3,501.2
1604.0,974.6,499.3
1606.1,977.9,501.0
1608.1,975.3,499.6
1612.0,976.3,500.2
1616.0,976.8,500.4
1618.1,974.1,499.0
1622.0,977.0,500.5
1624.1,972.7,498.3
1628.0,977.3,500.7
1630.0,975.9,499.9
1634.0,976.5,500.2
1638.0,975.9,499.9
1642.0,975.7,499.9
1644.1,979.4,501.7
1648.0,975.7,499.9
1650.0,975.6,499.8
1652.0,976.4,500.2
1654.0,975.7,499.8
1656.0,975.6,499.8
1660.0,975.9,500.0
1662.1,977.9,501.0
1664.1,974.6,499.3
1668.0,976.3,500.2
1670.1,974.6,499.3
1674.0,977.1,500.6
1676.1,975.2,499.6
1680.1,975.7,499.8
1684.1,977.1,500.6
1688.1,976.4,500.2
1692.0,972.2,498.0
1694.1,981.8,503.0
1698.0,976.2,500.1
1700.1,976.1,500.0
1702.1,976.6,500.3
1706.0,976.0,500.0
1708.0,974.7,499.4
1710.0,977.4,500.7
1712.0,976.4,500.2
1714.1,975.4,499.7
1718.0,976.6,500.3
1720.0,975.3,499.6
1722.1,976.1,500.1
1724.1,977.6,500.8
1728.0,976.0,500.0
1730.1,975.5,499.8
1732.1,976.3,500.1
1736.0,975.8,499.9
1738.1,976.0,500.0
1742.0,976.8,500.4
1744.1,973.8,498.9
1746.1,977.4,500.7
1750.1,976.9,500.5
1754.0,974.9,499.4
1756.1,974.0,499.0
1758.1,966.4,495.1
1762.0,982.9,503.6
1764.0,975.2,499.6
1766.0,975.7,499.8
1768.1,977.9,501.0
1772.0,975.2,499.6
1774.1,977.3,500.7
1776.1,975.2,499.6
1780.1,976.6,500.3
1782.1,975.9,500.0
1786.0,974.7,499.3
1788.0,978.9,501.5
1792.0,975.3,499.6
1794.1,976.4,500.2
1796.1,977.5,500.8
1800.0,976.3,500.1
1802.1,975.7,499.8
1806.1,976.7,500.4
1808.1,974.4,499.2
1812.0,969.8,496.8
1814.0,989.0,506.6
1816.0,975.1,499.5
1818.1,977.1,500.5
1822.0,976.2,500.1
1826.1,976.6,500.3
1830.1,975.4,499.7
1834.1,977.3,500.7
1838.0,975.8,499.9
1840.0,974.9,499.4
1844.0,976.2,500.1
1848.1,976.6,500.3
1850.1,976.0,500.0
1854.1,975.9,500.0
1858.0,977.2,500.6
1860.0,974.7,499.3
1862.1,975.2,499.6
1866.1,977.1,500.6
1870.0,975.4,499.7
1872.1,961.4,492.5
1876.0,982.3,503.2
1878.0,980.7,502.4
1880.1,975.6,499.8
1884.0,975.8,499.9
1888.1,976.5,500.2
1892.1,975.5,499.8
1896.1,976.0,500.0
1900.0,976.7,500.4
1902.0,976.4,500.2
1906.0,976.0,500.0
1908.1,976.6,500.3
1912.0,976.0,500.0
1914.1,976.2,500.1
1918.0,975.8,499.9
1920.0,974.4,499.2
1924.0,978.2,501.1
1926.0,973.9,498.9
1930.1,976.4,500.2
1934.1,975.4,499.7
1938.1,977.3,500.6
1942.0,975.5,499.7
1946.1,975.8,499.9
1950.0,976.1,500.1
1952.1,976.2,500.1
1956.0,976.7,500.4
1958.1,967.0,495.4
1962.0,979.4,501.7
1966.0,976.6,500.3
1970.0,976.2,500.1
1972.0,977.0,500.5
1974.1,976.8,500.4
1976.1,974.0,499.0
1980.1,975.5,499.8
1984.1,973.9,498.9
1988.0,979.1,501.6
1990.0,975.1,499.5
1994.0,976.5,500.3
1998.1,976.5,500.2
2000.1,973.9,498.9
2004.0,976.6,500.3
2006.1,975.9,500.0
2010.0,976.2,500.1
2012.0,974.5,499.3
2016.1,976.5,500.3
2018.1,977.1,500.6
2022.1,974.4,499.2
2026.0,977.9,501.0
2028.0,975.4,499.7
2032.0,975.8,499.9
2034.0,972.7,498.3
2038.0,977.9,501.0
2040.1,969.1,496.5
2044.0,979.1,501.6
2046.1,976.7,500.3
2050.0,976.3,500.2
2054.0,975.9,499.9
2056.1,976.6,500.3
2060.0,975.7,499.8
2062.1,976.1,500.1
2064.1,972.5,498.2
2068.1,977.3,500.7
2072.1,975.9,499.9
2076.0,976.9,500.5
2078.1,977.1,500.5
2082.0,975.4,499.7
2086.0,976.7,500.4
2088.0,976.0,500.0
2092.0,976.1,500.0
2094.1,975.8,499.9
2098.0,977.0,500.5
2100.0,974.8,499.4
2102.1,975.5,499.7
2106.0,974.5,499.2
2108.0,979.1,501.6
2110.0,973.1,498.5
2112.1,955.8,489.7
2116.0,961.6,492.6
2118.1,974.6,499.3
2122.0,975.6,499.8
2126.0,976.6,500.3
2128.0,976.7,500.4
2130.0,976.5,500.3
2132.1,975.9,500.0
2136.0,976.4,500.2
2138.0,976.4,500.2
2142.0,976.3,500.1
2144.1,975.6,499.8
2148.0,975.8,499.9
2150.1,977.3,500.7
2154.0,975.8,499.9
2156.1,978.0,501.0
2160.1,975.8,499.9
2164.0,976.1,500.1
2166.0,976.9,500.4
2168.1,974.3,499.1
2170.1,976.7,500.4
2174.0,975.4,499.7
2176.0,975.3,499.6
2178.1,975.8,499.9
2182.1,977.1,500.5
2186.1,975.5,499.7
2190.0,977.1,500.6
2192.1,975.4,499.7
2196.1,976.3,500.1
2200.0,976.1,500.1
2202.1,977.2,500.6
2206.1,973.7,498.8
2210.0,977.6,500.8
2212.1,975.0,499.5
2216.1,977.4,500.7
2218.1,976.7,500.4
2220.1,974.5,499.2
2224.0,976.6,500.3
2226.0,975.7,499.8
2228.0,974.5,499.2
2230.1,974.5,499.2
2232.1,975.6,499.8
2236.0,977.1,500.6
2238.1,976.0,500.0
2242.0,976.7,500.4
2244.1,978.2,501.1
2246.1,974.8,499.4
2250.0,976.0,500.0
2254.0,976.5,500.3
2258.0,975.5,499.7
2260.0,977.8,500.9
2264.0,975.4,499.7
2268.0,976.5,500.3
2272.0,976.0,500.0
2274.1,976.1,500.1
2276.1,976.2,500.1
2280.0,975.6,499.8
2282.0,977.4,500.7
2286.1,971.6,497.7
2288.1,980.8,502.4
2292.1,976.8,500.4
2296.1,976.3,500.2
2300.0,976.7,500.4
2304.1,974.2,499.1
2308.1,976.7,500.4
2312.0,977.8,500.9
2316.0,973.3,498.6
2320.0,978.6,501.3
2322.1,977.7,500.9
2326.0,975.0,499.5
2330.1,976.5,500.3
2332.1,975.5,499.8
2336.0,976.6,500.3
2338.1,973.0,498.5
2342.0,977.8,500.9
2344.0,975.1,499.5
2348.0,977.5,500.8
2350.1,973.4,498.7
2354.0,974.9,499.4
2356.0,979.9,502.0
2358.0,972.5,498.2
2360.0,979.5,501.8
2364.1,975.2,499.6
2368.1,977.3,500.6
2370.1,975.7,499.8
2372.1,975.6,499.8
2376.1,976.2,500.1
2380.0,976.1,500.0
2382.0,976.5,500.2
2384.0,976.1,500.0
2386.1,977.5,500.8
2390.1,975.7,499.8
2394.0,975.9,500.0
2396.0,976.6,500.3
2400.0,975.4,499.7
2404.0,976.0,500.0
2406.0,977.3,500.6
2410.0,976.2,500.1
2412.0,976.0,500.0
2416.0,974.8,499.4
2420.1,975.1,499.5
2424.1,977.8,500.9
2428.0,975.7,499.9
2432.0,975.8,499.9
2436.0,976.8,500.4
2438.1,976.0,500.0
2442.0,976.3,500.2
2446.1,976.1,500.1
2450.0,976.4,500.2
2454.0,975.4,499.7
2456.1,973.8,498.9
2458.1,979.8,501.9
2462.0,975.6,499.8
2466.0,977.0,500.5
2468.0,974.4,499.2
2470.1,972.3,498.1
2474.0,978.9,501.5
2476.0,975.3,499.6
2478.1,976.4,500.2
2480.1,975.9,499.9
2484.1,976.1,500.1
2486.1,976.0,500.0
2488.1,976.6,500.3
2492.1,975.6,499.8
2496.0,977.3,500.7
2498.1,973.9,498.9
2502.0,976.4,500.2
2504.1,976.2,500.1
2508.1,976.5,500.3
2512.0,976.1,500.1
2514.1,976.0,500.0
2516.1,970.9,497.4
2520.0,979.2,501.6
2522.1,976.1,500.1
2526.0,975.8,499.9
2528.1,976.2,500.1
2532.1,976.4,500.2
2536.0,975.4,499.7
2540.1,976.5,500.3
2544.0,976.2,500.1
2546.0,976.6,500.3
2548.1,976.2,500.1
2552.0,976.5,500.3
2556.0,976.4,500.2
2558.1,973.7,498.8
2562.1,976.4,500.2
2566.0,976.5,500.3
2568.1,974.9,499.5
2572.1,976.1,500.1
2576.0,976.5,500.3
2580.0,975.9,500.0
2584.1,976.0,500.0
2588.0,976.4,500.2
2590.1,975.7,499.8
2594.1,976.2,500.1
2598.1,975.1,499.5
2600.1,979.4,501.7
2602.1,973.8,498.9
2604.1,978.3,501.2
2608.1,975.3,499.7
2612.1,976.0,500.0
2614.1,976.8,500.4
2618.1,975.5,499.7
2622.0,977.3,500.7
2624.0,974.0,499.0
2628.1,977.8,500.9
2632.0,975.2,499.6
2634.0,974.2,499.1
2638.0,977.6,500.8
2640.0,975.0,499.5
2642.0,977.8,500.9
2646.0,975.8,499.9
2650.1,976.4,500.2
2652.1,973.9,498.9
2656.0,975.8,499.9
2658.1,974.3,499.1
2660.1,979.2,501.7
2664.0,976.2,500.1
2666.0,976.7,500.4
2670.0,975.1,499.6
2672.0,975.2,499.6
2674.0,976.6,500.3
2678.0,976.7,500.4
2680.1,975.9,500.0
2684.1,976.5,500.2
2688.1,975.8,499.9
2692.0,975.7,499.9
2696.0,976.1,500.0
2698.0,977.1,500.6
2702.0,975.3,499.6
2704.1,974.5,499.2
2708.0,976.8,500.4
2710.0,978.0,501.0
2714.1,975.7,499.8
2718.1,975.3,499.6
2722.0,975.4,499.7
2726.0,978.3,501.2
2728.0,972.8,498.3
2732.0,976.2,500.1
2734.1,978.8,501.4
2738.1,975.4,499.7
2740.1,973.7,498.8
2744.0,977.4,500.7
2746.0,976.8,500.4
2750.0,975.8,499.9
2752.0,975.0,499.5
2756.1,977.3,500.7
2760.0,976.3,500.1
2762.1,972.1,498.0
2766.0,976.9,500.5
2770.0,976.4,500.2
2772.1,977.1,500.6
2776.0,976.2,500.1
2778.1,971.7,497.8
2782.0,977.0,500.5
2784.0,976.7,500.4
2788.0,976.1,500.0
2792.1,975.8,499.9
2794.1,977.9,501.0
2798.0,974.6,499.3
2800.1,976.8,500.4
2804.0,976.8,500.4
2806.1,977.0,500.5
2810.1,976.0,500.0
2814.0,975.7,499.8
2816.0,976.6,500.3
2818.0,975.7,499.8
2822.0,976.3,500.2
2824.1,977.4,500.7
2828.0,975.5,499.7
2830.1,975.5,499.8
2834.0,976.7,500.4
2838.0,975.9,499.9
2840.1,976.8,500.4
2844.0,975.8,499.9
2848.1,976.4,500.2
2852.1,976.5,500.3
2854.1,974.1,499.0
2858.0,977.1,500.6
2862.1,975.7,499.9
2864.1,976.5,500.2
2868.1,975.4,499.7
2870.1,977.1,500.6
2874.0,975.6,499.8
2876.1,976.5,500.3
2880.1,976.7,500.3
2882.1,970.3,497.1
2886.0,979.3,501.7
2888.0,974.2,499.1
2892.0,976.1,500.0
2896.0,976.2,500.1
2900.0,976.8,500.4
2902.0,975.8,499.9
2904.1,977.0,500.5
2908.0,976.3,500.1
2910.1,975.8,499.9
2914.0,976.1,500.0
2918.0,976.1,500.0
2922.1,975.3,499.7
2926.0,976.9,500.4
2928.1,972.8,498.4
2932.0,978.2,501.1
2934.0,972.5,498.2
2938.1,977.8,500.9
2942.1,975.1,499.6
2946.1,976.4,500.2
2950.0,976.0,500.0
2954.1,975.6,499.8
2958.0,976.4,500.2
2960.0,977.3,500.7
2962.1,975.4,499.7
2964.1,973.0,498.5
2966.1,979.5,501.8
2970.0,976.8,500.4
2972.1,974.1,499.1
2976.1,975.8,499.9
2980.0,977.1,500.5
2984.0,975.9,500.0
2986.0,976.4,500.2
2990.0,976.4,500.2
2992.1,974.3,499.1
2996.1,976.2,500.1
3000.1,977.0,500.5
3004.1,976.2,500.1
3008.0,976.1,500.1
3010.1,977.2,500.6
3014.1,971.0,497.4
3018.0,980.5,502.3
3020.1,977.4,500.7
3024.1,975.4,499.7
3028.0,976.9,500.5
3030.0,968.9,496.3
3032.0,981.8,503.0
3036.0,975.7,499.8
3038.1,974.6,499.3
3042.0,976.6,500.3
3046.0,977.1,500.5
3048.0,975.8,499.9
3052.0,975.6,499.8
3054.1,973.5,498.7
3058.1,977.2,500.6
3062.0,975.1,499.5
3064.0,979.2,501.7
3068.1,976.1,500.1
3070.1,977.6,500.8
3072.1,973.5,498.7
3076.1,975.1,499.5
3078.1,978.7,501.4
3082.1,975.6,499.8
3086.0,975.8,499.9
3090.1,976.7,500.3
3094.0,976.5,500.3
3096.1,976.7,500.4
3100.1,975.2,499.6
3102.1,977.5,500.8
3106.0,975.9,500.0
3110.0,976.2,500.1
3112.1,976.8,500.4
3116.0,976.6,500.3
3118.0,976.3,500.2
3122.0,975.7,499.9
3124.0,975.8,499.9
3126.1,976.4,500.2
3130.1,976.5,500.2
3134.0,975.2,499.6
3136.1,976.9,500.4
3140.1,975.9,500.0
3144.1,976.9,500.4
3148.0,976.3,500.2
3150.1,975.6,499.8
3154.0,975.9,499.9
3156.0,975.9,499.9
3158.0,976.3,500.2
3160.1,974.7,499.3
3164.0,976.8,500.4
3168.1,976.8,500.4
3172.0,975.4,499.7
3174.0,975.7,499.9
3178.1,977.0,500.5
3182.1,975.6,499.8
3184.1,975.7,499.9
3188.1,976.8,500.4
3192.1,974.0,499.0
3194.1,922.5,472.6
3196.1,978.6,501.3
3200.0,975.9,499.9
3202.0,977.4,500.7
3206.0,976.2,500.1
3208.1,976.7,500.4
3212.1,975.2,499.6
3216.1,976.6,500.3
3220.0,976.5,500.2
3222.0,975.6,499.8
3226.1,976.6,500.3
3228.1,974.8,499.4
3232.1,976.1,500.1
3236.1,976.7,500.4
3240.1,976.3,500.1
3244.1,976.8,500.4
3248.0,975.8,499.9
3250.1,973.5,498.7
3254.0,977.1,500.6
3256.1,973.1,498.5
3258.1,978.3,501.2
3260.1,977.2,500.6
3264.0,976.7,500.4
3266.0,975.8,499.9
3268.0,975.2,499.6
3272.0,977.3,500.7
3274.1,974.4,499.2
3278.1,974.8,499.4
3282.0,976.5,500.2
3286.0,977.1,500.6
3290.0,976.2,500.1
3292.0,976.6,500.3
3296.1,976.4,500.2
3300.1,975.6,499.8
3304.1,976.8,500.4
3308.0,975.1,499.5
3312.0,976.3,500.2
3314.1,970.6,497.2
3318.0,979.0,501.5
3322.0,976.1,500.1
3326.1,976.0,500.0
3330.1,976.2,500.1
3334.0,976.5,500.3
3338.1,976.6,500.3
3342.1,976.0,500.0
3346.0,975.2,499.6
3348.0,978.9,501.5
3350.0,974.1,499.1
3354.1,977.1,500.6
3358.0,976.1,500.1
3362.0,975.5,499.8
3366.0,976.0,500.0
3370.1,975.0,499.5
3374.1,977.4,500.7
3378.0,976.4,500.2
3380.1,972.8,498.4
3384.1,977.1,500.6
3388.0,977.6,500.8
3390.0,975.4,499.7
3394.0,974.9,499.5
3396.0,977.3,500.6
3400.0,976.4,500.2
3402.1,976.5,500.3
3404.1,977.6,500.8
3406.1,974.7,499.3
3410.0,972.6,498.3
3414.1,979.9,502.0
3416.1,975.2,499.6
3420.0,976.3,500.2
3424.0,976.6,500.3
3426.1,976.5,500.2
3430.0,975.7,499.9
3432.0,976.1,500.0
3434.1,976.7,500.4
3438.0,974.8,499.4
3442.0,977.1,500.6
3446.0,976.3,500.1
3448.1,972.7,498.3
3452.1,978.1,501.1
3456.0,976.2,500.1
3460.0,975.5,499.8
3462.0,976.6,500.3
3466.0,976.9,500.5
3468.0,975.1,499.6
3472.0,974.3,499.1
3474.1,979.6,501.8
3478.1,976.3,500.1
3482.0,974.9,499.4
3486.1,976.9,500.5
3490.0,976.3,500.2
3492.0,977.2,500.6
3494.0,975.0,499.5
3498.1,975.9,500.0
3502.0,975.4,499.7
3506.1,975.4,499.7
3510.1,978.0,501.0
3514.0,976.7,500.4
3516.0,975.0,499.5
3520.0,976.9,500.4
3522.0,974.7,499.3
3526.1,976.4,500.2
3528.1,975.7,499.8
3530.1,978.4,501.2
3534.1,975.3,499.7
3538.0,976.4,500.2
3540.1,975.5,499.7
3544.0,976.5,500.2
3548.1,976.3,500.2
3552.1,975.7,499.8
3554.1,976.8,500.4
3558.0,975.5,499.7
3560.1,978.1,501.1
3564.0,976.0,500.0
3568.0,976.0,500.0
3570.1,976.7,500.4
3574.1,975.9,500.0
3578.1,975.2,499.6
3582.0,976.2,500.1
3584.1,977.7,500.9
3588.1,975.9,499.9
3592.1,975.1,499.5
3596.1,976.3,500.1
3600.0,976.9,500.4
3604.0,975.9,499.9
3606.1,976.1,500.0
3610.0,976.2,500.1
3614.1,974.2,499.1
3618.1,972.5,498.2
3622.1,981.0,502.6
3626.0,976.9,500.4
3628.1,972.4,498.2
3632.0,976.8,500.4
3634.0,977.4,500.7
3636.1,974.6,499.3
3640.0,975.6,499.8
3644.1,977.1,500.6
3648.1,976.3,500.1
3652.0,975.1,499.5
3656.1,976.6,500.3
3660.1,976.6,500.3
3664.0,975.7,499.8
3666.0,976.4,500.2
3668.1,975.9,500.0
3670.1,976.3,500.2
3674.1,974.9,499.5
3678.0,976.3,500.2
3682.0,976.8,500.4
3684.1,974.2,499.1
3688.1,977.1,500.5
3692.1,975.6,499.8
3696.1,974.1,499.0
3698.1,980.1,502.1
3702.0,975.6,499.8
3704.0,978.0,501.0
3708.0,975.9,500.0
3712.1,976.0,500.0
3716.0,975.6,499.8
3718.1,976.3,500.2
3722.1,976.9,500.4
3726.1,975.5,499.8
3730.1,976.6,500.3
3734.0,974.8,499.4
3736.0,976.4,500.2
3738.0,976.7,500.3
3740.1,976.7,500.4
3744.0,975.3,499.6
3746.1,975.8,499.9
3750.0,976.1,500.1
3752.1,974.4,499.2
3756.0,976.9,500.5
3758.1,975.4,499.7
3762.0,975.0,499.5
3764.0,977.7,500.9
3766.1,973.1,498.5
3770.0,978.7,501.4
3772.0,973.6,498.7
3776.1,976.7,500.3
3780.0,975.4,499.7
3784.0,976.0,500.0
3786.0,977.8,500.9
3790.0,973.1,498.5
3792.1,980.0,502.1
3796.0,975.9,500.0
3798.0,974.7,499.3
3800.0,977.0,500.5
3804.0,976.3,500.1
3808.0,975.9,500.0
3810.1,974.9,499.4
3812.1,976.4,500.2
3816.1,976.6,500.3
3820.0,976.0,500.0
3822.1,975.4,499.7
3824.1,974.6,499.3
3828.0,975.9,500.0
3832.0,976.9,500.5
3834.0,977.7,500.8
3838.0,975.1,499.5
3842.1,975.4,499.7
3846.1,977.2,500.6
3850.0,976.1,500.0
3852.0,975.4,499.7
3854.1,916.1,469.3
3858.1,979.1,501.6
3862.0,976.1,500.0
3866.1,977.3,500.6
3870.0,975.6,499.8
3874.0,976.1,500.0
3876.0,977.5,500.8
3878.0,975.4,499.7
3882.0,976.0,500.0
3886.0,975.4,499.7
3890.1,974.7,499.4
3892.1,980.1,502.1
3896.0,975.7,499.8
3898.1,975.5,499.7
3902.0,976.2,500.1
3906.0,976.7,500.4
3908.0,976.2,500.1
3912.1,975.7,499.9
3914.1,964.1,493.9
3918.0,982.3,503.2
3920.1,975.1,499.5
3924.0,976.0,500.0
3926.1,977.2,500.6
3930.0,976.3,500.2
3932.0,974.6,499.3
3934.1,976.2,500.1
3938.0,976.2,500.1
3940.0,975.5,499.7
3944.0,976.7,500.3
3948.0,975.6,499.8
3952.0,976.6,500.3
3954.1,976.6,500.3
3958.0,976.1,500.1
3960.1,974.4,499.2
3962.1,973.9,498.9
3966.0,977.4,500.7
3968.1,978.1,501.1
3972.0,975.0,499.5
3974.0,968.8,496.3
3976.0,984.7,504.5
3978.1,971.6,497.7
3982.1,977.3,500.7
3986.1,976.7,500.3
3990.0,976.3,500.2
3992.0,976.6,500.3
3996.1,976.4,500.2
3998.1,976.4,500.2
4002.0,974.8,499.4
4004.0,977.4,500.7
4008.1,976.5,500.2
4012.0,975.8,499.9
4014.0,977.9,501.0
4018.1,975.1,499.5
4020.1,977.8,500.9
4024.0,975.0,499.5
4028.0,975.4,499.7
4030.1,979.1,501.6
4034.1,968.4,496.1
4038.0,956.5,490.0
4042.0,976.1,500.1
4046.0,976.1,500.1
4048.0,976.4,500.2
4050.0,975.4,499.7
4054.0,976.1,500.0
4058.1,976.0,500.0
4062.0,976.4,500.2
4064.0,972.9,498.4
4066.0,978.7,501.4
4070.0,975.8,499.9
4074.1,976.8,500.4
4078.0,976.5,500.2
4080.0,976.7,500.3
4084.0,975.8,499.9
4086.0,976.0,500.0
4088.0,977.9,501.0
4090.0,970.0,496.9
4094.0,972.4,498.2
4098.0,982.1,503.1
4102.1,975.3,499.6
4106.1,975.9,499.9
4110.0,974.8,499.4
4114.0,977.7,500.9
4116.1,977.7,500.9
4120.0,975.8,499.9
4122.1,975.4,499.7
4126.0,976.3,500.1
4128.0,975.0,499.5
4130.1,976.9,500.4
4134.1,976.6,500.3
4138.1,975.3,499.6
4142.0,975.4,499.7
4144.1,978.6,501.3
4146.1,976.3,500.2
4148.1,970.6,497.2
4152.1,978.9,501.5
4156.0,975.7,499.9
4158.0,974.3,499.1
4160.1,977.9,501.0
4164.1,975.8,499.9
4166.1,978.1,501.1
4170.0,975.5,499.8
4172.1,976.0,500.0
4176.0,975.9,500.0
4178.1,976.4,500.2
4182.1,976.5,500.3
4186.0,976.1,500.0
4190.0,976.5,500.3
4194.1,975.9,500.0
4196.1,972.6,498.2
4198.1,980.1,502.1
4202.0,975.8,499.9
4206.1,975.8,499.9
4208.1,977.1,500.5
4212.1,973.5,498.7
4216.0,951.7,487.5
4220.1,974.9,499.4
4224.0,977.1,500.6
4226.1,975.0,499.5
4230.0,975.0,499.5
4232.1,978.1,501.1
4236.1,976.7,500.4
4240.1,976.2,500.1
4244.0,975.5,499.7
4246.0,977.2,500.6
4248.1,975.5,499.7
4252.0,976.0,500.0
4254.1,976.1,500.1
4258.1,976.0,500.0
4262.0,976.4,500.2
4266.1,975.5,499.7
4270.1,976.1,500.1
4274.1,973.9,498.9
4278.0,976.9,500.5
4280.0,977.8,500.9
4282.1,976.5,500.3
4286.0,976.1,500.1
4288.1,977.4,500.7
4292.0,975.6,499.8
4294.0,976.5,500.2
4298.0,975.7,499.8
4300.0,973.8,498.9
4302.1,979.6,501.8
4306.0,975.8,499.9
4308.0,975.0,499.5
4310.1,974.4,499.2
4314.1,977.5,500.7
4318.0,976.0,500.0
4320.1,976.9,500.5
4324.0,975.3,499.6
4328.1,976.7,500.4
4332.0,976.3,500.1
4334.0,972.3,498.1
4336.0,979.1,501.6
4340.1,973.8,498.9
4344.1,978.7,501.4
4348.0,975.9,499.9
4350.0,976.2,500.1
4352.1,974.1,499.1
4356.0,978.2,501.1
4358.0,974.9,499.4
4362.1,976.2,500.1
4366.0,976.6,500.3
4370.1,975.7,499.9
4374.0,976.0,500.0
4376.1,975.5,499.7
4380.0,977.0,500.5
4382.0,974.2,499.1
4384.1,977.1,500.6
4388.0,977.1,500.6
4390.1,974.7,499.3
4394.1,973.4,498.7
4398.0,978.7,501.4
4402.1,976.0,500.0
4406.1,977.1,500.6
4410.0,975.6,499.8
4414.0,976.0,500.0
4416.0,976.6,500.3
4418.1,975.4,499.7
4420.1,976.5,500.2
4424.1,975.2,499.6
4426.1,979.1,501.6
4430.0,975.6,499.8
4432.0,976.8,500.4
4434.1,974.0,499.0
4438.1,977.0,500.5
4442.0,975.5,499.8
4446.0,976.3,500.2
4450.0,975.8,499.9
4452.0,976.3,500.1
4456.0,975.6,499.8
4458.1,977.6,500.8
4462.0,975.3,499.6
4466.1,975.9,500.0
4470.0,976.5,500.3
4472.0,976.6,500.3
4476.1,975.6,499.8
4478.1,974.6,499.3
4482.1,977.7,500.9
4486.0,976.0,500.0
4488.0,975.5,499.8
4490.0,974.4,499.2
4494.0,977.1,500.6
4496.0,975.6,499.8
4498.1,975.6,499.8
4502.0,976.9,500.4
4504.1,975.6,499.8
4508.1,976.4,500.2
4512.1,976.2,500.1
4516.1,922.1,472.4
4520.1,976.6,500.3
4524.1,975.8,499.9
4528.1,975.7,499.8
4530.1,977.4,500.7
4534.0,976.3,500.2
4536.1,972.6,498.3
4540.0,977.3,500.7
4542.1,976.5,500.2
4546.1,976.4,500.2
4550.0,976.0,500.0
4552.0,976.0,500.0
4554.1,976.8,500.4
4558.1,975.9,499.9
4560.1,976.7,500.3
4564.1,976.3,500.2
4568.0,976.2,500.1
4572.0,976.7,500.3
4574.0,973.8,498.9
4578.0,976.7,500.4
4580.1,976.3,500.2
4584.1,976.1,500.1
4586.1,975.5,499.7
4590.0,974.7,499.4
4592.1,978.5,501.3
4596.1,976.7,500.3
4598.1,976.7,500.4
4602.1,975.6,499.8
4606.0,975.8,499.9
4608.0,976.4,500.2
4610.1,976.3,500.1
4614.0,976.5,500.3
4616.1,970.7,497.3
4618.1,982.8,503.5
4620.1,975.5,499.7
4624.1,976.1,500.1
4628.0,975.9,500.0
4630.1,975.3,499.7
4632.1,976.7,500.4
4636.0,975.4,499.7
4638.1,975.9,499.9
4642.0,977.1,500.6
4644.1,974.8,499.4
4646.1,974.5,499.2
4650.1,976.9,500.5
4654.1,976.5,500.2
4658.1,975.5,499.8
4662.1,975.5,499.7
4666.0,976.7,500.3
4670.0,975.7,499.8
4672.0,975.9,499.9
4676.0,976.6,500.3
4678.1,975.0,499.5
4682.0,976.7,500.3
4684.0,975.9,499.9
4686.0,975.7,499.8
4690.0,976.0,500.0
4694.0,976.7,500.4
4696.0,974.0,499.0
4700.1,976.6,500.3
4704.1,975.7,499.8
4708.0,976.3,500.1
4712.1,975.8,499.9
4716.0,977.0,500.5
4720.1,976.0,500.0
4724.1,976.0,500.0
4728.0,976.2,500.1
4732.0,975.7,499.9
4734.1,976.4,500.2
4736.1,975.7,499.8
4740.1,975.4,499.7
4744.1,976.7,500.4
4748.0,976.6,500.3
4750.0,974.0,499.0
4754.1,976.8,500.4
4758.0,976.0,500.0
4760.0,976.6,500.3
4762.0,973.6,498.8
4766.1,977.0,500.5
4770.1,976.5,500.3
4774.0,975.8,499.9
4776.0,976.9,500.5
4778.0,975.5,499.8
4782.0,975.5,499.7
4784.1,977.0,500.5
4788.0,974.1,499.0
4790.0,979.9,502.0
4792.1,974.5,499.2
4796.0,975.2,499.6
4800.0,975.8,499.9
4804.0,977.8,500.9
4806.0,976.6,500.3
4808.0,976.5,500.3
4810.1,975.1,499.5
4814.1,976.4,500.2
4818.0,974.6,499.3
4820.1,977.9,501.0
4822.1,978.7,501.4
4826.0,975.6,499.8
4828.0,976.1,500.1
4832.1,975.8,499.9
4836.0,976.0,500.0
4840.1,975.5,499.8
4844.0,976.7,500.3
4846.1,977.6,500.8
4850.0,975.0,499.5
4852.1,977.6,500.8
4856.0,976.2,500.1
4860.0,973.1,498.5
4862.1,983.0,503.6
4866.1,976.3,500.1
4870.0,975.5,499.8
4874.0,977.2,500.6
4876.1,974.5,499.2
4880.0,976.8,500.4
4882.1,971.0,497.4
4886.0,978.5,501.3
4890.1,975.2,499.6
4894.0,978.0,501.0
4896.0,975.3,499.6
4898.0,976.5,500.3
4902.0,976.1,500.0
4906.1,975.7,499.8
4910.0,975.2,499.6
4912.0,978.9,501.5
4916.1,975.1,499.5
4920.0,977.2,500.6
4922.1,975.6,499.8
4926.0,976.6,500.3
4928.1,975.2,499.6
4930.1,973.4,498.7
4934.0,977.3,500.7
4936.0,923.2,473.0
4938.1,977.7,500.9
4942.0,975.4,499.7
4944.1,977.0,500.5
4948.0,973.4,498.6
4950.1,980.8,502.5
4954.0,975.8,499.9
4958.1,976.8,500.4
4962.0,975.1,499.5
4964.1,977.0,500.5
4966.1,976.8,500.4
4970.0,976.2,500.1
4974.1,976.3,500.1
4978.0,975.8,499.9
4980.1,975.7,499.8
4984.0,975.9,500.0
4986.0,976.9,500.5
4988.1,975.1,499.5
4992.1,977.5,500.8
4994.1,973.2,498.6
4998.0,976.2,500.1
5002.0,976.4,500.2
5006.0,975.8,499.9
5008.0,977.4,500.7
5012.0,975.7,499.8
5016.1,976.0,500.0
5020.1,976.9,500.5
5024.1,975.6,499.8
5028.0,975.9,499.9
5030.0,977.7,500.9
5032.0,974.8,499.4
5036.1,976.7,500.4
5040.1,976.8,500.4
5044.0,975.6,499.8
5046.1,977.5,500.8
5050.0,975.4,499.7
5052.0,977.4,500.7
5054.0,975.3,499.6
5056.1,975.8,499.9
5058.1,976.4,500.2
5062.0,976.5,500.3
5064.1,975.8,499.9
5068.1,974.7,499.4
5072.1,975.8,499.9
5074.1,978.8,501.4
5078.1,976.3,500.1
5080.1,975.0,499.5
5084.0,977.0,500.5
5086.0,974.3,499.1
5090.1,977.4,500.7
5092.1,976.5,500.3
5096.0,976.6,500.3
5100.0,975.6,499.8
5102.0,972.4,498.1
5106.0,977.9,501.0
5108.1,976.5,500.2
5112.0,976.4,500.2
5116.1,976.5,500.2
5120.0,976.2,500.1
5124.0,975.0,499.5
5128.1,975.6,499.8
5130.1,975.6,499.8
5134.0,977.4,500.7
5138.1,977.2,500.6
5142.0,974.2,499.1
5144.0,974.8,499.4
5146.1,980.6,502.3
5150.0,975.9,500.0
5152.1,975.3,499.7
5156.0,976.4,500.2
5158.1,977.1,500.5
5162.0,976.1,500.0
5164.0,976.3,500.1
5166.1,976.4,500.2
5170.0,976.5,500.3
5172.1,976.4,500.2
5176.0,974.6,499.3
5178.1,978.1,501.1
5182.1,976.2,500.1
5184.1,971.5,497.7
5188.1,977.5,500.8
5192.1,976.7,500.3
5196.0,976.3,500.1
5200.1,977.1,500.5
5204.0,975.9,499.9
5206.0,976.2,500.1
5208.1,976.6,500.3
5212.0,976.2,500.1
5214.0,976.1,500.1
5218.0,975.8,499.9
5222.1,976.3,500.2
5226.1,976.5,500.3
5228.1,977.4,500.7
5232.0,974.4,499.2
5236.0,976.7,500.3
5238.0,977.9,501.0
5240.1,970.7,497.3
5244.1,977.5,500.7
5248.0,977.4,500.7
5250.1,976.3,500.2
5252.1,976.1,500.0
5256.0,975.8,499.9
5258.0,974.8,499.4
5260.0,974.9,499.4
5264.1,977.5,500.8
5268.1,976.0,500.0
5272.0,976.0,500.0
5274.0,975.8,499.9
5276.1,976.4,500.2
5280.0,975.8,499.9
5284.0,976.6,500.3
5286.0,976.6,500.3
5290.1,976.1,500.1
5294.1,975.9,500.0
5298.0,944.5,483.8
5300.1,976.3,500.1
5302.1,976.6,500.3
5306.1,974.6,499.3
5310.0,977.9,501.0
5314.1,976.3,500.2
5318.0,975.8,499.9
5322.0,975.6,499.8
5324.1,973.4,498.7
5328.0,978.5,501.3
5330.0,972.7,498.3
5332.1,978.8,501.4
5336.0,976.7,500.4
5338.0,974.9,499.4
5340.1,975.3,499.7
5344.1,975.8,499.9
5348.0,977.0,500.5
5352.0,973.6,498.8
5356.0,978.5,501.3
5358.1,972.6,498.3
5362.0,978.0,501.0
5364.1,975.2,499.6
5368.0,975.4,499.7
5372.1,977.2,500.6
5376.1,974.2,499.1
5380.0,978.2,501.1
5384.0,976.0,500.0
5386.0,975.7,499.8
5388.1,976.1,500.1
5392.1,976.5,500.3
5396.0,976.2,500.1
5400.0,976.5,500.2
5402.1,977.1,500.6
5404.1,974.0,499.0
5408.1,976.9,500.5
5412.0,976.3,500.2
5414.1,975.2,499.6
5418.1,976.4,500.2
5422.0,975.9,500.0
5426.1,976.6,500.3
5430.0,976.4,500.2
5434.0,976.2,500.1
5436.0,975.1,499.6
5438.1,977.0,500.5
5442.0,976.0,500.0
5444.1,974.6,499.3
5448.1,977.6,500.8
5452.1,948.6,486.0
5454.1,974.4,499.2
5456.1,976.9,500.4
5460.1,975.9,500.0
5464.1,975.7,499.9
5468.1,976.7,500.3
5472.1,976.8,500.4
5476.0,976.0,500.0
5478.1,976.1,500.0
5482.0,975.3,499.6
5484.0,978.6,501.3
5486.1,974.7,499.3
5490.0,977.2,500.6
5492.1,975.3,499.6
5496.0,975.8,499.9
5498.0,977.6,500.8
5502.1,975.1,499.5
5506.1,976.5,500.3
5508.1,975.3,499.6
5512.1,977.2,500.6
5516.0,976.3,500.2
5518.1,976.6,500.3
5522.1,975.9,499.9
5526.0,973.8,498.8
5530.0,979.2,501.6
5532.0,975.5,499.7
5534.1,976.8,500.4
5538.0,947.8,485.6
5540.0,972.8,498.4
5542.0,979.9,502.0
5544.1,976.0,500.0
5546.1,974.8,499.4
5550.0,977.1,500.6
5552.0,976.1,500.1
5556.0,976.5,500.3
5558.0,974.0,499.0
5560.1,978.0,501.0
5564.0,976.6,500.3
5568.1,975.7,499.8
5572.1,976.1,500.0
5576.0,976.0,500.0
5580.0,975.2,499.6
5582.0,980.1,502.1
5586.1,976.0,500.0
5590.0,976.0,500.0
5594.0,976.4,500.2
5598.0,976.0,500.0
5600.1,978.4,501.2
5604.0,975.0,499.5
5606.1,976.8,500.4
5610.1,976.1,500.0
5614.1,976.1,500.0
5618.0,977.8,500.9
5622.0,976.3,500.1
5624.1,974.6,499.3
5626.1,978.0,501.0
5630.0,975.1,499.5
5634.0,976.5,500.3
5638.0,975.5,499.8
5640.1,976.6,500.3
5642.1,977.0,500.5
5646.0,976.1,500.1
5650.0,976.3,500.2
5652.0,976.9,500.5
5654.1,974.9,499.4
5658.1,976.6,500.3
5660.1,971.0,497.4
5664.0,979.0,501.5
5666.0,975.9,500.0
5668.0,975.4,499.7
5672.0,976.4,500.2
5674.1,977.9,500.9
5678.0,975.6,499.8
5680.1,976.5,500.2
5684.1,975.0,499.5
5688.0,977.2,500.6
5690.1,976.5,500.3
5694.0,976.3,500.2
5698.1,976.0,500.0
5700.1,975.9,500.0
5704.0,976.8,500.4
5708.0,974.9,499.4
5710.0,977.8,500.9
5712.0,976.6,500.3
5714.1,970.5,497.2
5718.0,951.1,487.3
5720.0,976.6,500.3
5724.0,977.0,500.5
5726.1,974.9,499.5
5728.1,974.3,499.1
5732.1,977.2,500.6
5736.1,975.9,500.0
5740.0,977.1,500.6
5742.0,976.0,500.0
5744.1,975.9,499.9
5748.0,976.3,500.1
5750.0,976.9,500.5
5752.1,975.4,499.7
5756.1,975.1,499.5
5760.0,977.6,500.8
5762.1,977.4,500.7
5766.1,976.0,500.0
5770.1,975.7,499.8
5774.0,976.2,500.1
5776.0,974.1,499.0
5780.0,977.2,500.6
5782.1,973.9,498.9
5784.1,979.2,501.6
5788.1,974.8,499.4
5792.0,976.6,500.3
5794.0,975.4,499.7
5798.1,976.2,500.1
5802.0,977.5,500.8
5806.0,975.1,499.5
5808.0,976.5,500.2
5810.1,977.5,500.8
5814.0,975.1,499.5
5816.1,978.2,501.1
5820.1,975.8,499.9
5824.1,976.3,500.1
5828.0,976.2,500.1
5830.0,975.2,499.6
5832.0,976.6,500.3
5834.1,975.6,499.8
5838.1,975.8,499.9
5842.0,976.3,500.1
5846.1,975.8,499.9
5850.0,976.9,500.5
5852.1,974.6,499.3
5856.0,975.6,499.8
5858.0,978.3,501.2
5860.0,974.9,499.5
5864.0,977.7,500.9
5868.0,975.1,499.6
5870.0,976.9,500.4
5872.0,975.7,499.9
5874.1,975.3,499.6
5878.0,975.6,499.8
5880.0,978.2,501.1
5884.1,973.6,498.8
5888.0,979.0,501.5
5892.0,976.1,500.0
5896.0,965.2,494.5
5898.1,944.4,483.8
5902.0,976.4,500.2
5906.0,975.3,499.6
5908.0,977.0,500.5
5912.0,975.2,499.6
5916.1,975.7,499.8
5920.0,976.9,500.5
5924.0,976.9,500.5
5926.0,976.7,500.4
5928.1,975.6,499.8
5930.1,969.3,496.5
5934.1,979.4,501.7
5938.1,974.3,499.1
5942.0,978.0,501.0
5944.0,977.5,500.8
5946.1,973.8,498.9
5950.0,977.2,500.6
5952.1,974.5,499.2
5954.1,978.5,501.3
5956.1,972.5,498.2
5960.0,978.0,501.0
5962.0,974.3,499.2
5966.1,977.0,500.5
5970.0,975.8,499.9
5972.0,974.4,499.2
5974.1,979.1,501.6
5978.0,975.8,499.9
5980.0,978.0,501.0
5982.1,975.4,499.7
5986.0,975.6,499.8
5990.0,976.0,500.0
5992.1,977.0,500.5
5994.1,974.3,499.1
5998.0,977.5,500.8
6002.1,975.6,499.8
6006.0,976.9,500.5
6008.1,975.8,499.9
6012.0,973.4,498.7
6014.1,980.9,502.5
6018.0,976.4,500.2
6020.0,974.2,499.1
6022.1,978.9,501.5
6026.0,974.6,499.3
6030.0,977.5,500.7
6034.0,975.9,499.9
6038.0,976.8,500.4
6040.0,975.8,499.9
6042.1,976.1,500.0
6044.1,975.7,499.8
6048.1,975.8,499.9
6052.1,976.8,500.4
6056.0,975.0,499.5
6060.0,977.1,500.6
6062.0,977.0,500.5
6064.1,974.4,499.2
6068.0,976.9,500.4
6070.1,972.9,498.4
6074.0,977.8,500.9
6076.1,967.4,495.6
6080.0,981.0,502.5
6084.0,975.9,499.9
6086.1,976.7,500.3
6088.1,975.4,499.7
6092.1,975.8,499.9
6096.0,976.6,500.3
6098.1,976.0,500.0
6102.0,976.5,500.3
6106.0,976.0,500.0
6110.0,976.5,500.3
6112.0,975.3,499.7
6116.0,977.2,500.6
6118.0,975.1,499.5
6120.0,975.3,499.6
6124.1,975.2,499.6
6126.1,974.1,499.0
6130.0,978.4,501.2
6132.0,976.1,500.0
6134.1,973.3,498.6
6138.1,977.5,500.8
6142.0,975.2,499.6
6146.0,977.3,500.6
6148.1,974.2,499.1
6152.1,976.1,500.0
6156.1,976.5,500.2
6160.0,975.8,499.9
6162.0,976.4,500.2
6166.0,976.8,500.4
6170.0,976.2,500.1
6172.1,975.6,499.8
6176.1,976.4,500.2
6180.1,974.9,499.5
6184.0,978.1,501.1
6186.1,971.7,497.8
6190.0,977.7,500.9
6194.1,975.4,499.7
6196.1,973.4,498.7
6200.1,977.8,500.9
6204.1,975.4,499.7
6208.1,976.7,500.4
6210.1,976.9,500.4
6214.0,975.3,499.7
6216.0,979.0,501.5
6220.0,975.4,499.7
6224.1,976.2,500.1
6228.0,976.3,500.1
6230.1,976.3,500.1
6234.0,976.8,500.4
6238.0,976.0,500.0
6240.1,975.9,500.0
6244.0,976.7,500.4
6248.0,975.5,499.7
6250.0,976.4,500.2
6254.1,971.9,497.9
6258.1,981.3,502.7
6262.0,975.4,499.7
6264.0,975.7,499.9
6268.0,974.8,499.4
6270.0,980.6,502.4
6272.0,974.8,499.4
6274.1,976.4,500.2
6276.1,976.9,500.5
6280.1,975.7,499.8
6284.0,976.8,500.4
6286.1,975.5,499.7
6290.0,975.1,499.6
6292.0,976.2,500.1
6294.1,978.3,501.2
6298.0,976.3,500.1
6300.0,975.8,499.9
6304.1,977.3,500.6
6308.0,975.0,499.5
6310.0,977.6,500.8
6312.1,976.4,500.2
6316.0,975.7,499.9
6318.1,969.7,496.8
6322.0,979.1,501.6
6326.0,976.8,500.4
6328.1,975.4,499.7
6332.0,976.4,500.2
6334.1,975.2,499.6
6338.0,976.3,500.1
6340.0,976.2,500.1
6342.0,975.8,499.9
6346.0,975.3,499.6
6348.1,978.6,501.3
6352.0,976.4,500.2
6354.0,975.9,500.0
6358.0,976.6,500.3
6360.1,974.7,499.4
6364.0,974.1,499.0
6366.0,981.8,503.0
6368.0,974.0,499.0
6370.0,977.6,500.8
6374.0,975.6,499.8
6376.0,967.6,495.7
6380.1,980.3,502.2
6384.0,976.7,500.4
6388.0,976.6,500.3
6390.0,974.7,499.3
6392.1,976.4,500.2
6394.1,976.5,500.2
6398.0,976.1,500.0
6400.0,977.5,500.8
6402.0,975.7,499.8
6406.0,975.2,499.6
6408.1,977.5,500.8
6410.1,972.1,498.0
6414.1,976.5,500.2
6418.0,974.5,499.2
6422.0,977.7,500.9
6424.0,980.5,502.3
6428.0,975.8,499.9
6432.0,976.1,500.1
6436.1,964.4,494.1
6440.0,961.0,492.3
6444.1,974.6,499.3
6446.1,975.7,499.8
6450.1,977.0,500.5
6454.0,976.9,500.5
6458.0,975.2,499.6
6462.0,975.9,500.0
6464.0,977.9,501.0
6466.0,976.1,500.1
6468.0,975.5,499.8
6470.1,975.6,499.8
6474.0,975.8,499.9
6476.1,977.3,500.7
6480.1,976.4,500.2
6484.1,975.9,499.9
6488.1,973.3,498.6
6492.1,978.3,501.2
6496.0,977.2,500.6
6498.1,975.3,499.6
6502.1,975.4,499.7
6506.1,976.5,500.2
6510.1,976.3,500.2
6514.0,976.0,500.0
6516.1,976.9,500.4
6520.0,976.3,500.2
6522.0,975.0,499.5
6526.1,976.6,500.3
6530.0,976.8,500.4
6532.0,973.1,498.5
6536.0,978.3,501.2
6538.1,975.2,499.6
6542.1,976.3,500.2
6546.1,975.8,499.9
6550.0,976.4,500.2
6552.1,975.3,499.6
6556.1,976.8,500.4
6560.0,976.4,500.2
6562.0,974.8,499.4
6566.0,976.6,500.3
6570.1,974.9,499.5
6574.1,977.1,500.6
6578.0,976.8,500.4
6580.1,975.8,499.9
6582.1,974.8,499.4
6586.1,975.6,499.8
6590.1,976.0,500.0
6594.0,978.3,501.2
6596.0,976.7,500.4
6600.0,975.0,499.5
6602.0,978.0,501.0
6604.0,975.2,499.6
6608.0,976.2,500.1
6612.0,976.4,500.2
6614.1,976.3,500.2
6618.0,973.3,498.6
6620.0,982.0,503.1
6624.0,975.9,499.9
6626.1,973.4,498.7
6630.0,977.4,500.7
6632.0,976.6,500.3
6634.0,975.9,500.0
6636.1,976.8,500.4
6640.1,975.8,499.9
6644.0,976.6,500.3
6646.1,975.1,499.5
6650.1,977.1,500.5
6654.0,975.8,499.9
6656.0,976.9,500.4
6658.1,975.7,499.9
6662.0,976.1,500.0
6666.0,976.9,500.4
6668.0,972.2,498.0
6672.0,977.2,500.6
6676.1,976.7,500.4
6680.1,975.9,499.9
6682.1,975.6,499.8
6686.0,976.5,500.2
6688.1,973.5,498.7
6692.0,977.7,500.9
6696.1,976.3,500.2
6700.1,976.2,500.1
6704.1,976.5,500.3
6708.1,975.8,499.9
6712.1,976.3,500.2
6716.0,976.5,500.2
6720.0,975.0,499.5
6722.0,977.4,500.7
6726.1,975.9,500.0
6730.0,976.7,500.3
6732.1,975.7,499.8
6736.1,976.2,500.1
6740.0,976.1,500.0
6742.0,977.1,500.5
6744.1,975.7,499.8
6748.1,975.3,499.6
6752.1,977.4,500.7
6756.0,976.4,500.2
6758.0,974.7,499.4
6760.0,977.2,500.6
6762.1,976.8,500.4
6766.1,976.1,500.0
6770.1,975.9,499.9
6774.1,976.5,500.3
6778.0,976.0,500.0
6782.0,976.3,500.1
6786.0,976.6,500.3
6788.1,973.4,498.6
6792.1,977.1,500.6
6796.1,976.4,500.2
6798.1,977.4,500.7
6800.1,974.3,499.1
6804.0,975.8,499.9
6806.0,977.8,500.9
6810.0,975.9,500.0
6814.0,976.0,500.0
6816.0,973.7,498.8
6820.0,978.2,501.1
6822.1,975.5,499.7
6826.0,976.6,500.3
6830.0,975.9,500.0
6834.0,975.8,499.9
6836.1,977.3,500.7
6840.0,976.0,500.0
6842.1,975.5,499.7
6846.0,975.9,499.9
6848.0,977.6,500.8
6852.0,976.6,500.3
6854.1,976.2,500.1
6856.1,975.4,499.7
6858.1,972.4,498.2
6862.0,978.6,501.3
6866.0,973.8,498.9
6868.1,980.0,502.0
6870.1,974.3,499.1
6874.0,976.7,500.4
6876.1,973.5,498.7
6880.0,978.3,501.2
6882.1,976.2,500.1
6886.1,975.7,499.8
6890.0,976.4,500.2
6892.0,974.5,499.2
6896.1,976.2,500.1
6900.0,976.0,500.0
6904.1,977.1,500.6
6908.0,975.9,499.9
6910.0,977.7,500.8
6912.0,977.0,500.5
6914.0,976.4,500.2
6916.0,974.9,499.5
6920.1,974.4,499.2
6924.0,977.7,500.9
6926.1,976.8,500.4
6930.0,976.0,500.0
6932.0,975.9,500.0
6934.0,977.2,500.6
6938.0,976.7,500.4
6940.0,975.1,499.5
6944.0,976.6,500.3
6946.0,977.3,500.7
6950.1,973.0,498.4
6954.0,977.7,500.9
6956.0,979.6,501.9
6958.0,974.8,499.4
6962.0,975.8,499.9
6964.0,976.5,500.2
6966.1,976.6,500.3
6968.1,973.8,498.9
6972.1,977.7,500.9
6976.0,975.4,499.7
6980.1,949.7,486.5
6984.0,974.5,499.2
6986.1,979.5,501.8
6990.0,976.0,500.0
6992.1,976.3,500.2
6994.1,976.7,500.4
6998.0,975.6,499.8
7002.1,977.3,500.7
7006.1,974.1,499.0
7010.0,978.1,501.1
7012.0,976.6,500.3
7014.1,975.5,499.7
7018.0,976.1,500.1
7022.0,976.5,500.2
7026.1,975.6,499.8
7030.1,976.3,500.2
7032.1,977.3,500.6
7036.1,974.5,499.2
7040.0,977.4,500.7
7044.1,976.2,500.1
7048.0,976.5,500.3
7050.0,977.0,500.5
7052.0,975.2,499.6
7054.0,975.4,499.7
7056.1,976.6,500.3
7060.0,976.1,500.0
7062.1,977.1,500.6
7064.1,974.8,499.4
7068.0,977.6,500.8
7070.1,974.5,499.2
7074.1,976.1,500.1
7078.0,975.5,499.8
7082.1,976.5,500.3
7086.0,976.8,500.4
7088.0,975.8,499.9
7092.0,975.0,499.5
7096.0,978.1,501.1
7100.0,976.1,500.1
7104.0,976.4,500.2
7108.0,975.5,499.7
7112.0,976.3,500.2
7116.1,976.9,500.5
7118.1,976.2,500.1
7122.1,976.2,500.1
7124.1,977.3,500.7
7128.1,976.3,500.2
7132.0,974.6,499.3
7134.0,979.4,501.8
7136.0,975.0,499.5
7138.0,978.6,501.3
7142.0,975.4,499.7
7144.1,972.3,498.1
7148.0,978.3,501.2
7150.1,972.9,498.4
7154.0,977.9,501.0
7158.0,974.3,499.2
7160.1,976.3,500.1
7162.1,978.4,501.2
7166.0,975.9,499.9
7170.0,975.6,499.8
7172.0,976.3,500.1
7174.1,976.8,500.4
7178.0,976.8,500.4
7180.0,977.3,500.7
7182.0,970.8,497.3
7186.0,977.3,500.7
7188.1,975.6,499.8
7190.1,978.5,501.3
7194.1,976.6,500.3
7198.1,976.1,500.1
7200.1,976.9,500.5
7204.0,975.6,499.8
7208.1,976.8,500.4
7212.0,975.8,499.9
7214.1,976.8,500.4
7216.1,978.4,501.2
7220.0,976.0,500.0
7222.0,972.2,498.0
7226.0,977.9,501.0
7230.0,975.8,499.9
7232.1,974.9,499.4
7236.0,976.8,500.4
7238.1,977.4,500.7
7242.0,975.8,499.9
7246.0,976.0,500.0
7248.1,974.8,499.4
7252.0,976.9,500.5
7254.1,974.9,499.4
7258.0,977.2,500.6
7262.1,975.8,499.9
7266.0,976.2,500.1
7268.0,976.7,500.4
7270.1,975.3,499.6
7274.1,976.6,500.3
7278.1,976.7,500.4
7282.0,976.3,500.1
7284.1,974.6,499.3
7288.0,974.4,499.2
7290.1,981.5,502.8
7294.1,976.3,500.1
7298.1,975.2,499.6
7302.1,976.1,500.1
7306.0,977.7,500.9
7308.0,974.2,499.1
7310.1,977.4,500.7
7314.1,975.3,499.6
7318.1,975.5,499.8
7322.0,978.6,501.3
7324.0,976.2,500.1
7326.1,975.0,499.5
7330.0,976.6,500.3
7332.1,976.3,500.2
7336.1,975.8,499.9
7340.1,976.0,500.0
7342.1,974.1,499.0
7346.0,974.5,499.2
7348.1,977.7,500.9
7352.1,976.6,500.3
7356.0,977.6,500.8
7358.1,975.3,499.7
7362.1,974.7,499.3
7366.1,978.9,501.5
7370.1,975.7,499.8
7374.0,975.8,499.9
7378.0,976.0,500.0
7382.1,976.6,500.3
7386.0,976.2,500.1
7390.0,976.6,500.3
7392.0,975.4,499.7
7394.1,977.3,500.7
7398.1,975.8,499.9
7402.1,976.1,500.0
7406.1,976.7,500.3
7410.0,975.5,499.8
7412.0,977.2,500.6
7414.1,975.2,499.6
7418.0,975.9,499.9
7422.1,977.5,500.8
7426.0,975.3,499.6
7428.0,975.7,499.9
7430.1,976.1,500.0
7434.0,976.5,500.3
7436.0,976.9,500.5
7438.0,973.9,498.9
7442.0,977.1,500.5
7444.1,977.8,500.9
7446.1,976.7,500.4
7450.1,975.9,500.0
7452.1,975.1,499.5
7456.0,975.7,499.9
7460.0,974.9,499.4
7464.0,976.6,500.3
7468.0,976.5,500.3
7470.1,978.1,501.1
7474.0,974.5,499.2
7476.1,978.6,501.3
7480.1,976.6,500.3
7482.1,976.8,500.4
7486.1,975.9,499.9
7490.0,976.2,500.1
7492.1,974.9,499.4
7496.1,977.6,500.8
7500.0,975.8,499.9
7502.0,975.5,499.8
7504.0,975.6,499.8
7508.0,977.2,500.6
7512.0,975.7,499.9
7514.0,975.0,499.5
7518.0,976.7,500.4
7520.0,975.1,499.5
7524.0,976.4,500.2
7528.0,975.7,499.8
7532.1,976.5,500.3
7536.0,976.1,500.1
7538.1,976.2,500.1
7542.0,976.8,500.4
7544.1,977.0,500.5
7548.0,975.6,499.8
7552.1,976.6,500.3
7556.1,974.0,499.0
7560.1,975.5,499.7
7562.1,979.4,501.8
7564.1,979.3,501.7
7568.0,975.8,499.9
7570.1,975.4,499.7
7574.0,976.3,500.2
7576.1,976.7,500.4
7578.1,975.7,499.8
7582.0,976.2,500.1
7584.0,976.7,500.4
7588.1,976.4,500.2
7592.0,976.2,500.1
7596.0,975.7,499.9
7598.1,976.3,500.1
7602.0,976.1,500.0
7604.1,972.2,498.1
7608.1,978.3,501.2
7612.0,976.1,500.0
7616.0,975.1,499.5
7618.1,977.3,500.7
7622.0,976.3,500.2
7624.0,977.4,500.7
7628.1,975.9,499.9
7632.0,976.6,500.3
7636.0,975.9,499.9
7640.0,948.9,486.1
7642.1,977.3,500.7
7644.1,975.5,499.7
7648.0,976.6,500.3
7652.1,976.4,500.2
7656.0,976.1,500.1
7660.0,974.6,499.3
7664.0,977.8,500.9
7666.0,976.0,500.0
7668.1,976.6,500.3
7672.0,976.3,500.1
7674.0,976.7,500.4
7676.0,976.8,500.4
7678.1,976.2,500.1
7682.1,975.8,499.9
7684.1,965.9,494.8
7688.0,981.5,502.8
7690.1,972.3,498.1
7694.0,978.1,501.1
7698.0,976.4,500.2
7702.0,976.2,500.1
7706.1,975.6,499.8
7710.0,976.7,500.4
7712.0,975.7,499.8
7716.0,975.6,499.8
7718.1,978.2,501.1
7722.0,975.0,499.5
7724.1,979.8,502.0
7728.0,975.0,499.5
7730.1,977.3,500.6
7734.1,977.0,500.5
7738.0,975.8,499.9
7742.1,976.3,500.2
7746.0,976.9,500.5
7750.1,976.5,500.2
7754.0,975.8,499.9
7756.0,975.7,499.8
7758.0,975.9,500.0
7762.1,973.6,498.8
7764.1,982.1,503.1
7768.0,976.3,500.2
7770.1,973.6,498.8
7774.0,978.1,501.1
7778.1,976.1,500.1
7782.1,975.5,499.8
7784.1,976.6,500.3
7788.0,974.9,499.5
7790.0,976.4,500.2
7792.1,979.6,501.9
7796.1,975.3,499.7
7800.0,977.2,500.6
7802.1,976.5,500.3
7806.1,976.3,500.1
7810.0,976.2,500.1
7812.0,975.7,499.9
7814.0,975.9,499.9
7816.1,977.5,500.8
7820.0,976.1,500.0
7822.0,976.3,500.2
7824.1,976.9,500.5
7826.1,974.0,499.0
7830.0,977.3,500.7
7832.1,975.5,499.7
7836.1,976.1,500.1
7840.0,977.0,500.5
7842.0,973.9,498.9
7846.0,977.1,500.5
7848.1,976.0,500.0
7850.1,975.0,499.5
7854.0,977.0,500.5
7856.0,974.8,499.4
7858.0,977.6,500.8
7862.1,975.5,499.7
7866.0,976.9,500.5
7870.0,976.3,500.2
7874.0,976.2,500.1
7876.0,974.8,499.4
7880.1,977.0,500.5
7882.1,975.9,499.9
7886.1,976.2,500.1
7890.0,975.5,499.8
7892.1,971.9,497.9
7896.0,976.8,500.4
7900.1,977.5,500.8
7904.1,974.6,499.3
7908.0,978.9,501.5
7910.0,976.6,500.3
7912.1,972.1,498.0
7916.0,978.3,501.2
7918.1,975.3,499.7
7920.1,977.2,500.6
7924.0,976.3,500.2
7928.0,976.3,500.2
7930.1,976.9,500.5
7934.0,975.7,499.9
7936.1,977.0,500.5
7940.0,975.8,499.9
7944.1,974.2,499.1
7948.1,978.8,501.4
7952.0,976.4,500.2
7954.1,976.0,500.0
7958.0,976.3,500.2
7962.0,976.8,500.4
7966.1,975.8,499.9
7970.0,974.5,499.2
7972.1,980.5,502.3
7976.0,976.2,500.1
7980.0,975.9,499.9
7982.0,976.2,500.1
7986.0,976.0,500.0
7988.1,977.7,500.9
7992.0,977.2,500.6
7994.0,974.0,499.0
7998.0,976.7,500.3
8000.0,974.2,499.1
8002.0,978.7,501.4
8006.0,976.0,500.0
8008.0,974.4,499.2
8010.0,978.6,501.3
8012.1,974.4,499.2
8016.0,977.3,500.7
8018.0,973.7,498.8
8020.1,974.6,499.3
8024.0,978.9,501.5
8028.1,975.4,499.7
8032.0,977.0,500.5
8034.1,975.1,499.6
8038.0,976.8,500.4
8040.0,976.1,500.1
8044.1,976.1,500.0
8046.1,976.7,500.4
8050.0,977.0,500.5
8052.0,972.7,498.3
8056.0,977.3,500.7
8058.0,968.1,496.0
8060.1,984.4,504.3
8064.0,976.7,500.4
8066.0,975.8,499.9
8070.0,976.0,500.0
8072.0,976.5,500.2
8074.1,975.8,499.9
8078.0,977.5,500.8
8082.0,975.2,499.6
8086.0,976.8,500.4
8088.0,976.3,500.1
8092.0,976.8,500.4
8094.1,975.4,499.7
8098.0,976.5,500.3
8102.0,976.6,500.3
8104.0,975.6,499.8
8106.1,977.3,500.7
8110.1,976.2,500.1
8114.1,973.0,498.5
8118.0,979.2,501.7
8120.0,975.0,499.5
8122.1,975.3,499.6
8126.1,977.4,500.7
8130.0,976.3,500.1
8134.0,975.9,499.9
8136.1,976.1,500.1
8138.1,977.9,501.0
8142.0,975.1,499.5
8146.1,977.3,500.6
8150.1,974.7,499.3
8154.1,978.1,501.1
8158.0,976.4,500.2
8162.0,976.4,500.2
8164.1,971.7,497.8
8168.0,977.6,500.8
8172.0,976.5,500.2
8174.1,977.7,500.9
8178.1,975.0,499.5
8182.0,977.7,500.9
8184.1,973.4,498.7
8188.1,972.7,498.3
8192.1,980.5,502.3
8196.0,975.8,499.9
8200.1,977.4,500.7
8204.1,973.3,498.6
8208.1,978.5,501.3
8212.0,976.7,500.3
8214.0,975.2,499.6
8218.1,975.9,500.0
8220.1,977.1,500.5
8222.1,976.0,500.0
8226.0,976.1,500.1
8228.1,975.6,499.8
8232.1,974.7,499.3
8236.1,976.8,500.4
8238.1,975.7,499.9
8242.1,977.5,500.8
8246.0,975.9,499.9
8248.1,975.8,499.9
8252.0,976.7,500.4
8254.1,974.8,499.4
8258.0,977.4,500.7
8262.0,976.0,500.0
8264.1,976.8,500.4
8268.0,976.0,500.0
8270.1,975.5,499.8
8274.0,976.2,500.1
8276.0,975.5,499.7
8278.1,978.1,501.1
8282.0,976.3,500.1
8286.0,976.9,500.4
8288.0,975.2,499.6
8290.1,976.6,500.3
8294.0,975.6,499.8
8298.0,976.7,500.4
8302.1,976.3,500.1
8306.1,976.4,500.2
8310.0,976.5,500.3
8314.0,975.5,499.7
8316.0,977.3,500.7
8318.0,976.1,500.0
8320.1,976.3,500.2
8324.0,976.6,500.3
8326.0,976.6,500.3
8328.1,974.9,499.4
8332.1,976.8,500.4
8336.1,976.2,500.1
8340.0,976.4,500.2
8342.0,970.1,497.0
8346.0,978.7,501.4
8348.0,977.7,500.9
8350.1,975.6,499.8
8352.1,975.8,499.9
8354.1,971.9,497.9
8358.0,977.4,500.7
8360.1,979.4,501.7
8364.0,975.2,499.6
8366.0,976.0,500.0
8370.1,977.4,500.7
8374.0,975.1,499.5
8376.1,974.8,499.4
8380.0,977.9,501.0
8384.0,975.9,499.9
8386.1,976.2,500.1
8390.1,975.9,500.0
8394.0,977.1,500.6
8396.1,975.6,499.8
8400.1,976.5,500.3
8402.1,974.9,499.4
8406.1,973.5,498.7
8408.1,984.1,504.1
8412.1,975.0,499.5
8416.0,975.6,499.8
8418.1,978.8,501.4
8422.0,973.8,498.9
8424.1,976.9,500.5
8428.0,978.3,501.2
8432.0,976.6,500.3
8434.0,975.7,499.9
8436.1,972.4,498.2
8438.1,976.6,500.3
8442.0,977.9,501.0
8446.0,977.2,500.6
8448.1,975.0,499.5
8452.0,977.3,500.7
8456.0,975.7,499.9
8458.0,974.8,499.4
8460.0,976.9,500.4
8464.0,976.7,500.3
8466.0,976.0,500.0
8470.0,976.0,500.0
8474.1,975.5,499.7
8478.1,973.9,498.9
8482.0,978.8,501.4
8484.1,978.2,501.1
8488.0,975.7,499.8
8490.1,975.3,499.7
8494.1,975.9,500.0
8498.1,977.0,500.5
8500.1,974.3,499.1
8504.0,976.6,500.3
8506.1,976.9,500.5
8510.0,975.8,499.9
8514.0,975.0,499.5
8518.0,976.7,500.4
8522.0,977.0,500.5
8524.1,975.5,499.8
8528.0,976.9,500.5
8530.1,973.0,498.5
8534.0,978.0,501.0
8536.1,973.9,498.9
8538.1,941.0,482.1
8542.1,940.6,481.9
8546.0,976.1,500.0
8550.1,976.8,500.4
8552.1,976.2,500.1
8554.1,972.7,498.3
8558.1,977.7,500.8
8560.1,977.2,500.6
8562.1,975.8,499.9
8566.0,975.7,499.8
8568.0,977.0,500.5
8570.1,978.1,501.1
8574.0,976.9,500.5
8576.1,975.6,499.8
8580.0,974.0,499.0
8582.0,978.9,501.5
8586.0,976.8,500.4
8590.0,976.2,500.1
8592.0,977.0,500.5
8596.0,974.6,499.3
8600.0,950.7,487.0
8604.0,976.4,500.2
8606.0,973.4,498.7
8608.1,979.3,501.7
8610.1,972.6,498.2
8612.1,979.1,501.6
8614.1,973.3,498.6
8618.0,977.6,500.8
8622.1,975.8,499.9
8626.0,976.3,500.1
8628.0,977.1,500.6
8630.1,976.1,500.0
8634.0,975.8,499.9
8636.0,978.3,501.2
8640.0,975.9,499.9
8642.0,972.2,498.1
8646.0,977.9,501.0
8650.0,976.8,500.4
8652.0,974.8,499.4
8656.0,976.7,500.4
8660.0,949.2,486.3
8662.0,976.0,500.0
8664.1,975.2,499.6
8668.0,976.4,500.2
8670.1,977.3,500.7
8674.0,976.7,500.4
8676.0,975.8,499.9
8680.0,976.2,500.1
8682.1,973.2,498.6
8686.1,977.7,500.9
8688.1,975.3,499.6
8692.0,976.1,500.0
8694.0,976.4,500.2
8698.0,974.8,499.4
8700.1,978.3,501.2
8702.1,978.3,501.2
8706.1,976.1,500.1
8710.0,975.3,499.7
8714.0,976.6,500.3
8716.0,973.1,498.5
8720.0,977.3,500.7
8724.1,976.7,500.4
8726.1,975.9,500.0
8730.0,977.1,500.6
8732.1,976.1,500.1
8736.1,975.5,499.8
8738.1,977.6,500.8
8742.0,976.0,500.0
8744.1,976.8,500.4
8748.0,975.5,499.7
8750.1,975.5,499.7
8752.1,976.7,500.4
8756.0,976.7,500.4
8758.0,976.0,500.0
8762.0,976.6,500.3
8766.1,975.7,499.9
8770.0,976.3,500.1
8772.0,973.0,498.5
8774.0,979.8,502.0
8778.0,974.6,499.3
8782.0,976.9,500.5
8784.1,977.1,500.6
8788.0,975.7,499.8
8790.0,975.9,499.9
8792.1,976.4,500.2
8796.1,976.7,500.4
8800.0,976.2,500.1
8802.0,972.7,498.3
8804.1,979.4,501.7
8806.1,976.7,500.4
8810.0,976.5,500.3
8812.1,975.5,499.8
8816.0,976.6,500.3
8818.0,976.4,500.2
8820.1,975.7,499.8
8824.0,976.5,500.3
8826.1,976.1,500.1
8830.0,974.5,499.2
8832.1,979.1,501.6
8836.1,977.2,500.6
8840.1,975.5,499.7
8844.0,976.2,500.1
8848.1,977.0,500.5
8852.1,976.1,500.0
8856.1,974.1,499.0
8860.0,977.2,500.6
8862.0,977.8,500.9
8864.1,976.5,500.2
8868.1,975.0,499.5
8872.1,977.0,500.5
8876.0,976.8,500.4
8878.0,976.4,500.2
8882.0,976.9,500.5
8884.0,974.4,499.2
8888.0,976.1,500.0
8890.1,976.7,500.4
8894.0,977.0,500.5
8898.0,975.9,499.9
8902.1,975.1,499.5
8906.0,977.1,500.6
8910.1,975.0,499.5
8914.0,977.7,500.9
8916.0,976.5,500.3
8918.0,976.7,500.4
8920.0,976.4,500.2
8924.0,974.2,499.1
8928.0,976.9,500.5
8932.0,977.1,500.6
8934.0,976.3,500.1
8936.1,975.3,499.6
8940.0,977.2,500.6
8944.0,975.7,499.8
8946.0,977.2,500.6
8948.1,975.6,499.8
8952.0,977.3,500.7
8954.1,974.3,499.1
8958.0,976.0,500.0
8960.0,979.0,501.6
8964.0,975.8,499.9
8966.0,975.6,499.8
8970.0,976.5,500.3
8974.0,976.5,500.3
8976.1,973.7,498.8
8980.0,973.1,498.5
8982.0,982.7,503.4
8984.0,978.5,501.3
8986.1,975.2,499.6
8990.1,976.0,500.0
8994.0,977.2,500.6
8996.0,975.3,499.6
8998.1,974.4,499.2
9000.1,977.6,500.8
9002.1,971.1,497.5
9006.0,979.7,501.9
9008.1,975.6,499.8
9012.0,975.7,499.9
9014.1,976.1,500.1
9018.0,976.8,500.4
9020.0,976.9,500.4
9024.0,976.5,500.3
9028.0,976.2,500.1
9030.0,975.4,499.7
9032.1,974.3,499.1
9036.0,976.8,500.4
9038.1,976.4,500.2
9042.1,977.7,500.9
9044.1,973.8,498.9
9048.0,976.3,500.2
9052.0,976.4,500.2
9054.0,976.9,500.4
9058.0,977.1,500.6
9060.1,975.5,499.7
9062.1,976.8,500.4
9066.1,975.2,499.6
9070.0,977.0,500.5
9072.1,976.4,500.2
9076.1,976.0,500.0
9078.1,975.0,499.5
9080.1,977.2,500.6
9084.0,976.6,500.3
9086.1,976.3,500.2
9090.0,976.7,500.4
9092.0,976.4,500.2
9094.1,976.6,500.3
9096.1,975.9,500.0
9100.1,975.6,499.8
9104.0,977.0,500.5
9108.0,975.3,499.6
9112.0,976.7,500.4
9114.1,973.6,498.8
9118.0,977.6,500.8
9120.0,977.1,500.6
9122.1,975.7,499.8
9126.0,976.1,500.0
9128.0,976.9,500.5
9130.0,972.2,498.0
9134.0,977.9,501.0
9136.1,976.4,500.2
9140.0,976.9,500.4
9142.0,974.7,499.3
9144.0,977.7,500.9
9148.0,975.8,499.9
9150.1,975.9,499.9
9154.0,975.9,500.0
9156.0,975.7,499.9
9160.0,977.1,500.6
9162.1,967.6,495.7
9166.0,980.4,502.3
9168.1,975.1,499.5
9172.0,977.6,500.8
9174.0,975.0,499.5
9178.0,976.5,500.2
9180.0,976.3,500.2
9182.0,977.0,500.5
9186.0,975.5,499.7
9188.1,975.7,499.9
9190.1,975.2,499.6
9194.1,976.8,500.4
9198.1,974.7,499.3
9202.0,949.9,486.6
9204.0,978.0,501.0
9206.1,975.1,499.5
9210.0,976.7,500.4
9212.1,975.1,499.5
9216.0,976.5,500.2
9218.0,976.8,500.4
9222.0,975.8,499.9
9226.0,976.0,500.0
9228.0,973.8,498.9
9230.0,979.5,501.8
9232.1,975.5,499.8
9236.0,976.6,500.3
9238.1,976.1,500.1
9242.1,976.1,500.1
9246.1,975.9,500.0
9250.0,976.6,500.3
9252.0,977.4,500.7
9254.1,975.3,499.6
9258.0,977.0,500.5
9262.0,974.5,499.2
9264.1,979.7,501.9
9268.1,975.4,499.7
9270.1,975.1,499.5
9274.1,977.1,500.5
9278.0,976.0,500.0
9280.1,977.1,500.6
9282.1,975.6,499.8
9286.0,976.2,500.1
9288.0,977.0,500.5
9292.1,974.9,499.4
9296.0,977.5,500.8
9298.0,976.8,500.4
9302.0,975.7,499.8
9306.0,976.4,500.2
9308.1,975.8,499.9
9312.0,976.7,500.4
9314.1,975.6,499.8
9316.1,975.6,499.8
9320.0,977.0,500.5
9322.0,976.0,500.0
9324.1,975.4,499.7
9328.0,975.7,499.8
9330.0,978.1,501.1
9334.0,975.1,499.5
9336.1,973.1,498.5
9340.1,978.3,501.2
9344.1,976.4,500.2
9346.1,974.5,499.2
9350.0,977.4,500.7
9352.1,976.3,500.1
9356.0,975.7,499.9
9358.0,976.1,500.1
9362.0,976.3,500.1
9364.1,976.4,500.2
9366.1,975.6,499.8
9368.1,976.9,500.5
9372.0,975.6,499.8
9376.0,976.5,500.3
9378.0,976.1,500.0
9382.1,976.0,500.0
9386.1,974.3,499.1
9390.0,978.5,501.3
9394.0,976.2,500.1
9398.0,975.3,499.6
9400.0,978.5,501.3
9402.1,977.1,500.6
9406.0,976.1,500.1
9408.1,976.1,500.0
9412.0,976.4,500.2
9414.0,975.9,499.9
9416.0,976.3,500.2
9420.0,975.7,499.9
9422.1,977.1,500.5
9426.0,976.7,500.4
9428.1,974.4,499.2
9432.1,977.2,500.6
9436.0,975.1,499.5
9438.0,978.4,501.2
9442.1,976.8,500.4
9444.1,969.8,496.8
9448.1,979.3,501.7
9452.1,976.6,500.3
9456.1,976.2,500.1
9460.1,975.9,499.9
9464.0,977.0,500.5
9468.0,974.7,499.4
9472.0,977.9,501.0
9474.1,974.9,499.4
9478.0,976.3,500.1
9482.0,976.0,500.0
9486.0,976.7,500.4
9490.0,977.3,500.7
9492.1,974.3,499.1
9494.1,977.5,500.7
9498.1,976.1,500.0
9502.1,949.4,486.4
9506.0,975.3,499.6
9510.0,976.9,500.5
9512.1,972.0,498.0
9516.0,978.4,501.2
9520.0,976.3,500.2
9524.0,976.1,500.0
9526.0,973.4,498.6
9528.0,980.3,502.2
9532.0,976.4,500.2
9534.0,974.1,499.0
9536.1,978.1,501.1
9540.0,975.8,499.9
9544.0,976.5,500.3
9546.1,976.1,500.0
9550.0,976.7,500.4
9554.0,975.6,499.8
9558.0,976.3,500.2
9560.0,976.2,500.1
9562.0,975.4,499.7
9566.1,976.9,500.5
9568.1,976.3,500.1
9572.0,975.7,499.8
9574.0,976.8,500.4
9578.0,975.5,499.7
9580.1,977.0,500.5
9584.0,975.8,499.9
9588.0,975.6,499.8
9590.0,977.3,500.7
9594.0,976.2,500.1
9596.0,976.8,500.4
9600.1,976.4,500.2
9604.0,976.7,500.4
9606.1,972.7,498.3
9610.0,977.8,500.9
9614.0,976.1,500.0
9616.0,976.6,500.3
9618.0,976.8,500.4
9622.0,975.6,499.8
9624.1,976.6,500.3
9628.1,975.8,499.9
9630.1,978.0,501.0
9634.1,975.6,499.8
9636.1,977.9,501.0
9640.0,976.2,500.1
9642.0,976.0,500.0
9644.1,975.8,499.9
9646.1,975.7,499.8
9650.0,974.7,499.3
9652.1,977.8,500.9
9656.1,977.2,500.6
9660.0,976.9,500.5
9662.1,974.6,499.3
9666.0,976.1,500.0
9668.0,977.8,500.9
9670.1,975.3,499.6
9674.1,976.9,500.5
9678.0,974.8,499.4
9680.0,978.4,501.2
9682.0,976.3,500.1
9684.1,973.0,498.4
9688.1,977.6,500.8
9692.1,976.2,500.1
9696.1,975.3,499.6
9700.0,976.8,500.4
9704.0,976.4,500.2
9706.0,975.6,499.8
9708.1,977.2,500.6
9712.0,975.8,499.9
9716.1,975.8,499.9
9720.1,976.9,500.4
9724.0,976.4,500.2
9728.0,976.3,500.1
9730.0,975.8,499.9
9734.0,975.2,499.6
9736.1,976.4,500.2
9740.1,976.1,500.0
9744.0,975.9,499.9
9746.0,976.2,500.1
9750.1,974.2,499.1
9754.0,978.8,501.4
9758.1,975.6,499.8
9762.1,975.9,499.9
9766.0,975.2,499.6
9768.0,974.0,499.0
9772.0,977.8,500.9
9774.1,974.7,499.3
9778.0,975.6,499.8
9780.1,978.2,501.1
9784.0,975.6,499.8
9786.0,976.2,500.1
9788.0,977.1,500.5
9792.0,975.8,499.9
9796.0,977.2,500.6
9798.1,973.9,498.9
9802.1,975.3,499.7
9806.1,976.4,500.2
9810.0,977.1,500.5
9812.0,975.9,499.9
9816.1,974.4,499.2
9820.1,977.7,500.9
9824.1,976.2,500.1
9828.0,975.4,499.7
9832.0,977.2,500.6
9834.0,974.6,499.3
9838.0,976.0,500.0
9840.1,977.4,500.7
9844.1,976.3,500.2
9846.1,974.3,499.1
9848.1,976.4,500.2
9852.0,972.4,498.2
9856.1,977.0,500.5
9860.0,978.4,501.2
9864.0,975.7,499.9
9868.1,973.7,498.8
9872.0,979.2,501.7
9876.0,975.4,499.7
9878.1,977.9,501.0
9882.0,975.3,499.6
9884.0,976.9,500.5
9888.1,975.8,499.9
9892.0,976.8,500.4
9896.0,975.2,499.6
9898.0,976.2,500.1
9900.0,975.9,500.0
9902.1,974.8,499.4
9906.1,977.6,500.8
9908.1,974.5,499.2
9912.1,976.8,500.4
9916.1,975.7,499.8
9920.1,976.2,500.1
9924.1,975.5,499.7
9928.0,976.4,500.2
9930.1,976.1,500.1
9934.0,975.1,499.5
9936.1,979.0,501.5
9940.0,975.7,499.8
9942.0,976.4,500.2
9944.1,976.8,500.4
9948.0,975.5,499.7
9950.0,976.6,500.3
9954.0,976.3,500.2
9956.1,975.1,499.6
9960.0,976.6,500.3
9964.1,974.9,499.5
9968.1,977.0,500.5
9972.0,976.2,500.1
9974.1,975.2,499.6
9978.0,977.2,500.6
9980.1,975.2,499.6
9984.1,976.6,500.3
9988.1,975.7,499.8
9992.0,976.3,500.1
9996.1,976.4,500.2
10000.1,975.8,499.9
10004.0,977.2,500.6
10006.1,974.1,499.1
10010.1,976.4,500.2
10014.0,976.5,500.2
10016.1,966.4,495.1
10020.0,981.3,502.7
10022.1,976.4,500.2
10026.1,974.3,499.1
10028.1,979.2,501.6
10032.0,976.9,500.5
10036.0,975.7,499.8
10040.0,975.7,499.8
10044.1,976.6,500.3
10048.0,976.2,500.1
10050.0,922.0,472.3
10054.0,976.0,500.0
10056.0,974.8,499.4
10058.1,973.3,498.6
10062.0,977.7,500.9
10066.0,975.2,499.6
10068.1,979.8,502.0
10070.1,974.9,499.4
10074.1,976.7,500.4
10078.0,975.2,499.6
10080.1,977.6,500.8
10084.1,976.8,500.4
10088.1,975.9,499.9
10092.0,976.6,500.3
10096.1,974.6,499.3
10100.0,971.4,497.7
10104.0,980.7,502.4
10106.1,978.9,501.5
10110.0,975.6,499.8
10112.1,975.5,499.7
10116.0,976.7,500.4
10118.1,976.4,500.2
10122.1,976.8,500.4
10126.0,976.6,500.3
10130.1,975.8,499.9
10134.0,975.7,499.9
10136.1,977.3,500.7
10140.1,976.0,500.0
10142.1,975.5,499.8
10146.1,975.0,499.5
10150.1,976.7,500.4
10154.1,977.0,500.5
10156.1,976.7,500.3
10160.1,976.2,500.1
10164.0,975.7,499.8
10166.0,976.1,500.0
10170.0,976.5,500.2
10174.1,976.1,500.1
10178.0,976.9,500.5
10182.0,975.4,499.7
10186.1,977.1,500.6
10190.0,975.8,499.9
10192.0,975.4,499.7
10194.1,976.3,500.1
10198.1,976.5,500.3
10202.0,976.0,500.0
10206.0,976.2,500.1
10208.1,977.7,500.9
10212.0,975.6,499.8
10214.1,974.2,499.1
10216.1,977.9,501.0
10218.1,978.5,501.3
10222.0,975.8,499.9
10224.1,976.0,500.0
10228.0,976.9,500.5
10230.1,975.2,499.6
10234.0,976.0,500.0
10238.0,976.5,500.3
10240.0,973.1,498.5
10244.0,977.4,500.7
10246.0,977.6,500.8
10250.0,975.1,499.5
10254.0,976.1,500.1
10256.0,977.5,500.8
10258.0,975.3,499.6
10262.0,976.7,500.4
10266.0,975.6,499.8
10268.0,976.5,500.3
10272.0,976.4,500.2
10276.0,976.0,500.0
10278.1,976.2,500.1
10282.1,976.2,500.1
10286.0,976.8,500.4
10288.1,975.6,499.8
10292.0,975.8,499.9
10294.0,976.9,500.5
10298.0,976.9,500.4
10302.0,976.0,500.0
10304.1,973.9,498.9
10306.1,976.8,500.4
10310.1,976.4,500.2
10314.1,977.6,500.8
10318.0,974.8,499.4
10320.0,977.9,501.0
10324.0,976.2,500.1
10326.0,975.4,499.7
10328.1,972.9,498.4
10332.1,977.9,501.0
10336.0,976.1,500.0
10340.0,977.0,500.5
10344.0,976.5,500.3
10346.0,975.3,499.6
10350.1,976.9,500.5
10354.0,976.7,500.3
10356.0,975.3,499.6
10358.0,976.7,500.4
10362.1,975.5,499.7
10366.0,976.5,500.2
10368.1,975.1,499.5
10372.0,977.6,500.8
10374.0,974.8,499.4
10378.0,976.8,500.4
10382.0,974.8,499.4
10384.0,978.5,501.3
10388.0,976.4,500.2
10390.0,975.1,499.5
10392.1,975.8,499.9
10396.0,976.2,500.1
10398.1,977.8,500.9
10402.0,975.5,499.8
10404.0,976.9,500.5
10406.0,974.1,499.1
10410.0,977.4,500.7
10414.0,975.9,500.0
10416.0,976.3,500.2
10420.1,975.9,499.9
10424.1,977.3,500.6
10428.0,975.1,499.5
10430.1,973.9,498.9
10434.1,977.6,500.8
10436.1,976.3,500.2
10440.1,976.3,500.2
10442.1,975.4,499.7
10446.1,976.4,500.2
10450.0,975.2,499.6
10452.1,978.9,501.5
10456.1,975.5,499.7
10460.0,974.9,499.4
10464.1,978.4,501.2
10468.0,975.1,499.5
10470.0,978.0,501.0
10472.1,975.0,499.5
10476.0,977.0,500.5
10478.0,974.8,499.4
10480.1,977.5,500.8
10484.1,974.8,499.4
10488.1,977.1,500.6
10492.0,975.3,499.7
10496.0,977.0,500.5
10500.1,976.4,500.2
10504.0,977.0,500.5
10506.0,973.2,498.6
10510.0,976.3,500.1
10512.1,977.1,500.6
10516.1,976.0,500.0
10520.0,975.7,499.8
10524.0,977.3,500.7
10528.0,976.5,500.3
10530.0,974.8,499.4
10534.1,977.3,500.7
10538.1,974.7,499.3
10542.1,976.9,500.5
10546.0,976.2,500.1
10548.0,975.3,499.6
10550.0,974.5,499.3
10554.0,977.8,500.9
10556.0,975.7,499.9
10558.1,977.0,500.5
10562.0,975.0,499.5
10566.0,977.2,500.6
10568.1,974.1,499.0
10572.1,973.4,498.6
10576.1,979.9,502.0
10580.1,973.9,498.9
10584.0,978.2,501.2
10586.1,974.7,499.3
10590.1,971.5,497.7
10594.0,981.0,502.6
10596.1,974.2,499.1
10600.0,976.7,500.4
10602.0,974.8,499.4
10606.1,976.9,500.5
10610.0,976.3,500.2
10612.0,976.8,500.4
10616.0,976.3,500.2
10618.1,974.2,499.1
10620.1,978.2,501.1
10624.0,975.0,499.5
10626.1,979.2,501.6
10630.0,975.6,499.8
10632.1,976.8,500.4
10636.1,975.8,499.9
10638.1,977.2,500.6
10642.0,975.2,499.6
10644.0,975.3,499.6
10646.1,977.6,500.8
10650.0,976.1,500.0
10652.0,976.9,500.4
10654.1,975.9,499.9
10658.0,976.3,500.1
10660.1,975.7,499.9
10664.0,975.4,499.7
10666.0,978.0,501.0
10668.0,975.9,499.9
10672.1,975.7,499.8
10676.0,972.3,498.1
10678.0,983.2,503.7
10680.0,976.1,500.0
10682.0,975.9,499.9
10686.0,975.5,499.8
10688.1,977.0,500.5
10692.0,975.1,499.5
10694.0,979.6,501.8
10698.0,975.1,499.5
10700.1,973.4,498.7
10704.0,978.4,501.2
10708.0,975.6,499.8
10712.0,975.8,499.9
10714.1,977.5,500.8
10718.0,976.0,500.0
10720.1,977.6,500.8
10722.1,970.8,497.3
10726.1,978.2,501.1
10728.1,977.1,500.6
10732.0,976.1,500.0
10734.1,974.9,499.5
10738.1,976.9,500.5
10742.0,975.4,499.7
10744.1,978.7,501.4
10748.1,975.4,499.7
10752.0,977.0,500.5
10754.0,975.0,499.5
10758.0,976.5,500.3
10762.0,976.2,500.1
10764.0,974.3,499.1
10766.1,975.7,499.9
10770.1,977.2,500.6
10774.1,973.7,498.8
10778.0,977.9,501.0
10780.1,975.6,499.8
10784.0,976.2,500.1
10786.0,975.7,499.8
10788.1,976.9,500.4
10792.0,977.0,500.5
10794.1,975.4,499.7
10796.1,972.4,498.1
10800.0,977.7,500.9
10802.1,974.8,499.4
10806.0,976.7,500.3
10810.0,977.6,500.8
10812.0,976.3,500.1
10814.0,974.9,499.4
10816.0,975.5,499.8
10818.1,977.7,500.9
10822.0,948.9,486.1
10826.0,976.4,500.2
10828.1,973.7,498.8
10830.1,978.1,501.1
10834.1,974.6,499.3
10838.0,976.3,500.2
10842.1,976.1,500.1
10846.0,977.6,500.8
10848.0,976.2,500.1
10852.0,976.3,500.2
10854.0,977.2,500.6
10856.0,976.0,500.0
10858.0,974.8,499.4
10860.1,977.7,500.9
10864.0,976.2,500.1
10866.0,975.3,499.6
10868.1,976.9,500.5
10870.1,976.4,500.2
10874.0,976.4,500.2
10876.0,975.2,499.6
10880.0,976.7,500.4
10882.1,972.9,498.4
10886.0,975.4,499.7
10888.0,979.6,501.8
10892.1,976.4,500.2
10896.0,975.0,499.5
10898.0,977.5,500.8
10900.0,976.3,500.2
10902.1,976.5,500.3
10904.1,974.8,499.4
10908.1,976.8,500.4
10912.1,975.6,499.8
10914.1,975.6,499.8
10918.0,977.2,500.6
10920.1,971.4,497.6
10922.1,980.1,502.1
10926.1,976.2,500.1
10928.1,976.8,500.4
10932.1,976.2,500.1
10936.1,974.3,499.1
10940.0,977.8,500.9
10942.1,974.4,499.2
10946.0,976.6,500.3
10948.0,976.2,500.1
10950.1,977.3,500.7
10954.0,975.3,499.7
10956.1,976.2,500.1
10960.0,974.4,499.2
10962.0,979.0,501.6
10964.0,977.9,501.0
10966.0,975.0,499.5
10968.1,974.8,499.4
10972.0,977.2,500.6
10976.0,975.1,499.5
10978.0,977.3,500.7
10980.1,972.2,498.1
10984.0,978.7,501.4
10986.1,976.1,500.1
10990.0,975.4,499.7
10994.0,976.8,500.4
10996.1,975.8,499.9
11000.0,975.1,499.5
11004.0,975.2,499.6
11006.0,981.3,502.7
11008.1,974.7,499.3
11012.0,976.2,500.1
11016.0,976.4,500.2
11018.1,976.3,500.2
11022.0,976.8,500.4
11024.0,974.2,499.1
11028.0,975.9,500.0
11032.0,976.3,500.1
11034.0,978.0,501.0
11036.0,974.5,499.3
11040.0,975.8,499.9
11042.1,977.1,500.6
11046.1,976.2,500.1
11050.0,975.5,499.7
11052.1,973.2,498.6
11056.0,977.6,500.8
11058.1,975.9,499.9
11062.0,976.9,500.5
11064.1,975.0,499.5
11068.0,977.2,500.6
11070.1,973.6,498.8
11074.0,977.3,500.7
11078.1,974.9,499.4
11082.1,976.3,500.2
11086.0,976.6,500.3
11088.1,976.7,500.4
11092.0,975.6,499.8
11094.0,976.0,500.0
11096.1,975.3,499.6
11100.0,977.2,500.6
11102.0,974.4,499.2
11104.1,976.3,500.2
11108.0,976.6,500.3
11110.1,975.8,499.9
11114.1,975.7,499.9
11118.0,976.5,500.2
11120.0,976.3,500.1
11122.0,974.6,499.3
11124.0,978.9,501.5
11126.1,975.1,499.5
11130.1,976.6,500.3
11134.1,975.4,499.7
11138.0,976.6,500.3
11140.1,974.1,499.0
11144.1,976.8,500.4
11148.1,974.6,499.3
11152.0,977.0,500.5
11154.0,975.1,499.5
11156.0,977.2,500.6
11158.0,976.2,500.1
11160.1,975.8,499.9
11162.1,975.0,499.5
11164.1,976.6,500.3
11168.1,976.4,500.2
11172.1,976.4,500.2
11176.1,976.0,500.0
11178.1,976.2,500.1
11182.1,974.3,499.1
11184.1,979.7,501.9
11188.1,976.0,500.0
11192.0,976.8,500.4
11196.0,973.8,498.9
11200.0,977.0,500.5
11202.1,978.2,501.1
11204.1,975.1,499.6
11208.0,977.3,500.7
11210.1,975.8,499.9
11214.1,975.2,499.6
11218.0,977.1,500.6
11220.1,975.3,499.6
11224.0,976.0,500.0
11226.1,975.3,499.7
11230.0,976.2,500.1
11234.1,976.5,500.2
11238.0,976.4,500.2
11240.1,974.6,499.3
11244.1,975.9,499.9
11248.0,976.3,500.1
11250.0,975.5,499.7
11252.1,977.8,500.9
11254.1,973.6,498.8
11256.1,978.3,501.2
11258.1,975.3,499.6
11262.1,976.6,500.3
11266.1,976.2,500.1
11268.1,973.3,498.6
11272.0,977.7,500.9
11276.0,975.8,499.9
11278.0,975.1,499.5
11280.0,976.9,500.4
11284.0,976.4,500.2
11286.0,976.0,500.0
11290.0,974.1,499.0
11292.0,978.4,501.2
11294.1,976.2,500.1
11298.0,976.4,500.2
11300.1,977.6,500.8
11304.0,975.6,499.8
11308.0,975.2,499.6
11312.0,976.9,500.4
11316.0,974.4,499.2
11318.0,978.8,501.5
11322.1,976.7,500.4
11324.1,974.7,499.3
11328.0,976.6,500.3
11332.0,975.6,499.8
11334.0,977.9,501.0
11336.1,975.4,499.7
11340.1,975.2,499.6
11344.1,977.3,500.7
11348.0,975.6,499.8
11350.1,975.9,500.0
11354.0,976.2,500.1
11356.1,975.5,499.8
11360.0,976.2,500.1
11362.0,976.3,500.1
11364.1,975.6,499.8
11366.1,976.5,500.3
11370.0,975.8,499.9
11372.0,976.2,500.1
11374.1,971.5,497.7
11376.1,981.1,502.6
11380.0,976.5,500.3
11382.1,975.9,500.0
11386.1,976.1,500.1
11390.1,975.4,499.7
11394.0,977.1,500.5
11398.0,975.5,499.8
11402.0,976.5,500.2
11404.0,976.7,500.4
11408.1,975.8,499.9
11412.1,976.2,500.1
11414.1,974.9,499.4
11418.0,976.7,500.3
11420.0,975.7,499.9
11422.0,977.5,500.8
11424.1,974.0,499.0
11428.1,976.5,500.3
11432.1,975.6,499.8
11436.0,976.4,500.2
11438.0,975.6,499.8
11440.1,977.1,500.5
11444.0,976.0,500.0
11446.1,976.0,500.0
11450.0,976.0,500.0
11452.1,975.3,499.6
11456.0,977.0,500.5
11458.0,974.5,499.3
11460.1,976.7,500.4
11464.0,975.0,499.5
11468.0,976.9,500.5
11470.0,977.4,500.7
11472.0,972.7,498.3
11476.1,977.6,500.8
11478.1,973.5,498.7
11482.1,977.1,500.6
11486.0,976.4,500.2
11488.0,974.3,499.1
11492.1,976.6,500.3
11496.1,975.5,499.7
11500.0,976.4,500.2
11504.0,974.9,499.4
11508.0,977.0,500.5
11510.1,977.4,500.7
11514.1,975.9,500.0
11516.1,975.4,499.7
11520.1,976.4,500.2
11524.0,974.5,499.2
11528.0,977.3,500.7
11530.1,977.2,500.6
11534.0,975.9,500.0
11536.1,976.2,500.1
11538.1,973.4,498.7
11542.0,977.1,500.6
11544.1,975.2,499.6
11548.0,976.4,500.2
11552.0,973.6,498.8
11556.0,978.7,501.4
11558.1,976.0,500.0
11560.1,975.1,499.5
11564.0,977.0,500.5
11566.1,975.3,499.6
11570.0,973.2,498.6
11574.1,979.5,501.8
11578.0,975.4,499.7
11582.0,976.3,500.2
11586.1,976.7,500.3
11590.0,976.2,500.1
11592.1,974.6,499.3
11596.0,975.5,499.7
11598.1,975.0,499.5
11602.0,977.9,501.0
11604.0,974.6,499.3
11608.0,976.5,500.2
11612.0,976.5,500.3
11616.0,975.1,499.5
11618.0,977.0,500.5
11620.1,976.5,500.2
11624.1,976.5,500.3
11628.1,975.5,499.8
11632.0,975.7,499.8
11634.1,978.0,501.0
11638.0,976.4,500.2
11640.1,975.8,499.9
11644.0,976.8,500.4
11646.0,974.9,499.4
11650.0,976.6,500.3
11652.1,975.8,499.9
11656.0,975.6,499.8
11660.1,976.6,500.3
11664.0,975.6,499.8
11666.0,977.2,500.6
11668.1,974.5,499.3
11672.1,977.3,500.7
11676.1,975.2,499.6
11680.0,976.3,500.2
11684.1,975.6,499.8
11688.0,976.6,500.3
11690.0,977.2,500.6
11694.0,976.2,500.1
11696.1,976.7,500.3
11700.0,975.7,499.8
11702.1,975.6,499.8
11704.1,977.6,500.8
11708.0,975.2,499.6
11710.0,978.7,501.4
11714.1,976.2,500.1
11718.1,975.2,499.6
11722.0,976.8,500.4
11726.0,976.1,500.0
11730.0,975.7,499.8
11732.0,976.4,500.2
11734.1,977.9,501.0
11738.0,973.4,498.7
11742.0,976.5,500.3
11744.0,980.9,502.5
11748.0,975.4,499.7
11750.1,974.8,499.4
11754.1,977.1,500.6
11758.1,976.4,500.2
11762.0,976.6,500.3
11764.0,973.2,498.6
11768.0,977.2,500.6
11770.1,974.4,499.2
11774.0,976.7,500.3
11776.1,977.6,500.8
11778.1,975.0,499.5
11780.1,977.0,500.5
11782.1,976.9,500.5
11786.1,974.7,499.3
11790.0,977.6,500.8
11792.0,976.2,500.1
11794.1,975.2,499.6
11798.0,974.0,499.0
11800.1,979.3,501.7
11804.1,976.2,500.1
11808.0,977.2,500.6
11810.0,974.6,499.3
11814.1,976.4,500.2
11818.0,974.8,499.4
11820.0,980.0,502.0
11824.0,976.4,500.2
11826.1,975.9,499.9
11830.1,975.6,499.8
11834.1,976.5,500.3
11838.0,976.2,500.1
11840.0,977.4,500.7
11842.0,974.0,499.0
11846.0,976.8,500.4
11848.0,975.1,499.6
11852.1,975.7,499.9
11856.1,947.2,485.2
11860.1,978.2,501.1
11864.0,976.4,500.2
11866.1,977.3,500.7
11870.0,976.2,500.1
11872.0,976.4,500.2
11874.0,976.3,500.2
11876.1,974.1,499.0
11880.0,976.9,500.5
11884.1,976.9,500.4
11888.0,975.1,499.6
11890.1,977.6,500.8
11892.1,977.4,500.7
11896.0,975.8,499.9
11900.0,976.1,500.1
11902.1,976.0,500.0
11906.1,975.9,500.0
11910.1,977.1,500.6
11914.0,977.1,500.6
11916.0,975.2,499.6
11920.0,976.4,500.2
11922.1,977.2,500.6
11926.0,976.2,500.1
11930.0,975.0,499.5
11932.1,977.8,500.9
11934.1,976.4,500.2
11938.1,975.7,499.8
11942.0,976.8,500.4
11944.1,975.6,499.8
11948.0,976.0,500.0
11952.0,976.5,500.2
11954.1,976.4,500.2
11958.1,971.3,497.6
11962.0,980.0,502.0
11964.1,976.7,500.4
11968.0,976.8,500.4
11970.0,975.9,499.9
11974.0,975.0,499.5
11976.0,980.1,502.1
11978.1,975.2,499.6
11982.1,975.8,499.9
11986.0,976.5,500.3
11988.0,977.4,500.7
11992.0,976.2,500.1
11996.0,975.1,499.5
12000.1,976.9,500.4
12004.0,976.5,500.2
12006.1,975.3,499.7
12010.0,976.8,500.4
12014.0,976.7,500.4
12016.1,976.9,500.5
12020.1,976.5,500.2
12024.0,975.2,499.6
12026.0,973.8,498.9
12030.1,978.4,501.2
12034.0,973.4,498.7
12036.1,976.0,500.0
12040.1,978.0,501.0
12044.0,976.3,500.2
12046.0,976.1,500.1
12048.0,977.1,500.6
12050.1,975.6,499.8
12054.0,976.4,500.2
12056.0,974.9,499.4
12060.0,977.2,500.6
12064.1,975.8,499.9
12066.1,978.8,501.4
12070.1,975.2,499.6
12074.0,976.4,500.2
12078.0,976.5,500.2
12080.1,974.6,499.3
12082.1,975.3,499.6
12086.0,977.6,500.8
12090.0,976.4,500.2
12092.1,972.7,498.3
12096.0,975.6,499.8
12100.1,977.9,501.0
12104.0,975.7,499.9
12106.1,977.5,500.8
12110.1,976.4,500.2
12114.0,974.2,499.1
12116.1,981.9,503.0
12120.0,975.3,499.6
12122.0,975.2,499.6
12124.1,978.3,501.2
12128.0,975.8,499.9
12132.0,976.5,500.3
12134.0,976.6,500.3
12136.1,976.1,500.1
12140.1,975.8,499.9
12144.1,976.1,500.0
12148.0,974.6,499.3
12152.0,978.0,501.0
12154.1,975.4,499.7
12158.0,976.8,500.4
12162.0,976.7,500.3
12166.0,976.1,500.1
12168.0,973.0,498.5
12170.0,980.2,502.1
12174.0,975.4,499.7
12176.1,978.5,501.3
12180.0,976.2,500.1
12184.0,976.2,500.1
12186.0,977.5,500.8
12188.1,974.7,499.4
12190.1,977.6,500.8
12194.0,976.2,500.1
12196.0,974.8,499.4
12200.0,976.9,500.5
12202.1,974.0,499.0
12206.0,977.7,500.8
12208.0,975.5,499.8
12212.0,975.9,500.0
12214.1,976.2,500.1
12218.0,976.5,500.3
12220.0,972.5,498.2
12224.0,977.6,500.8
12226.1,977.2,500.6
12230.0,975.7,499.9
12232.0,977.6,500.8
12234.0,976.5,500.3
12236.0,975.3,499.7
12238.1,977.3,500.7
12242.0,976.1,500.1
12244.1,976.8,500.4
12248.0,975.3,499.7
12250.1,976.5,500.3
12254.1,977.2,500.6
12258.0,976.0,500.0
12262.0,975.1,499.5
12264.1,974.5,499.2
12268.0,977.7,500.9
12270.1,977.6,500.8
12274.0,975.4,499.7
12276.1,977.9,501.0
12278.1,974.1,499.0
12282.1,977.2,500.6
12284.1,974.6,499.3
12288.0,977.0,500.5
12290.0,975.9,499.9
12292.0,977.2,500.6
12296.1,975.9,500.0
12300.0,976.5,500.2
12304.0,976.2,500.1
12306.1,976.7,500.4
12310.0,976.0,500.0
12312.0,974.8,499.4
12314.0,977.1,500.6
12318.1,977.8,500.9
12322.0,952.7,488.1
12324.0,967.2,495.5
12326.0,976.4,500.2
12330.1,976.4,500.2
12334.0,976.3,500.1
12336.0,974.9,499.4
12340.0,974.5,499.2
12342.1,980.2,502.1
12346.1,976.6,500.3
12348.1,975.7,499.9
12352.0,977.3,500.7
12354.1,970.5,497.2
12358.1,978.1,501.1
12362.1,976.8,500.4
12366.0,974.9,499.5
12368.1,977.7,500.9
12372.0,976.2,500.1
12374.1,976.4,500.2
12378.0,976.8,500.4
12380.0,975.8,499.9
12384.0,976.1,500.0
12388.0,975.8,499.9
12390.1,978.0,501.0
12392.1,975.3,499.6
12396.1,976.5,500.3
12398.1,968.3,496.0
12402.0,979.8,502.0
12404.1,976.2,500.1
12408.0,976.5,500.2
12410.0,976.5,500.3
12414.1,975.8,499.9
12416.1,975.3,499.7
12420.1,976.7,500.4
12424.1,976.8,500.4
12428.1,976.3,500.2
12432.0,975.8,499.9
12436.0,976.9,500.4
12438.0,976.0,500.0
12442.1,974.4,499.2
12446.1,978.0,501.0
12450.1,976.3,500.1
12452.1,973.9,498.9
12456.0,977.1,500.6
12458.0,976.9,500.5
12460.1,976.3,500.2
12462.1,975.8,499.9
12466.0,976.3,500.1
12470.0,976.5,500.2
12472.1,968.4,496.1
12476.0,978.5,501.3
12478.1,978.8,501.5
12482.0,976.4,500.2
12486.0,976.2,500.1
12490.0,976.4,500.2
12492.1,975.7,499.8
12496.0,976.4,500.2
12498.1,976.4,500.2
12502.1,962.4,493.0
12504.1,948.5,485.9
12506.1,976.1,500.0
12510.0,975.4,499.7
12514.1,977.6,500.8
12518.0,975.5,499.7
12522.0,976.5,500.3
12526.0,977.0,500.5
12528.1,975.6,499.8
12532.0,977.0,500.5
12534.1,974.6,499.3
12536.1,977.0,500.5
12540.1,976.2,500.1
12544.1,975.9,499.9
12548.0,976.7,500.4
12552.1,975.8,499.9
12556.1,976.3,500.2
12560.1,976.8,500.4
12564.1,973.2,498.5
12568.0,979.0,501.5
12572.0,976.6,500.3
12576.0,976.4,500.2
12580.0,975.3,499.7
12582.1,978.4,501.2
12586.0,975.3,499.6
12590.0,976.3,500.1
12594.1,975.6,499.8
12598.1,977.5,500.7
12602.0,976.0,500.0
12604.1,975.8,499.9
12608.1,975.8,499.9
12612.0,976.7,500.4
12614.0,977.3,500.7
12618.0,976.1,500.0
12620.0,976.2,500.1
12622.1,970.0,496.9
12624.1,981.6,502.9
12628.1,977.4,500.7
12632.0,976.6,500.3
12634.0,974.4,499.2
12638.0,976.5,500.3
12640.0,974.6,499.3
12644.1,977.4,500.7
12648.0,975.9,499.9
12650.0,976.7,500.4
12652.0,976.4,500.2
12654.1,976.2,500.1
12658.0,976.5,500.3
12660.1,973.4,498.7
12662.1,979.9,502.0
12666.0,976.4,500.2
12670.0,975.4,499.7
12672.1,976.4,500.2
12676.1,977.2,500.6
12680.1,974.8,499.4
12684.0,977.0,500.5
12686.1,974.8,499.4
12688.1,977.8,500.9
12692.0,976.8,500.4
12696.0,975.7,499.8
12700.1,976.7,500.4
12704.0,975.6,499.8
12706.0,977.4,500.7
12708.1,975.4,499.7
12712.0,975.8,499.9
12716.1,976.5,500.3
12720.1,977.1,500.6
12724.1,975.7,499.8
12726.1,976.9,500.5
12730.0,976.5,500.3
12732.1,975.8,499.9
12736.1,976.3,500.2
12740.0,976.4,500.2
12742.1,963.5,493.6
12744.1,934.5,478.7
12746.1,976.4,500.2
12750.1,975.9,499.9
12754.1,976.6,500.3
12758.1,975.8,499.9
12762.0,974.2,499.1
12766.0,978.1,501.1
12770.0,976.5,500.3
12772.0,976.5,500.3
12774.0,975.3,499.7
12778.0,975.7,499.8
12782.1,976.8,500.4
12786.1,975.5,499.8
12788.1,975.2,499.6
12792.0,976.8,500.4
12794.0,976.2,500.1
12796.0,976.3,500.1
12800.1,977.0,500.5
12804.1,975.8,499.9
12808.0,975.9,499.9
12812.0,976.0,500.0
12814.0,977.3,500.7
12816.1,976.4,500.2
12820.0,975.7,499.8
12824.0,976.3,500.1
12826.1,976.5,500.3
12830.1,975.9,499.9
12834.0,975.2,499.6
12836.0,978.9,501.5
12838.1,975.8,499.9
12842.1,976.2,500.1
12846.1,976.0,500.0
12850.1,976.5,500.3
12854.0,976.2,500.1
12856.1,976.2,500.1
12858.1,977.2,500.6
12862.0,974.7,499.3
12866.0,977.1,500.5
12868.0,976.6,500.3
12870.1,974.5,499.2
12874.1,976.5,500.2
12878.0,974.1,499.0
12880.0,977.5,500.8
12884.0,978.2,501.1
12886.0,974.2,499.1
12888.1,977.7,500.9
12892.0,975.5,499.8
12894.0,977.1,500.5
12896.0,974.9,499.5
12900.1,976.6,500.3
12904.1,976.7,500.4
12908.0,975.6,499.8
12910.1,976.3,500.1
12914.1,976.0,500.0
12918.0,976.6,500.3
12920.0,975.5,499.7
12924.0,976.4,500.2
12926.1,972.7,498.3
12930.0,978.0,501.0
12932.1,977.3,500.7
12936.1,975.1,499.6
12940.0,977.3,500.7
12944.0,975.8,499.9
12946.1,975.5,499.7
12950.0,976.4,500.2
12954.0,977.3,500.7
12956.0,974.9,499.4
12960.0,975.7,499.9
12962.0,976.6,500.3
12966.1,976.5,500.3
12970.1,974.9,499.4
12974.1,976.3,500.2
12978.1,976.1,500.0
12982.0,978.1,501.1
12984.0,975.8,499.9
12988.0,976.0,500.0
12992.1,976.5,500.3
12996.0,975.7,499.8
12998.0,978.4,501.2
13000.0,975.4,499.7
13004.1,976.0,500.0
13008.0,976.5,500.3
13012.0,975.6,499.8
13014.0,976.2,500.1
13018.0,977.1,500.6
13020.1,974.5,499.2
13024.0,976.5,500.3
13026.0,977.2,500.6
13030.0,976.5,500.3
13032.0,975.7,499.8
13036.0,975.8,499.9
13040.0,976.1,500.0
13042.0,975.9,499.9
13046.0,976.2,500.1
13048.1,976.9,500.5
13052.1,975.7,499.8
13056.1,974.6,499.3
13060.1,976.5,500.2
13064.0,977.8,500.9
13066.0,974.6,499.3
13068.0,977.0,500.5
13070.1,976.3,500.2
13074.1,976.3,500.2
13078.1,975.6,499.8
13082.1,976.3,500.1
13086.0,977.0,500.5
13090.1,976.1,500.1
13094.0,977.0,500.5
13098.1,975.9,500.0
13100.1,973.4,498.7
13104.0,976.6,500.3
13106.0,976.9,500.5
13108.1,975.9,500.0
13112.1,976.9,500.5
13116.1,974.9,499.4
13120.1,977.2,500.6
13122.1,975.8,499.9
13124.1,976.4,500.2
13126.1,973.2,498.6
13130.0,977.3,500.7
13132.1,978.0,501.0
13136.0,974.4,499.2
13140.0,977.1,500.5
13142.0,975.8,499.9
13144.0,977.1,500.6
13146.1,977.3,500.7
13148.1,975.5,499.8
13152.1,976.3,500.2
13156.1,977.0,500.5
13160.0,976.3,500.1
13162.0,976.1,500.1
13166.0,949.0,486.2
13170.0,976.6,500.3
13174.0,975.5,499.7
13176.1,977.0,500.5
13180.0,976.4,500.2
13182.0,975.0,499.5
13186.1,974.5,499.2
13190.0,978.5,501.3
13192.0,977.1,500.6
13194.0,972.6,498.3
13196.0,978.2,501.1
13198.1,976.7,500.4
13202.0,976.4,500.2
13204.0,976.7,500.3
13206.0,975.2,499.6
13210.0,976.9,500.4
13214.0,975.5,499.8
13218.0,976.8,500.4
13220.1,972.9,498.4
13224.0,977.7,500.9
13228.1,976.5,500.3
13232.0,975.3,499.7
13236.0,975.9,499.9
13240.0,977.5,500.8
13244.0,976.2,500.1
13246.0,978.0,501.0
13248.1,975.1,499.5
13252.0,976.7,500.4
13254.1,973.5,498.7
13258.0,977.6,500.8
13260.1,975.4,499.7
13264.0,976.4,500.2
13268.0,976.6,500.3
13270.0,974.1,499.0
13274.0,977.0,500.5
13276.0,976.6,500.3
13278.0,976.7,500.3
13282.0,976.4,500.2
13286.0,976.2,500.1
13288.1,974.4,499.2
13292.0,975.4,499.7
13296.0,978.1,501.1
13298.1,974.8,499.4
13302.1,976.2,500.1
13306.0,976.4,500.2
13308.0,976.7,500.4
13312.0,976.1,500.0
13314.0,975.5,499.8
13318.1,976.5,500.3
13320.1,974.6,499.3
13324.0,976.0,500.0
13326.0,976.8,500.4
13330.0,976.2,500.1
13332.0,976.9,500.5
13336.1,976.8,500.4
13338.1,970.2,497.0
13342.0,978.3,501.2
13344.1,977.3,500.7
13348.1,976.2,500.1
13352.0,976.3,500.2
13354.1,975.8,499.9
13356.1,976.0,500.0
13360.1,976.2,500.1
13364.1,976.3,500.1
13368.0,976.0,500.0
13370.0,976.6,500.3
13372.1,976.0,500.0
13376.0,977.1,500.5
13378.0,975.3,499.7
13380.0,975.9,500.0
13384.0,976.3,500.2
13386.0,976.4,500.2
13390.1,976.0,500.0
13394.0,976.5,500.2
13398.1,976.7,500.3
13402.0,976.8,500.4
13404.1,974.8,499.4
13408.1,975.3,499.6
13412.0,976.9,500.4
13414.0,974.3,499.1
13418.0,977.4,500.7
13422.0,976.4,500.2
13426.0,976.0,500.0
13430.1,976.2,500.1
13434.0,976.6,500.3
13438.0,976.2,500.1
13440.0,976.1,500.1
13444.1,976.3,500.1
13448.0,975.5,499.8
13450.0,977.6,500.8
13452.1,975.7,499.8
13456.0,976.4,500.2
13460.0,976.0,500.0
13464.0,976.1,500.1
13466.0,974.3,499.1
13470.0,977.7,500.9
13472.0,976.4,500.2
13474.1,976.4,500.2
13478.1,975.7,499.8
13482.0,976.4,500.2
13484.1,977.2,500.6
13488.1,975.9,500.0
13492.0,976.2,500.1
13494.0,974.8,499.4
13496.1,977.1,500.6
13500.1,976.2,500.1
13502.1,976.8,500.4
13506.0,976.6,500.3
13508.0,975.2,499.6
13510.1,976.6,500.3
13514.0,976.7,500.4
13516.0,974.4,499.2
13518.0,977.0,500.5
13520.1,975.2,499.6
13524.0,976.3,500.2
13528.0,976.3,500.2
13530.0,976.1,500.0
13534.1,976.3,500.2
13536.1,976.1,500.0
13540.1,976.6,500.3
13544.0,976.5,500.2
13546.1,974.3,499.1
13550.0,977.1,500.6
13552.0,974.2,499.1
13554.0,976.0,500.0
13558.1,977.0,500.5
13562.1,976.6,500.3
13566.1,974.3,499.2
13570.0,977.4,500.7
13574.1,975.1,499.5
13578.1,978.0,501.0
13582.0,974.0,499.0
13586.1,977.7,500.9
13590.0,977.0,500.5
13592.1,974.2,499.1
13596.0,977.2,500.6
13600.0,974.5,499.2
13604.0,977.2,500.6
13606.1,976.5,500.3
13610.0,975.3,499.6
13614.1,977.0,500.5
13618.0,975.8,499.9
13620.1,976.9,500.4
13624.0,976.2,500.1
13626.1,973.1,498.5
13630.1,977.4,500.7
13632.1,976.4,500.2
13636.0,976.4,500.2
13638.0,976.6,500.3
13642.0,975.2,499.6
13644.1,976.6,500.3
13648.1,976.3,500.1
13650.1,977.9,501.0
13654.1,974.7,499.4
13658.0,978.1,501.1
13662.0,974.5,499.2
13664.1,966.8,495.3
13668.0,982.2,503.2
13670.1,975.3,499.7
13674.0,975.9,499.9
13676.1,977.8,500.9
13680.0,976.0,500.0
13682.0,977.5,500.7
13686.1,975.6,499.8
13690.1,976.5,500.2
13694.1,975.8,499.9
13698.0,976.7,500.4
13702.0,976.0,500.0
13706.0,975.4,499.7
13708.0,977.5,500.7
13712.0,975.9,500.0
13714.1,976.8,500.4
13716.1,976.1,500.0
13720.1,976.5,500.2
13724.1,975.9,500.0
13728.0,976.8,500.4
13732.0,976.6,500.3
13734.0,974.5,499.2
13738.1,976.5,500.2
13742.0,976.1,500.0
13746.0,977.2,500.6
13748.0,975.6,499.8
13752.0,976.1,500.1
13754.0,975.9,499.9
13756.0,977.4,500.7
13758.1,976.8,500.4
13762.0,974.7,499.3
13764.1,978.7,501.4
13768.0,975.6,499.8
13772.0,976.5,500.3
13774.1,977.4,500.7
13778.0,974.2,499.1
13780.1,978.2,501.1
13782.1,976.7,500.4
13784.1,974.1,499.0
13788.1,977.8,500.9
13792.0,975.7,499.9
13794.0,975.6,499.8
13798.0,976.9,500.4
13802.0,975.9,499.9
13804.1,975.3,499.6
13808.1,976.1,500.0
13812.1,976.5,500.3
13816.0,976.5,500.3
13818.0,974.6,499.3
13822.0,977.1,500.5
13824.1,974.7,499.3
13828.1,976.9,500.5
13832.0,975.9,499.9
13834.1,975.3,499.6
13838.0,977.0,500.5
13840.1,975.8,499.9
13844.1,976.4,500.2
13846.1,976.1,500.1
13850.1,974.6,499.3
13852.1,976.0,500.0
13856.1,978.2,501.1
13860.1,975.2,499.6
13864.0,975.9,500.0
13868.0,975.7,499.9
13872.1,977.8,500.9
13876.1,976.7,500.3
13880.1,975.4,499.7
13884.0,976.9,500.4
13888.0,976.0,500.0
13890.1,975.0,499.5
13892.1,975.7,499.9
13896.1,977.2,500.6
13900.0,976.0,500.0
13902.1,968.4,496.1
13906.0,980.1,502.1
13908.0,977.2,500.6
13912.1,975.7,499.9
13916.1,976.3,500.2
13920.1,974.7,499.3
13924.1,977.0,500.5
13928.0,977.0,500.5
13932.1,976.1,500.0
13934.1,977.7,500.9
13938.1,975.3,499.7
13942.0,976.5,500.2
13946.0,975.8,499.9
13948.0,976.0,500.0
13952.1,976.8,500.4
13956.0,976.4,500.2
13960.0,976.0,500.0
13962.0,976.4,500.2
13964.0,976.6,500.3
13968.1,976.3,500.2
13972.1,975.7,499.9
13976.0,976.1,500.1
13978.0,975.7,499.8
13982.1,976.4,500.2
13986.1,977.0,500.5
13990.0,975.7,499.8
13994.1,975.4,499.7
13998.1,977.8,500.9
14002.0,976.2,500.1
14004.0,974.5,499.2
14008.0,976.1,500.0
14012.1,976.3,500.2
14014.1,977.1,500.5
14018.0,975.7,499.8
14020.1,976.0,500.0
14024.0,975.7,499.9
14026.1,970.4,497.1
14030.0,980.0,502.0
14032.0,974.8,499.4
14036.0,976.4,500.2
14038.1,974.7,499.3
14040.1,978.3,501.2
14044.1,976.3,500.1
14048.0,975.9,499.9
14050.0,976.9,500.5
14052.1,975.0,499.5
14056.0,976.4,500.2
14058.1,976.8,500.4
14062.0,976.2,500.1
14066.1,975.1,499.5
14070.0,975.9,499.9
14072.0,978.0,501.0
14074.1,975.9,499.9
14078.1,976.4,500.2
14082.0,975.8,499.9
14086.0,976.5,500.3
14088.0,978.1,501.1
14090.1,974.2,499.1
14094.0,976.5,500.3
14096.0,976.0,500.0
14100.1,976.1,500.0
14104.1,976.4,500.2
14106.1,977.0,500.5
14108.1,976.8,500.4
14112.1,975.8,499.9
14114.1,976.1,500.1
14118.0,976.7,500.4
14120.1,975.9,499.9
14124.1,975.4,499.7
14128.1,976.7,500.4
14132.0,976.5,500.3
14134.0,973.7,498.8
14138.1,977.2,500.6
14142.1,976.3,500.2
14146.0,976.6,500.3
14148.0,975.5,499.8
14152.0,975.5,499.7
14154.1,977.1,500.6
14158.0,976.1,500.1
14160.0,977.0,500.5
14164.0,973.3,498.6
14166.1,981.9,503.0
14170.1,973.5,498.7
14174.0,978.2,501.1
14178.1,976.8,500.4
14182.0,976.4,500.2
14184.1,975.4,499.7
14188.0,975.1,499.5
14192.1,974.3,499.1
14196.1,979.0,501.5
14200.0,976.6,500.3
14202.1,975.6,499.8
14206.0,976.3,500.2
14210.0,975.7,499.9
14212.1,975.7,499.9
14214.1,975.7,499.8
14218.1,976.9,500.5
14220.1,976.0,500.0
14224.0,975.4,499.7
14226.1,977.8,500.9
14230.1,975.6,499.8
14234.0,976.3,500.2
14238.0,976.3,500.2
14242.0,976.3,500.2
14246.0,976.4,500.2
14250.0,975.5,499.7
14254.1,975.4,499.7
14258.1,976.9,500.4
14260.1,976.9,500.5
14262.1,976.3,500.2
14266.0,976.4,500.2
14268.1,974.3,499.1
14272.0,977.2,500.6
14276.1,975.9,499.9
14280.0,976.6,500.3
14282.0,974.2,499.1
14286.1,975.8,499.9
14290.1,976.4,500.2
14294.0,976.7,500.4
14296.0,974.0,499.0
14300.1,976.9,500.5
14304.0,975.7,499.9
14308.0,974.2,499.1
14312.0,977.7,500.9
14316.0,977.0,500.5
14320.1,975.7,499.9
14324.0,976.2,500.1
14326.0,975.5,499.8
14330.1,976.5,500.2
14334.0,976.8,500.4
14336.0,972.4,498.1
14338.1,979.3,501.7
14340.1,976.3,500.2
14344.0,975.9,500.0
14346.0,977.0,500.5
14350.0,975.3,499.6
14352.1,978.9,501.5
14356.1,976.1,500.0
14358.1,976.1,500.1
14362.0,976.7,500.4
14364.0,971.1,497.5
14366.1,980.5,502.3
14370.0,975.9,500.0
14372.0,976.0,500.0
14374.0,975.8,499.9
14378.0,976.4,500.2
14382.1,975.1,499.5
14386.0,975.1,499.6
14388.0,979.6,501.9
14390.1,973.4,498.6
14394.1,977.8,500.9
14398.0,975.2,499.6
14400.1,976.8,500.4
14402.1,976.8,500.4
14406.1,976.0,500.0
14410.0,976.5,500.3
14414.1,976.2,500.1
14418.0,975.7,499.9
14420.1,976.7,500.4
14424.0,976.3,500.2
14426.1,975.5,499.7
14428.1,975.6,499.8
14432.1,976.7,500.4
14434.1,976.3,500.1
14436.1,975.0,499.5
14440.0,977.1,500.5
14442.0,972.4,498.1
14444.0,977.4,500.7
14446.1,975.8,499.9
14450.1,976.3,500.2
14454.0,976.2,500.1
14458.1,975.5,499.7
14462.0,976.7,500.4
14464.1,973.7,498.8
14468.0,976.7,500.4
14470.1,978.1,501.1
14474.0,975.2,499.6
14476.1,976.7,500.4
14480.0,976.6,500.3
14482.1,975.3,499.6
14484.1,936.1,479.6
14488.0,969.0,496.4
14492.0,977.0,500.5
14496.0,976.2,500.1
14500.1,975.9,500.0
14502.1,972.9,498.4
14504.1,978.6,501.3
14508.0,976.7,500.4
14510.1,975.7,499.9
14514.0,976.0,500.0
14516.1,975.8,499.9
14520.0,975.1,499.5
14522.1,977.7,500.9
14526.1,976.1,500.0
14530.1,977.1,500.6
14532.1,975.3,499.7
14536.0,975.9,500.0
14540.0,976.9,500.5
14542.1,975.6,499.8
14546.0,976.4,500.2
14548.1,974.3,499.1
14552.0,976.1,500.0
14554.1,973.3,498.6
14558.1,978.0,501.0
14562.1,976.6,500.3
14566.0,974.2,499.1
14570.0,977.2,500.6
14572.1,978.0,501.0
14576.0,975.4,499.7
14580.1,977.0,500.5
14584.1,973.7,498.8
14588.1,978.1,501.1
14592.1,976.0,500.0
14596.0,976.7,500.4
14598.1,975.8,499.9
14602.0,976.4,500.2
14604.0,967.3,495.6
14606.1,984.5,504.3
14610.0,975.7,499.8
14612.0,977.6,500.8
14614.0,975.6,499.8
14616.1,976.6,500.3
14620.0,976.3,500.2
14624.0,975.8,499.9
14626.1,975.5,499.7
14628.1,972.8,498.3
14632.0,978.8,501.4
14634.1,974.5,499.3
14638.0,976.5,500.3
14642.1,975.7,499.9
14646.1,977.1,500.6
14648.1,975.3,499.6
14652.0,976.1,500.1
14654.0,976.5,500.3
14658.1,976.0,500.0
14662.0,976.8,500.4
14664.0,964.5,494.1
14666.0,986.5,505.4
14668.1,976.1,500.0
14672.0,976.1,500.0
14676.0,974.8,499.4
14680.1,977.7,500.9
14684.1,976.6,500.3
14686.1,975.6,499.8
14690.0,975.4,499.7
14692.0,977.2,500.6
14696.0,976.7,500.3
14700.0,976.7,500.3
14704.0,975.5,499.8
14706.1,974.2,499.1
14710.1,974.8,499.4
14712.1,981.4,502.8
14716.0,975.4,499.7
14718.0,977.3,500.7
14720.0,972.9,498.4
14724.0,969.4,496.6
14726.0,939.7,481.4
14728.0,975.6,499.8
14732.1,974.8,499.4
14736.0,976.4,500.2
14740.0,977.4,500.7
14744.0,975.6,499.8
14746.1,970.4,497.1
14750.1,977.9,501.0
14754.0,975.8,499.9
14756.1,978.0,501.0
14760.1,975.6,499.8
14764.1,977.3,500.7
14766.1,975.7,499.9
14770.0,976.4,500.2
14774.1,976.4,500.2
14776.1,975.4,499.7
14780.0,975.0,499.5
14782.1,978.7,501.4
14784.1,965.2,494.5
14788.1,954.2,488.8
14792.0,976.0,500.0
14794.0,975.8,499.9
14796.0,975.6,499.8
14798.1,977.3,500.6
14802.1,975.9,499.9
14806.0,976.1,500.0
14810.0,976.7,500.4
14812.1,974.1,499.0
14816.0,976.6,500.3
14820.1,977.0,500.5
14824.0,976.3,500.2
14826.1,976.0,500.0
14830.0,975.6,499.8
14832.1,976.4,500.2
14834.1,977.0,500.5
14838.0,975.4,499.7
14840.1,975.8,499.9
14844.0,975.1,499.5
14848.0,977.2,500.6
14852.1,975.5,499.8
14854.1,977.6,500.8
14858.0,976.5,500.2
14860.1,976.1,500.0
14864.0,975.6,499.8
14866.1,975.5,499.8
14870.0,975.0,499.5
14872.1,981.0,502.6
14876.1,975.3,499.6
14878.1,977.6,500.8
14882.1,975.0,499.5
14886.0,976.5,500.3
14888.0,976.6,500.3
14890.1,975.8,499.9
14894.1,975.6,499.8
14896.1,977.7,500.9
14900.0,975.8,499.9
14902.0,976.3,500.2
14904.1,970.2,497.0
14908.0,978.8,501.5
14910.1,976.5,500.3
14914.1,975.9,500.0
14918.0,976.2,500.1
14922.0,976.6,500.3
14924.0,970.3,497.1
14928.1,978.5,501.3
14932.0,977.0,500.5
14936.0,973.6,498.8
14938.0,976.0,500.0
14942.1,977.8,500.9
14946.1,976.6,500.3
14950.0,975.9,500.0
14952.1,976.9,500.5
14954.1,974.9,499.5
14958.1,976.1,500.1
14962.0,976.0,500.0
14964.0,969.7,496.8
14966.0,979.9,502.0
14968.1,975.1,499.5
14972.1,977.3,500.7
14976.0,975.0,499.5
14980.0,977.0,500.5
14982.1,971.8,497.9
14984.1,977.2,500.6
14988.0,978.0,501.0
14990.0,974.3,499.2
14992.1,977.0,500.5
14994.1,976.1,500.1
14998.0,976.4,500.2
15000.1,975.3,499.6
15004.1,975.6,499.8
15008.0,977.0,500.5
15010.0,977.0,500.5
15014.0,975.9,499.9
15018.1,975.9,499.9
15022.0,976.0,500.0
15024.1,974.1,499.0
15028.1,977.0,500.5
15032.0,975.4,499.7
15034.1,978.4,501.2
15038.1,976.4,500.2
15042.1,976.0,500.0
15044.1,975.7,499.9
15048.1,976.5,500.3
15052.0,976.1,500.0
15054.1,975.4,499.7
15056.1,976.8,500.4
15058.1,976.1,500.1
15062.0,975.4,499.7
15066.0,974.7,499.3
15068.1,980.6,502.4
15072.0,975.8,499.9
15074.0,977.8,500.9
15076.0,975.0,499.5
15080.1,976.8,500.4
15084.0,975.8,499.9
15088.1,975.9,499.9
15092.1,975.7,499.9
15096.0,977.1,500.6
15098.0,975.6,499.8
15100.1,975.2,499.6
15102.1,976.8,500.4
15106.1,973.3,498.6
15110.0,977.6,500.8
15114.0,976.6,500.3
15116.1,979.0,501.5
15120.0,975.8,499.9
15122.1,976.2,500.1
15124.1,974.5,499.2
15128.0,976.9,500.4
15130.1,976.9,500.4
15134.1,973.8,498.9
15138.0,978.7,501.4
15140.0,975.0,499.5
15142.0,977.3,500.7
15146.0,976.2,500.1
15148.0,975.8,499.9
15150.0,975.0,499.5
15152.1,976.5,500.3
15156.0,976.4,500.2
15158.1,976.1,500.0
15162.1,974.9,499.4
15166.0,977.6,500.8
15168.0,974.4,499.2
15170.1,977.3,500.6
15174.0,975.9,499.9
15178.0,975.6,499.8
15180.0,977.1,500.6
15182.0,976.1,500.1
15186.0,975.9,499.9
15190.1,975.8,499.9
15194.1,976.1,500.1
15198.1,976.6,500.3
15202.0,975.6,499.8
15206.0,976.9,500.5
15210.1,976.5,500.2
15214.1,976.7,500.3
15218.0,975.1,499.5
15220.1,977.6,500.8
15222.1,976.4,500.2
15226.0,975.3,499.6
15228.0,977.8,500.9
15230.0,974.0,499.0
15232.1,976.3,500.2
15236.1,976.6,500.3
15240.1,976.1,500.0
15244.1,975.7,499.8
15248.0,976.3,500.2
15252.0,976.4,500.2
15254.1,976.8,500.4
15258.0,976.4,500.2
15260.0,975.8,499.9
15262.1,975.8,499.9
15264.1,975.6,499.8
15268.1,976.4,500.2
15270.1,976.5,500.3
15274.1,975.7,499.9
15278.1,976.1,500.1
15282.1,976.5,500.3
15286.0,973.8,498.8
15290.1,978.2,501.1
15294.0,976.1,500.1
15296.1,973.9,498.9
15300.1,976.8,500.4
15302.1,976.8,500.4
15304.1,976.0,500.0
15308.1,977.2,500.6
15312.0,974.0,499.0
15314.1,979.9,502.0
15318.0,976.0,500.0
15322.0,975.9,500.0
15324.1,974.0,499.0
15328.0,975.4,499.7
15330.0,977.1,500.6
15334.0,977.2,500.6
15336.1,975.0,499.5
15340.0,977.6,500.8
15342.1,976.1,500.1
15346.0,975.9,500.0
15348.0,976.9,500.5
15350.0,976.2,500.1
15352.1,969.4,496.6
15356.0,979.2,501.7
15358.1,977.8,500.9
15360.1,975.4,499.7
15364.0,976.9,500.5
15366.1,976.2,500.1
15368.1,975.6,499.8
15372.1,976.2,500.1
15376.0,974.8,499.4
15378.1,978.5,501.3
15382.1,976.5,500.2
15384.1,976.8,500.4
15388.1,974.8,499.4
15392.0,977.5,500.8
15394.1,976.5,500.2
15398.1,976.1,500.1
15402.0,976.3,500.2
15404.0,975.6,499.8
15408.0,975.8,499.9
15410.1,978.5,501.3
15414.1,975.8,499.9
15416.1,976.4,500.2
15420.0,976.0,500.0
15422.0,977.4,500.7
15424.1,975.6,499.8
15426.1,976.0,500.0
15428.1,976.8,500.4
15432.1,975.1,499.5
15436.0,975.5,499.8
15438.1,979.7,501.9
15442.1,973.7,498.8
15446.0,978.9,501.5
15448.0,975.1,499.5
15452.1,976.7,500.4
15456.0,975.9,499.9
15458.0,972.8,498.3
15462.1,977.7,500.9
15466.1,975.4,499.7
15470.0,977.9,501.0
15474.0,975.7,499.9
15478.0,975.9,500.0
15480.1,976.4,500.2
15484.0,977.4,500.7
15486.1,972.2,498.1
15490.1,977.5,500.8
15492.1,976.0,500.0
15496.1,975.9,500.0
15500.0,974.4,499.2
15504.0,978.5,501.3
15508.0,973.9,498.9
15510.0,979.5,501.8
15514.0,976.9,500.5
15518.1,976.1,500.1
15520.1,975.8,499.9
15524.1,976.3,500.2
15528.0,976.2,500.1
15530.0,975.5,499.7
15534.1,976.8,500.4
15538.0,976.0,500.0
15540.1,976.9,500.4
15544.1,976.0,500.0
15548.1,977.0,500.5
15552.0,975.8,499.9
15554.1,975.6,499.8
15558.0,976.1,500.1
15560.1,976.9,500.5
15564.0,976.4,500.2
15566.1,922.0,472.4
15570.1,976.5,500.2
15574.0,976.7,500.3
15576.1,975.8,499.9
15580.0,976.0,500.0
15584.0,976.6,500.3
15588.0,976.6,500.3
15592.0,975.8,499.9
15594.1,975.3,499.6
15598.0,977.3,500.7
15602.0,975.3,499.6
15606.0,976.7,500.3
15608.0,976.4,500.2
15610.1,973.8,498.9
15612.1,972.1,498.0
15616.0,979.4,501.8
15618.0,974.6,499.3
15622.1,976.7,500.4
15624.1,977.4,500.7
15628.1,976.4,500.2
15632.1,974.8,499.4
15634.1,977.2,500.6
15638.1,976.9,500.5
15642.0,976.4,500.2
15646.1,975.0,499.5
15650.0,975.8,499.9
15654.0,977.1,500.6
15656.1,976.2,500.1
15660.1,976.2,500.1
15662.1,976.6,500.3
15666.0,976.5,500.3
15668.1,977.0,500.5
15672.1,973.8,498.9
15676.0,977.8,500.9
15680.0,976.5,500.2
15682.0,976.6,500.3
15686.0,922.3,472.5
15688.0,976.3,500.2
15690.1,975.6,499.8
15694.1,976.2,500.1
15698.0,976.4,500.2
15702.1,976.3,500.1
15706.1,975.4,499.7
15710.0,977.0,500.5
15712.1,978.0,501.0
15716.0,976.5,500.3
15718.0,974.7,499.3
15722.0,976.7,500.3
15724.1,975.1,499.5
15728.1,976.8,500.4
15732.0,975.7,499.9
15736.0,977.0,500.5
15740.0,975.8,499.9
15744.0,977.0,500.5
15746.0,923.4,473.0
15750.1,975.4,499.7
15754.0,976.0,500.0
15758.0,976.3,500.2
15762.0,976.7,500.4
15766.0,976.1,500.1
15770.0,975.9,500.0
15772.1,976.2,500.1
15776.1,975.1,499.5
15780.0,977.2,500.6
15782.1,977.5,500.8
15784.1,974.6,499.3
15788.0,976.4,500.2
15790.0,976.3,500.1
15794.1,974.9,499.4
15798.1,977.2,500.6
15802.0,977.2,500.6
15804.1,975.5,499.7
15808.1,976.8,500.4
15812.0,976.4,500.2
15814.0,975.0,499.5
15816.0,975.8,499.9
15820.0,973.1,498.5
15822.1,980.1,502.1
15826.0,977.3,500.7
15830.1,975.7,499.8
15834.0,976.5,500.3
15836.0,977.3,500.7
15840.1,973.6,498.8
15844.0,978.7,501.4
15846.1,976.2,500.1
15850.0,976.0,500.0
15852.1,977.8,500.9
15856.0,975.8,499.9
15860.0,976.7,500.4
15864.0,975.5,499.7
15866.1,976.8,500.4
15870.0,976.3,500.2
15872.1,975.9,499.9
15876.0,976.3,500.2
15878.0,976.0,500.0
15880.0,977.9,501.0
15882.1,974.5,499.2
15886.0,976.8,500.4
15888.0,976.0,500.0
15890.0,973.0,498.5
15892.0,978.9,501.5
15894.0,977.8,500.9
15898.1,975.7,499.9
15902.0,976.4,500.2
15904.0,975.9,500.0
15908.0,976.6,500.3
15910.0,976.7,500.3
15912.0,976.9,500.5
15914.1,969.7,496.8
15918.1,978.8,501.4
15922.0,976.5,500.3
15926.0,976.5,500.3
15930.0,976.1,500.1
15932.1,974.5,499.2
15934.1,977.7,500.9
15938.0,976.2,500.1
15940.1,976.8,500.4
15942.1,972.0,498.0
15946.0,978.4,501.2
15948.0,975.0,499.5
15950.1,978.2,501.1
15954.1,975.2,499.6
15956.1,977.8,500.9
15960.1,976.2,500.1
15964.1,976.4,500.2
15968.0,976.1,500.0
15970.0,977.3,500.7
15974.1,975.7,499.8
15978.1,977.2,500.6
15980.1,975.2,499.6
15984.0,976.4,500.2
15986.1,975.9,499.9
15990.1,976.1,500.1
15992.1,976.8,500.4
15996.0,976.0,500.0
15998.1,977.1,500.6
16002.0,976.1,500.0
16004.0,975.9,499.9
16006.1,976.5,500.2
16008.1,975.6,499.8
16012.1,976.5,500.3
16016.1,976.2,500.1
16020.1,976.4,500.2
16024.0,975.9,500.0
16028.0,976.6,500.3
16030.0,976.9,500.4
16032.0,976.0,500.0
16036.1,975.8,499.9
16040.1,975.6,499.8
16044.1,977.1,500.6
16048.0,976.1,500.1
16050.0,975.5,499.8
16054.0,977.2,500.6
16056.0,975.8,499.9
16060.0,974.8,499.4
16062.1,978.9,501.5
16066.0,974.7,499.3
16068.1,976.1,500.0
16072.0,977.6,500.8
16074.0,975.9,499.9
16078.0,975.4,499.7
16082.0,976.7,500.4
16086.1,975.5,499.7
16088.1,976.9,500.5
16092.1,977.3,500.7
16096.0,976.0,500.0
16098.0,971.3,497.6
16102.0,977.8,500.9
16104.1,979.7,501.9
16108.1,974.7,499.3
16112.0,976.7,500.4
16116.0,976.1,500.1
16120.0,977.4,500.7
16122.0,975.0,499.5
16124.0,976.6,500.3
16126.1,976.1,500.1
16128.1,976.4,500.2
16132.0,975.3,499.6
16134.0,977.6,500.8
16136.1,977.0,500.5
16140.0,976.2,500.1
16142.0,976.6,500.3
16144.1,973.4,498.6
16148.0,977.5,500.8
16150.1,976.8,500.4
16154.0,976.6,500.3
16156.1,975.1,499.5
16160.1,976.5,500.3
16164.1,976.7,500.4
16166.1,974.9,499.4
16170.0,976.3,500.2
16172.1,976.5,500.2
16176.1,976.8,500.4
16180.0,976.4,500.2
16184.1,976.1,500.0
16186.1,977.3,500.6
16190.1,975.3,499.6
16194.0,976.2,500.1
16196.0,978.1,501.1
16200.1,975.6,499.8
16202.1,977.1,500.6
16206.0,976.0,500.0
16208.1,977.0,500.5
16212.1,976.6,500.3
16214.1,974.6,499.3
16218.1,976.7,500.3
16222.1,976.1,500.0
16226.1,975.5,499.7
16230.1,977.0,500.5
16234.0,976.2,500.1
16236.0,976.7,500.4
16240.0,975.9,499.9
16244.0,974.8,499.4
16248.0,978.2,501.1
16250.0,976.4,500.2
16254.0,976.4,500.2
16258.0,975.4,499.7
16262.1,976.5,500.3
16266.0,976.0,500.0
16270.1,977.1,500.6
16274.0,975.4,499.7
16276.0,977.3,500.6
16280.1,977.0,500.5
16284.0,975.6,499.8
16288.1,976.0,500.0
16292.1,977.1,500.6
16296.0,975.9,499.9
16298.1,975.8,499.9
16302.1,977.0,500.5
16306.0,976.3,500.2
16308.0,976.0,500.0
16310.0,976.5,500.3
16314.0,976.3,500.1
16318.0,974.7,499.4
16320.0,978.1,501.1
16324.1,976.7,500.3
16328.1,975.8,499.9
16332.1,977.4,500.7
16336.0,976.1,500.1
16338.0,977.0,500.5
16340.1,975.8,499.9
16344.1,976.0,500.0
16348.1,976.5,500.2
16350.1,976.7,500.3
16354.0,975.4,499.7
16358.0,976.6,500.3
16362.0,975.9,500.0
16364.0,974.9,499.4
16368.0,976.4,500.2
16370.0,976.8,500.4
16372.1,974.8,499.4
16376.1,977.1,500.6
16380.0,976.3,500.1
16382.1,975.4,499.7
16386.1,975.9,499.9
16390.0,977.2,500.6
16392.0,974.3,499.2
16394.1,975.9,499.9
16398.0,977.0,500.5
16400.1,977.0,500.5
16404.0,976.0,500.0
16408.0,975.9,500.0
16410.1,974.7,499.3
16414.0,976.5,500.3
16416.0,974.3,499.1
16418.0,977.8,500.9
16422.1,976.7,500.3
16426.0,976.0,500.0
16430.1,975.1,499.5
16434.0,977.4,500.7
16436.0,976.9,500.4
16440.0,976.2,500.1
16444.1,976.1,500.1
16446.1,976.7,500.4
16450.0,976.1,500.1
16454.0,975.8,499.9
16456.1,974.8,499.4
16460.0,976.4,500.2
16462.1,976.9,500.5
16464.1,976.1,500.1
16468.1,976.3,500.2
16472.1,977.0,500.5
16476.0,976.2,500.1
16478.1,974.0,499.0
16482.0,975.9,499.9
16484.1,976.9,500.4
16488.0,976.0,500.0
16492.0,977.4,500.7
16494.0,975.1,499.5
16498.0,976.3,500.1
16502.0,975.8,499.9
16504.1,975.6,499.8
16508.0,977.3,500.7
16510.1,973.6,498.8
16512.1,978.0,501.0
16516.0,976.9,500.5
16518.1,975.8,499.9
16522.1,976.2,500.1
16526.0,976.7,500.4
16528.0,969.8,496.8
16530.1,982.3,503.2
16532.1,968.9,496.4
16536.1,978.8,501.4
16540.0,977.0,500.5
16542.0,974.4,499.2
16546.0,976.9,500.4
16548.0,976.7,500.4
16550.1,975.1,499.5
16554.0,976.7,500.4
16556.0,975.2,499.6
16560.0,975.7,499.8
16562.0,977.1,500.6
16566.1,976.2,500.1
16570.0,976.8,500.4
16572.0,975.9,499.9
16576.1,976.4,500.2
16578.1,976.6,500.3
16582.0,976.0,500.0
16584.1,976.1,500.0
16588.0,975.9,500.0
16590.1,976.3,500.2
16594.1,976.4,500.2
16598.1,976.8,500.4
16602.1,976.0,500.0
16604.1,974.6,499.3
16608.0,976.4,500.2
16610.0,976.6,500.3
16614.1,976.9,500.5
16616.1,974.7,499.3
16620.0,976.1,500.0
16622.1,976.8,500.4
16624.1,976.3,500.1
16628.0,976.3,500.2
16630.1,975.3,499.6
16634.0,976.7,500.4
16636.1,974.8,499.4
16640.0,976.1,500.1
16644.1,975.8,499.9
16648.0,975.5,499.8
16650.0,979.9,502.0
16654.0,975.7,499.8
16656.0,976.4,500.2
16658.1,976.3,500.2
16660.1,974.9,499.4
16664.0,976.6,500.3
16666.0,974.7,499.4
16670.1,976.8,500.4
16674.0,976.6,500.3
16678.0,976.1,500.1
16680.1,975.3,499.6
16684.0,975.8,499.9
16686.1,974.8,499.4
16690.1,976.0,500.0
16694.1,977.3,500.7
16698.0,976.1,500.0
16700.0,976.0,500.0
16702.1,976.0,500.0
16706.0,976.2,500.1
16708.0,977.7,500.9
16710.0,975.3,499.6
16712.0,975.0,499.5
16714.0,975.8,499.9
16716.1,978.0,501.0
16720.0,976.3,500.1
16724.1,975.1,499.5
16728.1,977.1,500.5
16732.0,975.4,499.7
16736.1,975.7,499.9
16740.0,974.2,499.1
16742.0,982.5,503.3
16746.0,975.4,499.7
16748.0,974.4,499.2
16750.1,978.1,501.1
16754.1,975.4,499.7
16758.0,977.3,500.7
16760.1,974.9,499.4
16764.1,975.9,499.9
16768.0,948.3,485.8
16770.1,974.6,499.3
16774.1,976.7,500.3
16778.0,975.4,499.7
16780.0,978.3,501.2
16782.1,972.9,498.4
16786.1,977.5,500.8
16790.0,976.3,500.2
16792.1,975.5,499.7
16796.0,976.4,500.2
16798.1,973.1,498.5
16802.0,976.0,500.0
16806.0,977.8,500.9
16810.0,975.6,499.8
16814.0,976.6,500.3
16816.1,976.2,500.1
16820.1,976.2,500.1
16824.0,975.9,500.0
16828.1,976.5,500.3
16832.0,975.9,500.0
16834.0,977.1,500.6
16836.1,973.6,498.7
16840.0,977.0,500.5
16842.1,976.7,500.4
16846.0,976.0,500.0
16850.1,976.5,500.2
16854.0,976.2,500.1
16856.0,977.5,500.8
16858.1,975.3,499.6
16860.1,972.3,498.1
16864.1,978.4,501.2
16868.0,976.0,500.0
16870.0,975.4,499.7
16874.1,975.3,499.6
16878.0,976.9,500.5
16882.1,976.6,500.3
16886.1,974.4,499.2
16890.0,978.6,501.3
16894.0,975.4,499.7
16896.1,976.7,500.4
16898.1,971.4,497.6
16900.1,979.4,501.7
16904.0,976.3,500.1
16906.0,976.8,500.4
16908.0,974.4,499.2
16912.0,977.8,500.9
16914.0,975.7,499.8
16918.0,973.4,498.7
16922.0,979.5,501.8
16924.0,973.9,498.9
16926.0,976.3,500.1
16928.1,975.8,499.9
16932.0,976.9,500.5
16936.1,976.0,500.0
16938.1,975.4,499.7
16942.0,976.2,500.1
16944.0,975.8,499.9
16946.0,972.8,498.4
16948.1,979.0,501.5
16952.0,976.5,500.3
16954.1,975.4,499.7
16958.1,977.1,500.6
16960.1,974.6,499.3
16964.0,975.9,500.0
16968.0,977.0,500.5
16972.0,975.3,499.6
16974.0,976.9,500.5
16978.1,976.0,500.0
16980.1,976.7,500.4
16984.1,976.2,500.1
16988.0,975.7,499.9
16992.0,976.5,500.2
16996.0,976.6,500.3
17000.0,976.2,500.1
17004.1,976.0,500.0
17008.0,975.0,499.5
17010.1,977.7,500.8
17014.0,975.4,499.7
17016.0,978.5,501.3
17018.1,973.7,498.8
17022.0,976.6,500.3
17026.0,977.2,500.6
17030.1,973.7,498.8
17032.1,978.4,501.2
17034.1,978.9,501.5
17038.0,976.2,500.1
17042.0,975.6,499.8
17046.0,976.8,500.4
17050.0,976.3,500.2
17052.0,975.0,499.5
17056.0,975.8,499.9
17060.0,976.6,500.3
17062.1,977.2,500.6
17064.1,975.0,499.5
17068.0,976.2,500.1
17072.0,973.7,498.8
17076.0,978.3,501.2
17078.1,974.9,499.4
17082.1,976.4,500.2
17084.1,976.5,500.2
17088.0,975.5,499.7
17090.0,976.9,500.5
17092.1,976.1,500.0
17094.1,975.0,499.5
17098.0,976.2,500.1
17100.1,976.2,500.1
17102.1,973.6,498.8
17106.0,977.6,500.8
17108.1,976.9,500.4
17112.0,976.1,500.1
17114.0,974.9,499.4
17116.1,978.1,501.1
17118.1,973.0,498.5
17122.1,977.4,500.7
17126.0,973.5,498.7
17128.1,979.9,502.0
17132.0,976.4,500.2
17136.0,976.0,500.0
17140.0,976.4,500.2
17142.1,976.6,500.3
17146.1,976.4,500.2
17150.0,976.2,500.1
17154.0,975.3,499.6
17158.0,976.5,500.2
17162.0,976.1,500.0
17166.1,976.3,500.1
17170.1,976.5,500.2
17172.1,977.1,500.6
17176.0,975.8,499.9
17180.0,976.3,500.1
17182.0,975.5,499.8
17184.0,976.1,500.1
17188.0,976.6,500.3
17190.0,975.7,499.9
17192.0,976.6,500.3
17196.1,975.9,499.9
17200.0,976.5,500.2
17202.1,976.6,500.3
17206.0,975.6,499.8
17208.1,973.9,498.9
17212.1,976.8,500.4
17214.1,977.7,500.9
17218.0,975.9,500.0
17220.1,973.1,498.5
17224.0,978.4,501.2
17226.0,971.0,497.4
17228.0,980.8,502.5
17230.1,974.5,499.3
17234.1,974.8,499.4
17238.1,977.5,500.8
17242.0,975.1,499.5
17244.0,976.3,500.1
17248.0,977.1,500.6
17250.1,977.0,500.5
17254.0,976.0,500.0
17256.0,974.5,499.2
17260.1,976.6,500.3
17262.1,977.6,500.8
17266.1,975.7,499.8
17270.0,975.8,499.9
17272.0,969.1,496.5
17276.0,980.1,502.1
17278.0,975.7,499.8
17280.1,975.4,499.7
17284.0,976.0,500.0
17286.1,977.5,500.7
17288.1,975.9,500.0
17290.1,974.9,499.4
17294.0,975.3,499.6
17296.0,977.1,500.6
17298.1,978.5,501.3
17302.1,973.0,498.5
17306.1,978.7,501.4
17310.0,949.0,486.2
17312.1,976.3,500.1
17316.1,976.1,500.1
17320.0,976.9,500.4
17322.1,975.8,499.9
17326.1,976.4,500.2
17328.1,970.9,497.4
17332.0,978.2,501.1
17336.0,976.6,500.3
17340.0,975.7,499.9
17342.0,978.3,501.2
17346.0,975.8,499.9
17348.0,974.6,499.3
17352.0,976.6,500.3
17356.0,976.3,500.1
17358.1,973.7,498.8
17360.1,978.4,501.2
17364.1,974.7,499.3
17368.0,976.7,500.4
17370.1,979.0,501.5
17374.0,974.6,499.3
17378.0,977.7,500.9
17382.0,976.9,500.5
17384.1,974.7,499.4
17388.0,975.5,499.7
17390.0,977.8,500.9
17392.1,974.6,499.3
17396.0,976.4,500.2
17398.0,975.2,499.6
17400.0,978.5,501.3
17404.1,975.1,499.6
17408.1,977.9,501.0
17412.0,975.7,499.8
17414.1,976.9,500.5
17418.1,974.5,499.2
17422.0,978.8,501.4
17424.0,974.0,499.0
17426.1,977.9,501.0
17430.0,976.0,500.0
17432.0,975.0,499.5
17436.0,976.2,500.1
17438.0,977.9,501.0
17442.1,975.6,499.8
17446.0,975.7,499.9
17450.0,976.6,500.3
17452.1,975.1,499.5
17456.1,974.8,499.4
17460.0,978.2,501.1
17464.0,975.4,499.7
17468.0,976.4,500.2
17472.1,976.1,500.1
17476.1,977.6,500.8
17480.0,974.7,499.3
17484.1,976.8,500.4
17488.0,976.6,500.3
17490.0,969.0,496.4
17494.0,980.1,502.1
17496.0,975.0,499.5
17500.0,977.0,500.5
17502.1,976.6,500.3
17506.1,976.2,500.1
17510.0,975.3,499.6
17512.1,978.7,501.4
17516.0,976.1,500.1
17518.1,974.1,499.0
17522.0,976.6,500.3
17524.1,976.4,500.2
17526.1,976.6,500.3
17530.0,974.2,499.1
17532.0,980.2,502.1
17536.1,977.0,500.5
17538.1,974.2,499.1
17540.1,975.7,499.9
17544.1,975.6,499.8
17546.1,979.6,501.8
17550.1,975.6,499.8
17554.0,976.3,500.2
17556.1,976.1,500.0
17560.1,973.9,498.9
17564.0,978.4,501.2
17566.1,977.0,500.5
17568.1,975.4,499.7
17572.1,976.4,500.2
17576.0,976.7,500.4
17578.0,976.8,500.4
17580.1,974.5,499.2
17584.0,976.8,500.4
17586.0,974.8,499.4
17590.1,977.5,500.7
17594.0,976.1,500.0
17596.0,972.9,498.4
17598.1,980.4,502.3
17602.0,976.2,500.1
17604.1,976.6,500.3
17608.0,976.5,500.3
17612.0,975.5,499.7
17616.1,976.0,500.0
17620.1,976.9,500.4
17624.1,976.6,500.3
17628.0,975.6,499.8
17632.0,975.9,500.0
17636.0,976.3,500.2
17638.0,977.3,500.7
17642.0,976.3,500.2
17644.1,974.8,499.4
17646.1,976.8,500.4
17650.1,975.0,499.5
17654.0,977.0,500.5
17658.1,973.5,498.7
17662.0,979.4,501.7
17664.0,975.2,499.6
17668.1,949.5,486.4
17670.1,976.1,500.0
17674.1,976.6,500.3
17678.0,976.7,500.4
17680.0,973.6,498.8
17684.0,977.1,500.6
17686.1,974.6,499.3
17690.0,976.4,500.2
17692.1,976.1,500.1
17696.1,976.7,500.4
17700.0,975.3,499.6
17702.1,979.4,501.8
17706.1,975.8,499.9
17710.1,976.2,500.1
17714.0,976.0,500.0
17718.0,975.8,499.9
17722.0,977.2,500.6
17726.1,976.7,500.3
17730.1,976.1,500.0
17734.1,975.5,499.7
17738.1,975.6,499.8
17742.1,976.9,500.5
17744.1,976.8,500.4
17748.1,975.6,499.8
17752.0,977.3,500.7
17754.1,975.7,499.8
17758.0,975.7,499.8
17760.0,976.9,500.5
17764.1,976.4,500.2
17768.0,975.7,499.8
17770.0,976.3,500.1
17774.0,976.3,500.1
17776.0,975.7,499.8
17778.0,976.8,500.4
17780.1,976.1,500.1
17784.0,976.3,500.2
17786.1,976.0,500.0
17790.1,975.9,499.9
17794.0,976.9,500.4
17796.1,976.6,500.3
17800.1,974.8,499.4
17802.1,977.7,500.9
17806.1,974.5,499.2
17810.0,977.9,501.0
17812.1,976.1,500.0
17816.0,976.5,500.3
17820.0,975.7,499.9
17824.0,976.9,500.4
17826.0,975.3,499.7
17828.1,976.0,500.0
17832.0,975.2,499.6
17834.0,979.2,501.6
17838.1,975.7,499.8
17840.1,976.9,500.5
17844.1,976.0,500.0
17848.0,976.0,500.0
17850.1,976.8,500.4
17854.0,976.0,500.0
17856.0,976.8,500.4
17858.0,974.4,499.2
17862.1,976.6,500.3
17866.1,976.5,500.3
17870.0,974.6,499.3
17872.1,978.6,501.4
17876.1,976.1,500.1
17880.0,975.9,499.9
17882.0,974.6,499.3
17886.0,976.2,500.1
17890.0,976.4,500.2
17892.1,973.6,498.8
17894.1,977.3,500.7
17898.0,976.5,500.3
17900.1,977.8,500.9
17902.1,974.9,499.5
17906.0,976.6,500.3
17910.1,975.6,499.8
17914.1,975.9,500.0
17918.1,975.6,499.8
17922.1,976.6,500.3
17926.1,974.0,499.0
17928.1,979.8,501.9
17930.1,969.6,496.7
17934.1,979.3,501.7
17938.1,976.0,500.0
17942.0,976.0,500.0
17946.0,975.9,499.9
17950.0,976.8,500.4
17954.0,975.6,499.8
17958.0,976.2,500.1
17962.0,976.4,500.2
17964.0,969.8,496.8
17968.0,951.0,487.2
17972.0,976.5,500.3
17976.1,975.4,499.7
17980.0,976.8,500.4
17984.1,975.6,499.8
17988.0,977.2,500.6
17990.0,973.7,498.8
17992.1,977.2,500.6
17996.0,976.4,500.2
18000.1,975.6,499.8
18004.1,975.6,499.8
18008.0,974.8,499.4
18010.0,978.7,501.4
18014.0,976.5,500.3
18016.1,975.3,499.7
18020.1,976.1,500.1
18024.0,975.2,499.6
18028.0,976.6,500.3
18030.1,976.7,500.4
18034.1,974.2,499.1
18038.1,977.5,500.8
18042.0,976.5,500.2
18044.0,975.3,499.6
18046.0,976.6,500.3
18048.1,973.6,498.8
18050.1,978.4,501.2
18054.0,976.5,500.3
18058.0,975.5,499.7
18060.0,977.0,500.5
18062.1,974.8,499.4
18066.1,975.1,499.5
18070.0,977.5,500.8
18072.1,975.0,499.5
18076.0,974.5,499.2
18078.1,979.1,501.6
18082.0,977.6,500.8
18086.0,975.2,499.6
18088.0,975.6,499.8
18090.0,976.0,500.0
18092.0,976.5,500.3
18096.0,975.8,499.9
18098.0,972.9,498.4
18100.0,979.5,501.8
18104.1,974.8,499.4
18108.0,976.5,500.2
18110.1,976.8,500.4
18114.1,976.9,500.5
18118.1,975.7,499.9
18122.1,975.5,499.8
18124.1,975.1,499.5
18128.0,976.8,500.4
18130.0,974.8,499.4
18134.1,977.2,500.6
18138.0,976.2,500.1
18140.0,974.4,499.2
18144.1,977.2,500.6
18148.1,975.4,499.7
18150.1,975.4,499.7
18154.1,976.8,500.4
18158.0,973.7,498.8
18160.1,978.2,501.1
18164.0,974.7,499.3
18166.1,977.8,500.9
18170.0,977.3,500.7
18172.0,975.5,499.7
18174.0,975.2,499.6
18176.1,976.6,500.3
18180.0,975.5,499.8
18184.0,972.9,498.4
18188.1,979.8,502.0
18192.0,975.4,499.7
18194.0,975.3,499.6
18196.1,976.6,500.3
18200.0,976.6,500.3
18202.0,976.5,500.2
18204.1,974.8,499.4
18206.1,970.0,496.9
18210.0,978.9,501.5
18212.1,974.5,499.2
18216.0,977.0,500.5
18218.1,975.9,499.9
18222.0,976.7,500.4
18224.0,977.4,500.7
18226.1,975.6,499.8
18230.1,974.8,499.4
18234.0,977.3,500.7
18236.0,974.9,499.4
18238.1,977.2,500.6
18242.1,975.3,499.7
18246.0,977.1,500.6
18248.0,975.5,499.8
18250.0,975.9,500.0
18252.1,976.1,500.1
18256.0,976.5,500.3
18258.0,976.1,500.0
18260.0,972.8,498.3
18264.0,976.7,500.3
18266.0,977.4,500.7
18270.0,975.8,499.9
18272.1,975.0,499.5
18276.1,976.3,500.2
18280.1,975.3,499.7
18284.0,977.4,500.7
18288.0,976.5,500.3
18290.0,976.1,500.1
18294.0,975.0,499.5
18298.1,977.2,500.6
18302.0,976.3,500.2
18306.1,976.2,500.1
18310.0,976.1,500.0
18312.0,976.4,500.2
18314.1,975.4,499.7
18318.1,976.3,500.2
18322.1,975.7,499.8
18326.1,974.8,499.4
18330.0,977.3,500.7
18332.1,975.2,499.6
18336.1,976.5,500.2
18340.1,976.1,500.0
18344.0,975.9,499.9
18346.0,976.3,500.1
18350.1,976.1,500.1
18354.0,975.7,499.9
18356.0,976.9,500.4
18358.1,973.7,498.8
18362.0,977.1,500.6
18364.0,976.8,500.4
18366.0,976.5,500.3
18368.1,973.1,498.5
18372.0,977.1,500.6
18374.1,975.5,499.7
18378.0,975.9,500.0
18380.0,975.9,500.0
18382.0,975.9,500.0
18386.0,976.5,500.3
18388.1,969.3,496.6
18392.0,979.0,501.6
18394.0,976.6,500.3
18398.1,974.7,499.4
18402.1,977.5,500.8
18406.1,976.5,500.2
18410.0,975.9,500.0
18412.0,974.0,499.0
18414.1,979.0,501.5
18418.0,975.9,499.9
18420.1,974.5,499.2
18424.0,976.8,500.4
18426.0,975.9,499.9
18430.0,976.7,500.4
18434.1,975.8,499.9
18438.1,976.0,500.0
18442.0,975.9,499.9
18444.1,974.2,499.1
18448.0,977.7,500.9
18450.1,974.2,499.1
18454.0,976.3,500.2
18458.1,976.2,500.1
18462.0,976.6,500.3
18464.1,973.5,498.7
18468.1,976.9,500.4
18472.0,976.1,500.1
18476.0,976.2,500.1
18478.0,971.2,497.6
18482.1,977.0,500.5
18484.1,978.2,501.2
18488.0,976.4,500.2
18490.0,974.7,499.3
18492.1,976.3,500.2
18496.0,976.0,500.0
18498.1,976.9,500.5
18502.0,976.4,500.2
18504.0,970.9,497.4
18506.1,980.5,502.3
18510.0,948.7,486.0
18512.1,975.5,499.7
18516.0,975.5,499.8
18518.0,978.2,501.1
18520.1,974.9,499.4
18524.1,976.2,500.1
18526.1,975.7,499.8
18530.0,975.0,499.5
18532.1,978.6,501.4
18536.0,975.7,499.9
18538.1,972.5,498.2
18542.1,972.1,498.0
18546.1,981.5,502.8
18550.1,976.9,500.5
18554.1,975.7,499.9
18558.1,976.8,500.4
18562.0,976.3,500.1
18564.0,975.3,499.6
18566.0,976.4,500.2
18570.1,976.3,500.2
18572.1,975.2,499.6
18576.0,975.3,499.6
18580.0,977.3,500.7
18584.0,974.0,499.0
18586.1,979.6,501.9
18590.1,975.7,499.8
18594.0,976.5,500.3
18596.0,975.8,499.9
18600.0,975.8,499.9
18602.1,976.4,500.2
18606.1,976.3,500.2
18610.0,975.6,499.8
18614.0,976.3,500.2
18616.1,976.3,500.1
18620.0,976.1,500.1
18622.0,975.5,499.7
18624.1,976.2,500.1
18628.1,976.2,500.1
18632.1,975.9,500.0
18634.1,975.5,499.8
18638.1,975.9,499.9
18642.0,976.0,500.0
18644.0,977.5,500.8
18646.1,974.8,499.4
18650.0,975.9,500.0
18654.1,977.4,500.7
18658.0,975.9,499.9
18660.1,975.1,499.5
18662.1,975.8,499.9
18666.0,976.3,500.1
18668.1,974.9,499.4
18672.0,976.8,500.4
18674.1,976.4,500.2
18678.0,975.6,499.8
18682.0,974.3,499.1
18684.0,979.1,501.6
18688.0,972.5,498.2
18690.1,980.7,502.4
18694.1,976.6,500.3
18698.0,976.3,500.2
18702.1,976.1,500.1
18706.0,975.7,499.8
18710.0,976.8,500.4
18714.1,975.5,499.7
18718.0,976.1,500.1
18720.0,976.2,500.1
18724.0,976.3,500.1
18726.1,973.4,498.7
18728.1,977.6,500.8
18732.0,976.4,500.2
18734.1,971.4,497.6
18738.0,977.1,500.6
18740.0,976.8,500.4
18744.1,976.9,500.5
18746.1,972.8,498.3
18748.1,969.9,496.9
18752.0,980.2,502.1
18754.1,974.9,499.5
18758.0,976.2,500.1
18760.0,975.8,499.9
18762.1,976.5,500.2
18766.0,976.5,500.2
18768.0,972.5,498.2
18770.1,978.7,501.4
18774.0,976.9,500.4
18776.0,974.4,499.2
18780.1,975.1,499.5
18784.0,977.1,500.6
18788.0,975.9,500.0
18792.0,976.6,500.3
18796.0,975.8,499.9
18798.1,975.7,499.9
18802.0,976.5,500.3
18806.0,975.4,499.7
18810.0,975.7,499.8
18814.0,977.2,500.6
18816.1,975.1,499.5
18820.0,976.4,500.2
18822.0,975.1,499.5
18826.0,976.7,500.3
18830.0,975.8,499.9
18834.0,976.5,500.2
18836.0,974.5,499.2
18838.0,975.2,499.6
18842.1,977.4,500.7
18846.1,974.3,499.1
18848.1,976.5,500.3
18852.0,976.9,500.5
18854.1,976.5,500.3
18858.1,975.9,499.9
18862.0,977.1,500.5
18866.0,974.8,499.4
18870.1,950.0,486.7
18874.0,975.3,499.6
18876.0,976.8,500.4
18878.1,970.1,497.0
18882.1,979.3,501.7
18886.1,976.3,500.2
18890.0,975.7,499.9
18894.1,975.6,499.8
18898.0,970.2,497.0
18900.0,987.2,505.7
18904.0,971.8,497.8
18908.0,979.0,501.5
18910.1,979.8,501.9
18914.0,975.5,499.7
18918.0,975.6,499.8
18922.1,976.7,500.4
18926.1,976.0,500.0
18928.1,966.5,495.1
18932.0,980.2,502.2
18936.1,974.3,499.1
18938.1,980.4,502.3
18942.1,975.6,499.8
18946.0,976.3,500.2
18948.1,977.0,500.5
18950.1,974.7,499.3
18954.1,976.3,500.1
18958.0,976.2,500.1
18960.0,975.4,499.7
18962.1,975.5,499.7
18966.0,976.5,500.3
18970.0,976.3,500.2
18974.0,976.3,500.2
18978.1,975.3,499.6
18982.0,975.8,499.9
18986.0,976.6,500.3
18988.0,971.0,497.4
18990.1,979.9,502.0
18994.1,976.2,500.1
18996.1,977.2,500.6
19000.0,975.4,499.7
19004.0,976.4,500.2
19008.1,975.6,499.8
19010.1,976.3,500.1
19012.1,976.2,500.1
19016.0,975.8,499.9
19018.1,975.6,499.8
19022.0,976.0,500.0
19026.0,976.7,500.4
19028.0,974.3,499.1
19032.1,974.8,499.4
19036.0,977.1,500.6
19038.1,976.7,500.4
19040.1,976.3,500.1
19044.0,975.8,499.9
19046.1,976.0,500.0
19050.0,922.4,472.6
19052.0,975.0,499.5
19054.0,975.3,499.6
19058.1,975.8,499.9
19060.1,974.7,499.3
19064.0,977.6,500.8
19066.0,977.0,500.5
19070.0,975.6,499.8
19072.1,974.9,499.4
19076.0,976.5,500.3
19078.0,971.7,497.8
19082.1,977.8,500.9
19086.0,976.2,500.1
19088.0,974.7,499.3
19090.1,976.3,500.2
19094.1,976.7,500.3
19098.1,975.9,499.9
19100.1,975.9,500.0
19104.0,975.9,499.9
19106.0,975.9,499.9
19108.0,974.4,499.2
19112.0,976.7,500.4
19114.1,976.9,500.5
19116.1,976.0,500.0
19120.1,976.6,500.3
19124.1,975.8,499.9
19128.1,975.3,499.6
19132.0,976.7,500.3
19134.1,976.3,500.2
19138.0,975.3,499.6
19140.1,973.0,498.5
19144.1,977.7,500.9
19146.1,976.5,500.3
19150.1,974.1,499.0
19154.1,977.1,500.6
19158.0,977.3,500.6
19162.0,975.0,499.5
19164.1,977.6,500.8
19168.1,971.1,497.5
19172.1,980.6,502.4
19176.0,976.7,500.4
19180.1,975.7,499.8
19184.0,975.1,499.5
19186.0,978.8,501.5
19190.1,976.2,500.1
19192.1,975.0,499.5
19196.1,975.7,499.8
19200.0,976.2,500.1
19202.0,977.9,501.0
19204.0,975.4,499.7
19208.0,975.6,499.8
19212.0,975.8,499.9
19214.0,971.1,497.5
19216.1,980.6,502.4
19220.1,976.4,500.2
19224.0,976.1,500.1
19226.0,976.0,500.0
19228.1,976.1,500.1
19232.0,948.6,486.0
19236.0,973.9,498.9
19240.1,977.8,500.9
19244.0,975.8,499.9
19246.1,975.3,499.6
19250.0,977.1,500.6
19254.1,976.4,500.2
19258.1,973.3,498.6
19262.0,977.4,500.7
19264.0,976.8,500.4
19268.0,975.8,499.9
19270.0,976.2,500.1
19274.0,976.0,500.0
19278.1,976.0,500.0
19282.0,976.3,500.1
19286.0,976.0,500.0
19290.1,976.1,500.1
19294.0,975.5,499.8
19296.1,977.5,500.7
19300.1,975.7,499.9
19304.1,976.3,500.1
19306.1,975.0,499.5
19310.0,976.5,500.2
19312.0,977.2,500.6
19316.0,976.1,500.0
19320.0,976.1,500.0
19322.1,974.9,499.4
19326.0,975.5,499.7
19328.0,977.4,500.7
19330.0,975.1,499.6
19332.1,976.9,500.4
19336.1,975.7,499.8
19340.0,976.2,500.1
19342.0,975.2,499.6
19346.1,976.1,500.1
19350.0,976.2,500.1
19352.0,976.5,500.2
19356.1,975.5,499.7
19360.0,974.7,499.3
19362.1,977.4,500.7
19366.0,977.1,500.6
19368.0,976.4,500.2
19370.1,977.5,500.8
19374.1,975.3,499.6
19378.0,975.6,499.8
19382.1,976.3,500.2
19386.0,975.9,500.0
19388.1,976.1,500.1
19392.1,976.6,500.3
19396.0,975.9,499.9
19398.0,976.5,500.3
19400.1,973.1,498.5
19402.1,978.1,501.1
19406.0,976.2,500.1
19408.0,975.1,499.5
19412.0,976.0,500.0
19414.1,977.2,500.6
19418.1,974.8,499.4
19422.0,976.9,500.5
19426.1,976.0,500.0
19430.0,976.3,500.1
19434.0,974.4,499.2
19438.0,976.9,500.5
19442.0,974.4,499.2
19444.1,978.2,501.1
19448.1,976.7,500.3
19452.0,975.6,499.8
19454.1,973.6,498.8
19458.0,977.4,500.7
19460.1,977.1,500.6
19464.1,974.7,499.4
19468.0,976.8,500.4
19470.0,976.7,500.4
19472.0,975.0,499.5
19474.0,974.5,499.2
19478.0,976.3,500.2
19480.1,974.6,499.3
19484.0,976.1,500.1
19486.0,978.0,501.0
19490.1,975.3,499.6
19494.0,976.5,500.3
19498.0,975.7,499.8
19502.0,975.0,499.5
19506.0,976.4,500.2
19508.0,974.4,499.2
19512.0,977.1,500.6
19514.1,973.2,498.5
19518.1,977.7,500.9
19522.0,976.0,500.0
19524.0,974.5,499.2
19528.1,977.0,500.5
19532.1,975.1,499.5
19536.1,976.3,500.1
19540.0,976.1,500.1
19544.0,975.8,499.9
19548.1,976.1,500.1
19552.1,976.0,500.0
19556.0,974.6,499.3
19558.1,977.9,501.0
19562.0,976.2,500.1
19564.1,976.4,500.2
19568.0,976.2,500.1
19570.0,975.9,500.0
19574.1,976.0,500.0
19578.0,976.1,500.1
19582.0,977.0,500.5
19586.0,974.7,499.4
19590.1,976.3,500.2
19594.0,976.2,500.1
19596.1,974.0,499.0
19600.0,976.9,500.4
19602.1,976.0,500.0
19606.0,975.7,499.9
19608.1,976.3,500.1
19612.0,976.7,500.3
19614.0,976.1,500.1
19618.1,975.6,499.8
19622.1,976.5,500.3
19624.1,975.6,499.8
19628.0,976.1,500.0
19632.1,975.4,499.7
19636.0,976.3,500.1
19638.0,973.9,498.9
19642.0,977.0,500.5
19646.0,974.3,499.1
19648.1,980.1,502.1
19650.1,974.2,499.1
19654.1,976.8,500.4
19658.1,976.0,500.0
19662.0,975.4,499.7
19666.0,975.7,499.9
19670.0,976.4,500.2
19672.1,977.0,500.5
19676.1,975.6,499.8
19680.0,973.7,498.8
19682.1,980.8,502.5
19686.1,976.0,500.0
19690.1,976.0,500.0
19692.1,975.6,499.8
19694.1,977.4,500.7
19698.0,975.7,499.8
19700.0,973.8,498.9
19704.0,976.3,500.2
19706.1,976.8,500.4
19710.0,976.4,500.2
19714.1,976.0,500.0
19718.0,974.6,499.3
19720.0,978.7,501.4
19724.0,976.4,500.2
19726.0,975.6,499.8
19730.1,976.6,500.3
19734.0,975.4,499.7
19736.0,975.5,499.7
19738.0,977.2,500.6
19740.1,976.0,500.0
19744.0,976.2,500.1
19746.0,975.1,499.6
19750.0,975.4,499.7
19752.1,977.8,500.9
19756.1,976.0,500.0
19758.1,976.9,500.5
19762.0,975.6,499.8
19764.1,976.7,500.3
19768.0,976.2,500.1
19770.1,972.7,498.3
19774.0,977.9,501.0
19776.0,974.8,499.4
19780.1,976.5,500.3
19784.0,975.7,499.8
19786.0,969.1,496.5
19788.1,983.7,504.0
19792.0,976.0,500.0
19794.1,976.5,500.3
19798.1,976.1,500.1
19800.1,974.8,499.4
19804.1,975.2,499.6
19808.1,976.8,500.4
19812.0,975.9,499.9
19814.0,976.7,500.3
19818.1,975.6,499.8
19822.0,976.6,500.3
19824.1,977.2,500.6
19826.1,974.5,499.2
19830.0,976.8,500.4
19832.0,975.0,499.5
19834.0,976.3,500.2
19836.0,975.1,499.5
19840.0,977.2,500.6
19844.1,974.6,499.3
19848.1,977.2,500.6
19852.1,975.8,499.9
19856.0,975.9,500.0
19860.1,975.9,500.0
19864.0,975.8,499.9
19868.0,976.5,500.2
19870.0,975.7,499.8
19874.0,975.4,499.7
19876.1,977.8,500.9
19878.1,975.0,499.5
19882.1,975.3,499.7
19886.1,975.1,499.5
19890.1,948.3,485.8
19894.1,978.7,501.4
19896.1,974.1,499.0
19900.0,977.5,500.8
19902.1,975.8,499.9
19906.0,976.2,500.1
19910.1,975.2,499.6
19914.0,977.4,500.7
19916.0,974.8,499.4
19918.1,975.6,499.8
19922.1,975.8,499.9
19926.1,976.1,500.0
19930.0,976.2,500.1
19932.0,977.2,500.6
19936.0,976.1,500.1
19938.0,975.9,499.9
19940.1,974.7,499.3
19944.0,976.3,500.1
19948.0,976.2,500.1
19952.0,949.2,486.3
19954.1,977.9,501.0
19956.1,975.7,499.9
19960.1,975.2,499.6
19964.1,974.5,499.2
19968.0,979.0,501.5
19970.1,974.4,499.2
19974.1,976.5,500.2
19978.1,976.6,500.3
19982.1,948.0,485.7
19986.1,976.7,500.4
19988.1,977.1,500.6
19992.0,976.6,500.3
19996.1,974.8,499.4
20000.1,974.8,499.4
20004.0,979.2,501.6
20008.0,973.5,498.7
20012.1,977.8,500.9
20016.1,976.0,500.0
20020.1,975.7,499.8
20024.0,976.7,500.4
20028.1,976.6,500.3
20032.0,975.4,499.7
20034.1,977.3,500.6
20038.1,975.9,500.0
20042.0,976.8,500.4
20044.0,975.8,499.9
20046.1,975.3,499.7
20048.1,976.9,500.5
20052.0,976.1,500.1
20054.0,976.4,500.2
20058.0,976.1,500.0
20060.1,977.8,500.9
20064.0,975.4,499.7
20066.0,976.9,500.4
20070.0,975.8,499.9
20072.1,975.7,499.9
20076.0,977.1,500.6
20080.0,972.9,498.4
20082.0,977.8,500.9
20086.0,978.0,501.0
20090.0,975.8,499.9
20094.0,976.7,500.3
20098.0,975.0,499.5
20100.1,978.8,501.4
20102.1,976.8,500.4
20106.0,975.6,499.8
20110.1,976.7,500.3
20112.1,973.2,498.6
20116.1,977.5,500.8
20118.1,976.8,500.4
20122.0,975.6,499.8
20124.0,976.7,500.3
20126.0,977.3,500.7
20128.0,975.9,499.9
20132.0,976.5,500.3
20134.1,975.6,499.8
20138.0,975.2,499.6
20142.1,975.9,500.0
20146.0,977.4,500.7
20148.0,974.8,499.4
20152.1,976.6,500.3
20154.1,976.0,500.0
20158.1,976.6,500.3
20162.0,975.5,499.8
20166.0,975.1,499.6
20170.0,977.4,500.7
20172.1,972.1,498.0
20176.0,976.1,500.1
20180.0,978.9,501.5
20182.1,976.2,500.1
20186.0,976.3,500.2
20188.1,975.4,499.7
20192.1,975.7,499.8
20196.0,975.2,499.6
20198.1,973.7,498.8
20202.1,979.0,501.6
20206.1,976.6,500.3
20210.0,975.6,499.8
20212.0,976.2,500.1
20214.1,977.0,500.5
20218.1,976.1,500.0
20222.0,975.6,499.8
20224.1,975.6,499.8
20226.1,976.8,500.4
20230.0,976.3,500.2
20232.1,977.9,501.0
20234.1,972.6,498.3
20238.0,977.1,500.6
20242.1,976.7,500.4
20246.1,976.6,500.3
20250.0,975.4,499.7
20254.0,976.8,500.4
20256.1,976.6,500.3
20260.0,976.2,500.1
20262.0,975.6,499.8
20266.0,975.9,500.0
20268.1,977.7,500.9
20272.0,975.1,499.6
20274.0,978.6,501.3
20278.1,976.1,500.0
20282.0,976.6,500.3
20284.1,975.5,499.7
20288.1,975.9,500.0
20290.1,977.4,500.7
20294.0,975.3,499.6
20298.0,976.8,500.4
20302.0,976.0,500.0
20304.1,976.8,500.4
20308.0,976.2,500.1
20310.0,975.3,499.6
20312.0,974.5,499.3
20316.0,977.6,500.8
20320.0,976.3,500.2
20322.1,976.2,500.1
20326.0,975.9,499.9
20328.0,976.6,500.3
20330.0,976.0,500.0
20334.0,977.0,500.5
20336.0,975.8,499.9
20338.0,973.8,498.9
20342.1,977.0,500.5
20346.1,975.8,499.9
20350.0,975.6,499.8
20352.0,977.7,500.9
20354.1,975.2,499.6
20358.0,977.3,500.7
20362.1,975.9,499.9
20366.0,974.7,499.3
20368.0,978.7,501.4
20370.1,974.6,499.3
20372.1,975.2,499.6
20374.1,977.8,500.9
20376.1,974.1,499.0
20380.0,975.5,499.8
20382.0,979.9,502.0
20384.0,976.9,500.4
20386.1,975.8,499.9
20390.1,975.8,499.9
20394.1,976.0,500.0
20398.1,976.3,500.1
20402.0,976.5,500.2
20404.1,976.8,500.4
20408.0,974.0,499.0
20412.0,978.1,501.1
20416.1,976.7,500.4
20418.1,974.1,499.0
20420.1,976.4,500.2
20424.0,976.4,500.2
20428.1,976.6,500.3
20432.0,974.4,499.2
20436.0,978.0,501.0
20438.1,975.2,499.6
20442.0,976.7,500.4
20446.0,975.3,499.6
20448.0,977.9,501.0
20450.1,976.8,500.4
20454.0,976.7,500.3
20456.1,973.7,498.8
20460.1,976.7,500.3
20462.1,976.5,500.3
20466.1,976.5,500.3
20468.1,973.6,498.8
20472.0,976.5,500.3
20474.0,974.0,499.0
20476.1,979.0,501.5
20480.1,974.4,499.2
20484.0,978.6,501.3
20486.1,974.7,499.4
20490.1,944.3,483.7
20494.0,981.3,502.7
20496.0,977.0,500.5
20500.0,975.4,499.7
20502.1,976.8,500.4
20506.1,975.3,499.6
20510.1,977.1,500.6
20514.0,976.1,500.0
20516.1,975.3,499.6
20518.1,976.9,500.5
20522.0,974.4,499.2
20524.1,977.7,500.9
20528.0,976.7,500.4
20530.0,976.8,500.4
20532.1,976.2,500.1
20536.0,975.2,499.6
20540.0,976.1,500.1
20544.0,976.4,500.2
20546.1,977.3,500.6
20550.0,942.6,482.9
20554.1,981.6,502.9
20556.1,966.7,495.2
20560.1,980.8,502.5
20564.0,975.0,499.5
20568.0,977.6,500.8
20572.0,976.6,500.3
20574.1,975.1,499.6
20578.0,976.1,500.1
20582.0,976.2,500.1
20586.1,976.8,500.4
20588.1,973.5,498.7
20592.0,976.8,500.4
20594.0,973.4,498.7
20598.1,975.8,499.9
20602.0,977.5,500.8
20604.0,977.8,500.9
20608.0,974.9,499.4
20610.1,976.5,500.3
20614.0,975.8,499.9
20616.0,976.5,500.3
20618.1,977.0,500.5
20622.0,976.1,500.0
20624.1,971.6,497.7
20628.0,979.0,501.5
20632.1,974.7,499.3
20634.1,976.8,500.4
20636.1,974.3,499.1
20638.1,980.1,502.1
20640.1,976.4,500.2
20644.0,975.7,499.8
20648.1,975.2,499.6
20652.0,977.1,500.6
20656.1,976.4,500.2
20660.0,975.1,499.5
20662.1,976.8,500.4
20666.0,975.4,499.7
20670.1,975.9,500.0
20674.0,977.3,500.7
20678.0,976.5,500.3
20682.0,975.8,499.9
20684.1,975.3,499.6
20688.1,977.0,500.5
20692.0,976.0,500.0
20694.1,972.2,498.0
20698.0,977.9,501.0
20700.0,974.7,499.3
20704.0,974.5,499.2
20706.0,979.6,501.8
20710.0,976.5,500.3
20712.0,976.1,500.0
20714.0,975.2,499.6
20718.0,977.4,500.7
20720.1,975.7,499.8
20722.1,974.3,499.2
20726.0,975.8,499.9
20730.1,975.9,499.9
20732.1,978.4,501.2
20736.0,973.9,498.9
20740.1,978.4,501.2
20744.0,975.6,499.8
20748.1,976.3,500.2
20750.1,977.4,500.7
20754.0,973.7,498.8
20756.1,981.3,502.7
20760.0,975.6,499.8
20764.0,976.7,500.4
20766.0,971.8,497.8
20768.1,979.4,501.7
20772.1,975.3,499.7
20776.0,976.5,500.2
20778.1,976.7,500.4
20782.0,976.3,500.1
20786.0,975.9,500.0
20788.0,974.0,499.0
20790.0,975.1,499.5
20794.0,978.0,501.0
20798.0,975.5,499.8
20800.1,975.9,499.9
20804.0,976.7,500.4
20806.1,975.5,499.8
20810.0,976.9,500.5
20814.1,974.5,499.2
20818.0,977.1,500.6
20820.1,975.7,499.8
20824.1,976.2,500.1
20828.1,976.4,500.2
20832.1,976.5,500.3
20836.0,974.7,499.3
20838.0,979.4,501.7
20840.1,975.4,499.7
20844.0,976.0,500.0
20846.1,976.6,500.3
20850.0,957.4,490.5
20852.0,957.4,490.5
20856.0,976.1,500.1
20860.0,977.0,500.5
20862.0,975.8,499.9
20864.1,974.7,499.3
20868.0,976.3,500.2
20870.0,976.5,500.3
20874.1,976.2,500.1
20878.0,975.9,499.9
20880.1,976.3,500.1
20884.0,974.9,499.4
20886.0,975.8,499.9
20890.0,977.8,500.9
20892.0,975.8,499.9
20894.0,976.0,500.0
20898.0,975.5,499.7
20900.0,976.7,500.3
20902.1,977.2,500.6
20906.0,975.6,499.8
20908.1,971.0,497.5
20912.1,951.8,487.6
20916.0,976.6,500.3
20918.0,974.1,499.0
20922.1,976.1,500.1
20926.1,975.2,499.6
20930.1,977.1,500.5
20934.0,974.4,499.2
20936.0,978.1,501.1
20940.1,977.0,500.5
20944.1,975.3,499.7
20948.0,976.6,500.3
20952.0,976.6,500.3
20954.1,975.2,499.6
20958.0,976.1,500.0
20962.0,976.8,500.4
20964.1,975.2,499.6
20968.1,976.6,500.3
20972.1,975.6,499.8
20976.0,975.9,500.0
20978.1,973.4,498.7
20982.0,977.4,500.7
20986.0,975.6,499.8
20988.1,978.0,501.0
20992.1,976.5,500.2
20996.0,975.3,499.6
20998.1,977.5,500.8
21002.0,975.7,499.9
21006.0,976.4,500.2
21008.1,976.0,500.0
21010.1,976.4,500.2
21012.1,966.8,495.3
21016.0,981.1,502.6
21018.1,975.5,499.7
21020.1,975.6,499.8
21024.1,976.2,500.1
21028.1,976.1,500.1
21030.1,976.1,500.1
21034.1,975.7,499.9
21036.1,976.3,500.2
21038.1,972.4,498.1
21042.1,977.7,500.8
21046.1,977.2,500.6
21050.0,973.7,498.8
21052.1,979.5,501.8
21056.0,975.3,499.7
21058.0,977.6,500.8
21060.1,977.2,500.6
21064.0,971.4,497.6
21066.1,978.5,501.3
21070.0,978.6,501.3
21072.1,977.3,500.6
21076.0,974.8,499.4
21078.0,977.3,500.7
21080.1,977.7,500.9
21084.0,976.5,500.2
21086.0,975.4,499.7
21088.1,976.1,500.0
21092.0,948.2,485.7
21094.0,977.2,500.6
21096.1,975.6,499.8
21100.0,976.1,500.0
21102.0,975.8,499.9
21104.0,976.2,500.1
21108.0,975.5,499.7
21112.1,976.3,500.2
21116.0,975.7,499.9
21120.0,976.7,500.4
21122.0,974.9,499.4
21124.1,978.0,501.0
21126.1,975.0,499.5
21130.0,975.8,499.9
21132.1,976.4,500.2
21136.1,976.9,500.5
21140.1,975.1,499.6
21144.0,976.8,500.4
21146.0,976.3,500.2
21150.1,975.7,499.8
21152.1,976.8,500.4
21156.0,976.4,500.2
21160.0,976.6,500.3
21162.1,976.5,500.3
21166.1,974.8,499.4
21170.1,977.0,500.5
21174.0,975.0,499.5
21178.0,976.0,500.0
21182.0,976.0,500.0
21186.0,975.4,499.7
21188.1,978.4,501.2
21192.0,974.8,499.4
21196.1,978.3,501.2
21200.0,976.2,500.1
21202.0,973.9,498.9
21206.0,977.1,500.6
21210.0,974.5,499.2
21214.1,977.0,500.5
21218.1,976.7,500.4
21222.0,974.9,499.5
21224.0,977.9,501.0
21228.1,972.5,498.2
21232.1,980.1,502.1
21236.0,974.3,499.1
21238.0,980.1,502.1
21240.1,975.5,499.7
21244.0,975.4,499.7
21246.0,977.8,500.9
21250.1,976.5,500.3
21252.1,972.0,497.9
21256.0,974.3,499.1
21258.0,983.6,503.9
21262.0,976.2,500.1
21266.0,975.7,499.8
21268.1,975.7,499.8
21272.1,976.8,500.4
21274.1,974.7,499.3
21278.0,976.9,500.4
21282.0,976.3,500.2
21286.0,976.1,500.1
21290.0,976.6,500.3
21292.0,975.1,499.5
21296.0,976.0,500.0
21300.1,975.7,499.9
21302.1,977.3,500.7
21306.0,976.6,500.3
21308.1,976.1,500.0
21312.1,976.1,500.1
21316.0,975.4,499.7
21318.0,976.0,500.0
21322.1,975.3,499.7
21326.1,976.6,500.3
21330.0,972.3,498.1
21334.0,979.8,501.9
21338.1,976.7,500.4
21342.1,975.0,499.5
21346.0,977.0,500.5
21348.1,974.1,499.0
21352.0,976.8,500.4
21354.0,976.8,500.4
21356.0,976.4,500.2
21358.1,972.2,498.1
21362.0,978.0,501.0
21364.0,976.1,500.1
21368.1,976.0,500.0
21372.1,975.5,499.8
21374.1,977.4,500.7
21378.1,976.1,500.1
21382.0,975.7,499.8
21384.0,976.2,500.1
21386.1,977.7,500.9
21390.1,975.5,499.7
21394.0,975.9,499.9
21398.0,975.9,499.9
21400.1,976.2,500.1
21402.1,976.2,500.1
21406.0,976.3,500.1
21410.1,975.8,499.9
21412.1,976.0,500.0
21416.0,976.2,500.1
21418.0,975.9,500.0
21422.0,975.9,499.9
21426.0,976.6,500.3
21428.0,975.5,499.8
21430.0,975.3,499.7
21434.0,976.3,500.1
21438.0,976.2,500.1
21440.1,975.1,499.5
21444.0,977.3,500.7
21446.0,972.7,498.3
21450.1,977.0,500.5
21454.0,948.7,486.0
21456.1,976.0,500.0
21460.1,975.4,499.7
21464.1,977.3,500.7
21468.0,976.3,500.1
21470.1,977.0,500.5
21474.0,973.5,498.7
21476.0,977.1,500.6
21480.1,977.4,500.7
21484.0,974.8,499.4
21488.0,976.6,500.3
21492.1,975.6,499.8
21496.0,977.4,500.7
21500.0,976.5,500.2
21502.1,975.5,499.8
21506.0,976.2,500.1
21508.1,972.4,498.2
21512.1,977.1,500.5
21514.1,978.9,501.5
21518.0,976.0,500.0
21520.1,975.9,499.9
21524.0,975.9,499.9
21528.0,976.8,500.4
21530.0,973.4,498.7
21534.1,976.7,500.4
21538.0,975.1,499.5
21542.0,977.5,500.8
21544.0,977.4,500.7
21546.1,975.3,499.7
21550.1,975.5,499.7
21554.1,976.1,500.1
21558.0,977.3,500.7
21560.0,975.9,499.9
21564.0,976.3,500.2
21566.0,976.0,500.0
21570.1,976.1,500.0
21574.0,949.1,486.2
21576.0,973.8,498.9
21580.0,977.4,500.7
21584.0,975.9,499.9
21588.1,976.7,500.4
21592.0,976.8,500.4
21596.0,975.2,499.6
21598.0,976.8,500.4
21602.1,974.4,499.2
21604.1,979.7,501.9
21608.0,976.7,500.4
21610.1,974.2,499.1
21614.1,976.0,500.0
21618.0,976.4,500.2
21622.0,975.9,500.0
21626.0,976.6,500.3
21628.0,973.7,498.8
21630.0,977.5,500.8
21634.0,949.2,486.2
21636.1,977.5,500.8
21640.1,976.0,500.0
21644.1,976.0,500.0
21648.0,976.0,500.0
21652.1,976.4,500.2
21656.0,976.2,500.1
21658.0,976.7,500.4
21662.0,976.7,500.4
21664.0,974.4,499.2
21668.0,977.3,500.7
21670.0,974.6,499.3
21672.1,976.2,500.1
21676.0,975.8,499.9
21680.0,976.9,500.4
21682.1,975.9,500.0
21686.0,976.9,500.4
21688.1,974.1,499.0
21692.1,976.6,500.3
21696.0,975.3,499.7
21698.1,978.6,501.4
21702.0,976.1,500.1
21704.0,975.8,499.9
21708.0,975.1,499.5
21712.1,976.7,500.3
21716.1,976.7,500.4
21718.1,972.2,498.0
21722.0,978.3,501.2
21724.0,975.4,499.7
21728.0,976.9,500.5
21732.1,975.7,499.8
21736.0,976.0,500.0
21740.1,976.5,500.3
21744.0,976.3,500.1
21746.1,971.9,497.9
21750.0,977.8,500.9
21752.1,924.1,473.4
21756.0,976.5,500.2
21758.1,974.8,499.4
21762.0,976.9,500.5
21766.0,975.8,499.9
21770.1,976.6,500.3
21774.0,974.8,499.4
21778.1,976.8,500.4
21782.1,976.0,500.0
21784.1,969.6,496.7
21788.0,978.9,501.5
21790.1,978.7,501.4
21794.0,975.4,499.7
21798.0,974.1,499.0
21800.1,980.8,502.5
21802.1,975.7,499.8
21806.0,975.3,499.7
21808.0,978.4,501.2
21810.0,975.2,499.6
21814.0,974.8,499.4
21818.0,977.6,500.8
21820.1,976.3,500.2
21824.0,976.6,500.3
21826.1,975.2,499.6
21828.1,971.4,497.6
21832.1,978.9,501.5
21836.1,975.7,499.9
21840.0,974.8,499.4
21842.1,980.2,502.2
21846.0,974.8,499.4
21848.1,974.7,499.4
21852.0,977.5,500.8
21854.0,973.6,498.8
21856.0,979.8,501.9
21858.1,974.4,499.2
21862.0,976.2,500.1
21864.1,974.3,499.1
21868.1,977.2,500.6
21872.1,976.8,500.4
21874.1,974.3,499.1
21878.1,977.2,500.6
21882.0,975.9,499.9
21884.0,974.6,499.3
21888.0,974.1,499.0
21890.1,980.4,502.3
21894.1,976.0,500.0
21898.1,975.5,499.8
21902.0,976.7,500.4
21904.1,975.2,499.6
21908.0,976.8,500.4
21910.1,976.1,500.1
21912.1,974.6,499.3
21914.1,974.5,499.2
21918.0,977.1,500.6
21920.0,976.0,500.0
21922.1,975.0,499.5
21926.1,977.1,500.6
21930.0,976.3,500.2
21932.1,922.3,472.5
21936.0,975.7,499.9
21938.0,972.2,498.0
21940.1,979.9,502.0
21944.0,976.7,500.3
21946.1,976.9,500.5
21950.0,975.5,499.7
21954.0,975.9,500.0
21956.0,973.4,498.7
21960.0,976.8,500.4
21962.0,976.5,500.3
21966.0,976.7,500.4
21970.1,975.4,499.7
21972.1,977.8,500.9
21976.1,976.4,500.2
21980.1,975.7,499.8
21984.0,975.6,499.8
21988.0,976.7,500.3
21990.1,976.4,500.2
21994.1,975.3,499.7
21998.1,975.4,499.7
22002.1,976.2,500.1
22006.0,976.7,500.3
22008.0,975.6,499.8
22012.0,975.9,500.0
22016.1,976.5,500.3
22020.0,975.9,500.0
22022.1,976.5,500.3
22026.1,974.5,499.3
22030.0,976.9,500.4
22032.1,976.6,500.3
22036.0,974.2,499.1
22038.0,980.8,502.5
22042.0,975.8,499.9
22044.0,976.6,500.3
22046.0,976.3,500.1
22050.1,976.3,500.1
22054.0,946.6,485.0
22056.1,981.0,502.6
22060.0,976.4,500.2
22062.1,976.4,500.2
22066.1,974.6,499.3
22068.1,978.4,501.2
22070.1,976.3,500.1
22074.0,976.1,500.1
22076.0,974.8,499.4
22080.0,975.5,499.7
22082.1,976.7,500.3
22086.1,976.7,500.3
22088.1,975.4,499.7
22092.0,976.1,500.1
22096.1,976.1,500.0
22100.1,976.5,500.3
22104.0,975.9,500.0
22106.1,976.2,500.1
22110.1,976.0,500.0
22114.1,976.0,500.0
22116.1,973.7,498.8
22120.0,977.6,500.8
22122.1,974.6,499.3
22126.0,977.2,500.6
22128.1,974.8,499.4
22132.1,976.2,500.1
22136.0,976.1,500.1
22140.1,975.5,499.7
22144.0,976.6,500.3
22146.1,976.6,500.3
22150.0,975.5,499.7
22154.0,976.0,500.0
22156.1,975.9,499.9
22160.1,976.8,500.4
22164.0,976.1,500.1
22166.0,977.0,500.5
22170.0,974.8,499.4
22172.1,978.2,501.1
22176.1,975.7,499.8
22180.0,976.7,500.3
22182.1,973.6,498.8
22186.0,976.6,500.3
22190.0,975.0,499.5
22192.0,977.6,500.8
22196.1,975.9,500.0
22200.0,976.8,500.4
22204.0,976.0,500.0
22206.1,975.6,499.8
22210.0,976.8,500.4
22212.0,973.2,498.6
22214.0,976.6,500.3
22218.1,976.3,500.1
22222.1,976.2,500.1
22224.1,976.2,500.1
22228.1,975.7,499.9
22232.0,975.8,499.9
22234.1,975.0,499.5
22238.0,975.6,499.8
22240.1,978.2,501.1
22244.0,976.1,500.0
22246.0,974.9,499.5
22248.1,977.5,500.7
22252.0,974.1,499.0
22254.1,980.6,502.3
22258.0,975.9,499.9
22260.1,976.0,500.0
22264.0,976.3,500.2
22266.1,975.2,499.6
22270.0,975.7,499.8
22272.0,977.2,500.6
22274.0,977.2,500.6
22278.0,976.1,500.0
22282.1,976.0,500.0
22286.1,973.3,498.6
22290.1,977.7,500.9
22294.0,976.2,500.1
22298.1,976.4,500.2
22302.0,972.1,498.0
22306.0,979.8,501.9
22310.0,976.7,500.4
22312.0,974.9,499.4
22314.1,973.5,498.7
22318.1,977.4,500.7
22322.1,976.2,500.1
22326.0,970.6,497.2
22330.0,981.3,502.7
22332.1,977.0,500.5
22336.1,975.4,499.7
22340.1,975.4,499.7
22344.0,976.1,500.0
22346.0,976.6,500.3
22348.0,975.4,499.7
22352.0,976.3,500.2
22354.0,970.8,497.3
22356.1,979.8,502.0
22360.1,976.3,500.1
22364.0,975.4,499.7
22368.0,976.0,500.0
22370.0,976.5,500.3
22374.1,975.7,499.9
22378.0,976.2,500.1
22380.0,976.6,500.3
22382.1,974.8,499.4
22386.0,976.7,500.4
22388.0,975.2,499.6
22392.0,976.5,500.3
22394.1,975.1,499.5
22398.1,974.4,499.2
22400.1,975.6,499.8
22404.1,978.3,501.2
22408.0,975.8,499.9
22410.0,975.6,499.8
22412.1,975.7,499.8
22416.0,976.3,500.1
22418.1,974.9,499.4
22422.0,975.8,499.9
22424.0,975.5,499.8
22428.0,977.3,500.6
22430.0,976.1,500.1
22434.0,971.0,497.4
22436.1,987.1,505.7
22440.0,975.2,499.6
22442.1,976.0,500.0
22446.1,976.3,500.2
22450.1,976.0,500.0
22454.1,976.2,500.1
22458.1,975.0,499.5
22462.1,977.1,500.6
22466.0,976.0,500.0
22470.0,975.4,499.7
22472.0,973.2,498.6
22474.1,978.0,501.0
22478.0,974.4,499.2
22482.0,977.6,500.8
22484.1,972.8,498.4
22486.1,980.7,502.4
22490.1,975.8,499.9
22492.1,976.8,500.4
22496.0,974.9,499.5
22498.0,977.2,500.6
22502.0,975.2,499.6
22504.1,976.9,500.5
22508.0,975.4,499.7
22510.0,976.3,500.2
22512.1,971.1,497.5
22516.1,978.9,501.5
22520.1,976.0,500.0
22524.0,976.4,500.2
22526.0,975.6,499.8
22528.1,973.1,498.5
22532.1,946.7,485.0
22536.0,978.9,501.5
22538.0,972.3,498.1
22542.0,978.5,501.3
22546.0,975.7,499.9
22548.1,976.8,500.4
22552.0,974.1,499.0
22554.0,979.6,501.8
22556.1,976.2,500.1
22560.1,975.9,499.9
22564.0,976.8,500.4
22568.1,974.8,499.4
22572.0,976.3,500.2
22574.1,976.5,500.3
22578.0,975.9,499.9
22580.1,978.5,501.3
22584.1,975.0,499.5
22588.0,976.6,500.3
22590.0,976.8,500.4
22592.1,972.6,498.2
22596.1,977.9,501.0
22600.0,975.6,499.8
22602.1,977.5,500.8
22606.0,975.8,499.9
22610.0,972.6,498.3
22612.0,983.3,503.7
22614.1,973.9,498.9
22618.0,976.4,500.2
22620.1,977.5,500.8
22624.0,974.3,499.1
22628.0,978.0,501.0
22632.0,975.6,499.8
22634.1,975.7,499.9
22638.1,975.1,499.5
22642.0,975.3,499.6
22644.0,977.7,500.9
22648.0,976.9,500.5
22650.1,977.4,500.7
22654.0,949.0,486.2
22658.0,974.7,499.3
22662.1,977.4,500.7
22666.0,976.1,500.1
22670.1,975.3,499.6
22674.1,975.0,499.5
22676.1,969.6,496.7
22680.0,979.4,501.7
22682.0,980.5,502.3
22686.0,975.7,499.8
22688.0,977.7,500.9
22690.1,974.0,499.0
22694.0,976.1,500.1
22696.0,975.7,499.8
22698.0,977.9,500.9
22702.1,975.7,499.9
22706.1,975.4,499.7
22710.0,976.6,500.3
22714.0,974.8,499.4
22716.0,979.1,501.6
22720.1,976.2,500.1
22724.0,976.0,500.0
22728.0,975.6,499.8
22730.0,978.0,501.0
22734.0,975.6,499.8
22736.1,977.2,500.6
22738.1,975.5,499.7
22742.1,975.9,499.9
22746.0,976.1,500.0
22748.0,975.7,499.9
22752.0,976.3,500.2
22756.0,976.1,500.1
22760.0,975.6,499.8
22764.0,975.4,499.7
22768.1,977.8,500.9
22772.1,926.8,474.8
22776.0,970.7,497.3
22780.0,976.8,500.4
22784.1,973.8,498.9
22788.1,976.9,500.4
22792.1,977.0,500.5
22796.0,976.1,500.0
22798.1,974.9,499.4
22800.1,976.8,500.4
22804.0,975.8,499.9
22806.1,973.9,498.9
22810.0,977.4,500.7
22814.0,974.3,499.2
22818.1,977.4,500.7
22822.0,976.1,500.1
22826.0,976.1,500.1
22828.1,978.2,501.2
22832.0,947.5,485.4
22834.0,977.4,500.7
22836.1,975.5,499.7
22840.1,975.4,499.7
22844.1,977.4,500.7
22848.0,975.7,499.8
22850.1,976.5,500.2
22854.1,976.8,500.4
22858.0,975.7,499.9
22862.0,975.2,499.6
22864.0,977.5,500.8
22866.1,975.4,499.7
22870.0,975.6,499.8
22872.0,975.4,499.7
22874.1,976.1,500.0
22878.1,977.2,500.6
22882.0,975.9,500.0
22886.1,976.5,500.3
22890.1,975.8,499.9
22894.0,975.4,499.7
22898.1,976.3,500.2
22902.1,976.7,500.3
22904.1,974.4,499.2
22908.1,976.5,500.3
22912.0,975.7,499.8
22916.1,974.8,499.4
22920.0,977.4,500.7
22924.0,976.1,500.1
22926.0,974.0,499.0
22930.1,977.0,500.5
22934.1,976.5,500.3
22938.0,975.9,500.0
22942.0,974.7,499.3
22944.1,978.0,501.0
22948.0,977.0,500.5
22950.1,974.4,499.2
22954.0,975.9,500.0
22958.1,976.0,500.0
22962.0,976.6,500.3
22964.0,976.5,500.3
22966.1,971.5,497.7
22970.0,978.3,501.2
22972.0,976.6,500.3
22976.1,975.3,499.7
22978.1,975.6,499.8
22982.0,977.1,500.6
22984.0,975.0,499.5
22988.1,974.9,499.4
22992.0,975.5,499.7
22994.1,979.2,501.7
22998.0,975.8,499.9
23002.0,976.5,500.3
23006.0,976.0,500.0
23010.0,977.1,500.6
23012.0,965.5,494.6
23016.0,980.8,502.5
23018.1,977.9,500.9
23022.0,975.6,499.8
23024.0,975.7,499.8
23028.1,976.3,500.2
23032.1,975.9,500.0
23034.1,975.8,499.9
23038.1,976.8,500.4
23040.1,975.7,499.9
23042.1,976.0,500.0
23046.0,974.5,499.2
23050.0,977.6,500.8
23054.0,974.5,499.2
23056.0,978.1,501.1
23058.0,975.7,499.9
23060.1,974.6,499.3
23064.1,976.7,500.4
23068.0,976.0,500.0
23070.0,970.9,497.4
23074.0,979.0,501.6
23076.1,974.3,499.1
23080.1,975.2,499.6
23084.1,977.4,500.7
23088.0,975.6,499.8
23090.1,976.3,500.1
23094.0,975.4,499.7
23096.0,977.9,501.0
23098.1,975.7,499.9
23100.1,975.7,499.8
23104.0,976.8,500.4
23108.1,976.0,500.0
23112.0,976.2,500.1
23114.0,975.8,499.9
23116.1,975.8,499.9
23120.1,975.8,499.9
23124.0,976.5,500.3
23126.1,976.7,500.4
23130.0,975.0,499.5
23132.1,975.9,499.9
23136.0,976.9,500.5
23140.1,975.9,499.9
23144.0,976.5,500.2
23148.0,976.1,500.1
23150.0,975.0,499.5
23154.0,976.5,500.3
23158.1,976.8,500.4
23162.0,975.5,499.8
23164.0,976.6,500.3
23166.1,976.4,500.2
23170.0,976.2,500.1
23172.0,974.7,499.3
23174.1,975.4,499.7
23178.0,976.1,500.0
23180.0,976.6,500.3
23184.0,975.6,499.8
23186.1,977.5,500.8
23190.0,975.6,499.8
23192.1,968.7,496.3
23196.0,980.7,502.4
23200.0,975.2,499.6
23204.0,976.2,500.1
23206.1,976.4,500.2
23210.0,975.0,499.5
23214.0,975.9,500.0
23216.1,979.3,501.7
23220.1,975.6,499.8
23224.1,976.1,500.0
23228.0,975.2,499.6
23230.0,979.1,501.6
23234.0,974.9,499.4
23236.1,976.6,500.3
23240.0,975.3,499.6
23244.0,976.4,500.2
23248.0,977.4,500.7
23250.0,975.0,499.5
23252.1,976.9,500.4
23254.1,974.2,499.1
23258.1,975.1,499.5
23262.0,978.3,501.2
23266.0,976.1,500.0
23268.1,974.6,499.3
23272.0,972.3,498.1
23274.0,981.5,502.8
23278.0,977.0,500.5
23282.0,975.7,499.8
23284.0,973.2,498.6
23286.1,979.2,501.6
23290.0,975.5,499.7
23294.1,976.3,500.2
23298.0,976.4,500.2
23300.1,976.6,500.3
23304.0,976.2,500.1
23306.0,974.0,499.0
23308.1,977.5,500.8
23312.0,975.0,499.5
23314.1,971.3,497.6
23318.0,979.9,502.0
23320.1,976.0,500.0
23324.1,975.2,499.6
23328.0,976.3,500.2
23330.0,974.4,499.2
23332.1,978.4,501.2
23336.0,975.6,499.8
23338.0,976.8,500.4
23340.0,976.0,500.0
23342.1,976.9,500.5
23346.0,975.9,499.9
23348.1,975.4,499.7
23352.0,975.9,500.0
23354.1,976.6,500.3
23358.0,976.0,500.0
23360.0,976.2,500.1
23364.1,975.8,499.9
23366.1,976.4,500.2
23370.1,976.4,500.2
23374.0,975.2,499.6
23378.0,975.9,499.9
23382.0,975.6,499.8
23386.0,976.0,500.0
23390.0,976.4,500.2
23394.0,975.6,499.8
23396.1,977.8,500.9
23400.0,975.4,499.7
23404.1,976.8,500.4
23408.0,975.5,499.7
23410.0,972.2,498.0
23414.0,977.8,500.9
23416.1,976.7,500.3
23420.0,975.7,499.8
23422.0,977.9,501.0
23424.0,975.3,499.6
23428.0,975.7,499.9
23430.1,978.2,501.1
23434.0,975.4,499.7
23436.1,977.7,500.9
23440.0,974.8,499.4
23442.0,976.3,500.1
23444.0,976.7,500.4
23448.0,975.5,499.8
23452.0,976.4,500.2
23454.0,977.0,500.5
23456.1,975.9,499.9
23460.0,976.2,500.1
23464.0,975.8,499.9
23468.0,975.8,499.9
23472.1,975.4,499.7
23476.1,976.8,500.4
23480.0,976.4,500.2
23482.1,975.5,499.7
23486.1,976.1,500.1
23490.1,975.4,499.7
23494.1,977.5,500.8
23498.0,975.3,499.6
23500.1,977.2,500.6
23502.1,975.8,499.9
23506.1,975.5,499.7
23510.1,975.9,499.9
23512.1,975.6,499.8
23516.1,976.4,500.2
23520.0,976.1,500.0
23522.1,975.7,499.9
23526.1,976.0,500.0
23530.1,975.9,499.9
23534.0,976.2,500.1
23536.0,975.8,499.9
23538.1,976.7,500.3
23542.0,975.1,499.6
23544.0,977.4,500.7
23546.1,976.4,500.2
23550.0,974.4,499.2
23552.1,978.3,501.2
23556.0,976.8,500.4
23560.0,975.3,499.6
23562.1,977.4,500.7
23566.0,976.0,500.0
23570.0,976.6,500.3
23574.0,975.8,499.9
23578.0,975.3,499.7
23582.1,976.8,500.4
23586.0,975.9,500.0
23588.0,975.3,499.6
23590.1,976.7,500.3
23594.0,976.5,500.3
23596.0,974.9,499.5
23598.0,975.7,499.8
23600.1,976.0,500.0
23604.0,975.6,499.8
23606.0,978.4,501.2
23610.0,975.8,499.9
23612.1,976.8,500.4
23616.1,948.2,485.8
23620.0,972.9,498.4
23622.1,982.1,503.1
23626.0,976.7,500.3
23630.0,975.8,499.9
23632.0,976.2,500.1
23634.1,976.1,500.0
23638.0,975.9,500.0
23640.0,976.4,500.2
23644.0,976.3,500.1
23646.0,973.4,498.7
23648.1,978.1,501.1
23652.0,976.7,500.4
23654.0,975.5,499.8
23658.1,974.3,499.1
23662.0,978.1,501.1
23666.1,972.6,498.3
23670.1,977.8,500.9
23674.0,975.6,499.8
23678.1,977.7,500.9
23682.0,975.7,499.9
23686.0,975.8,499.9
23688.0,977.4,500.7
23690.1,976.3,500.1
23692.1,973.9,498.9
23694.1,977.2,500.6
23698.1,976.5,500.2
23702.0,976.4,500.2
23706.0,976.3,500.2
23708.0,975.4,499.7
23712.0,973.5,498.7
23714.0,982.1,503.1
23718.0,975.1,499.5
23720.1,975.8,499.9
23724.1,975.9,499.9
23726.1,979.2,501.6
23730.0,975.3,499.7
23734.0,976.2,500.1
23736.0,976.5,500.3
23738.1,974.5,499.3
23742.0,977.1,500.6
23744.1,975.5,499.7
23748.1,976.5,500.3
23750.1,975.0,499.5
23754.0,976.6,500.3
23758.0,973.9,498.9
23760.0,979.7,501.9
23764.0,975.5,499.7
23768.0,976.6,500.3
23772.0,975.4,499.7
23776.0,975.9,499.9
23780.1,976.8,500.4
23784.1,976.0,500.0
23788.1,974.5,499.2
23792.0,975.8,499.9
23794.0,979.1,501.6
23798.0,975.3,499.7
23802.0,976.3,500.2
23806.1,976.6,500.3
23810.0,973.9,498.9
23814.1,976.8,500.4
23818.0,976.8,500.4
23820.0,976.2,500.1
23822.0,975.3,499.6
23826.1,976.6,500.3
23830.1,975.4,499.7
23834.0,976.6,500.3
23836.1,976.7,500.4
23840.0,975.7,499.9
23842.0,976.3,500.1
23844.1,976.1,500.1
23848.1,975.2,499.6
23852.0,976.5,500.3
23854.0,977.2,500.6
23856.1,974.5,499.2
23860.0,975.0,499.5
23864.1,978.1,501.1
23868.0,975.7,499.8
23872.0,976.2,500.1
23876.0,976.9,500.4
23878.1,972.4,498.2
23882.0,975.2,499.6
23886.0,979.0,501.5
23888.0,973.8,498.9
23890.0,972.7,498.3
23892.1,979.9,502.0
23896.0,975.8,499.9
23898.1,974.1,499.0
23902.0,978.0,501.0
23904.0,975.1,499.5
23906.0,973.7,498.8
23910.0,977.7,500.9
23914.1,976.4,500.2
23918.1,975.4,499.7
23920.1,976.1,500.0
23924.0,976.6,500.3
23926.0,974.8,499.4
23928.0,976.2,500.1
23932.1,976.7,500.4
23936.0,975.7,499.9
23938.0,972.4,498.2
23940.1,977.1,500.5
23942.1,977.8,500.9
23946.0,976.3,500.1
23948.1,977.2,500.6
23950.1,974.0,499.0
23954.0,977.0,500.5
23956.0,975.3,499.7
23958.1,975.4,499.7
23960.1,977.0,500.5
23964.0,976.3,500.2
23968.1,974.7,499.3
23972.0,976.5,500.2
23976.0,976.0,500.0
23978.1,975.9,499.9
23982.1,975.1,499.5
23986.0,976.8,500.4
23990.1,976.3,500.2
23992.1,975.6,499.8
23996.0,975.2,499.6
24000.0,978.0,501.0
24002.1,972.4,498.2
24006.0,977.4,500.7
24010.1,974.0,499.0
24014.0,978.9,501.5
24016.1,975.1,499.5
24018.1,976.0,500.0
24022.0,976.2,500.1
24026.1,976.0,500.0
24030.1,976.3,500.1
24034.1,976.0,500.0
24038.1,976.0,500.0
24042.0,976.6,500.3
24044.0,976.1,500.0
24046.1,977.0,500.5
24050.0,976.0,500.0
24052.0,974.8,499.4
24054.1,972.4,498.1
24058.0,976.7,500.3
24060.0,979.6,501.8
24062.0,975.2,499.6
24066.0,976.6,500.3
24070.0,974.0,499.0
24072.1,978.5,501.3
24076.0,976.8,500.4
24078.1,975.1,499.5
24082.1,976.7,500.4
24086.1,976.1,500.0
24088.1,974.7,499.3
24092.1,976.8,500.4
24096.0,975.8,499.9
24098.1,975.5,499.8
24100.1,976.6,500.3
24102.1,976.6,500.3
24106.0,975.4,499.7
24108.1,976.3,500.2
24112.1,976.1,500.0
24116.0,976.3,500.1
24120.0,975.9,500.0
24122.0,976.2,500.1
24124.1,975.9,500.0
24128.0,973.6,498.8
24130.0,977.0,500.5
24132.1,981.5,502.8
24136.1,974.9,499.4
24140.0,976.5,500.2
24142.1,975.5,499.8
24144.1,976.8,500.4
24148.0,976.4,500.2
24152.1,976.3,500.2
24154.1,975.3,499.6
24156.1,975.0,499.5
24160.1,975.5,499.8
24164.1,977.4,500.7
24166.1,976.1,500.0
24168.1,972.8,498.4
24172.0,978.0,501.0
24176.1,975.1,499.5
24178.1,976.9,500.5
24180.1,976.4,500.2
24184.1,976.3,500.1
24188.1,976.0,500.0
24192.0,975.8,499.9
24194.0,977.8,500.9
24198.0,975.7,499.9
24200.1,974.4,499.2
24204.0,976.2,500.1
24206.0,976.6,500.3
24210.0,976.1,500.0
24214.1,975.1,499.5
24218.0,977.6,500.8
24222.0,975.3,499.7
24224.0,970.6,497.2
24228.1,978.1,501.1
24230.1,976.9,500.5
24234.1,974.6,499.3
24238.0,977.8,500.9
24240.1,974.7,499.4
24244.1,977.2,500.6
24248.0,976.4,500.2
24250.0,976.2,500.1
24252.1,974.2,499.1
24256.0,976.2,500.1
24260.0,976.6,500.3
24264.0,976.1,500.0
24268.0,976.1,500.0
24270.1,977.4,500.7
24274.0,975.7,499.8
24276.1,976.0,500.0
24278.1,975.0,499.5
24282.0,976.5,500.3
24284.0,976.2,500.1
24288.1,975.8,499.9
24292.1,976.1,500.1
24296.1,976.4,500.2
24300.0,975.4,499.7
24302.1,972.0,498.0
24306.1,977.4,500.7
24310.0,977.0,500.5
24312.1,976.6,500.3
24314.1,974.4,499.2
24318.0,975.9,500.0
24322.0,976.3,500.2
24324.0,973.1,498.5
24328.0,977.7,500.9
24330.0,976.7,500.4
24332.0,974.6,499.3
24334.1,977.8,500.9
24338.1,975.8,499.9
24342.0,975.5,499.7
24344.1,976.4,500.2
24348.1,973.9,498.9
24352.0,978.4,501.2
24354.0,976.0,500.0
24358.0,976.4,500.2
24360.1,976.6,500.3
24362.1,975.6,499.8
24366.0,975.5,499.7
24370.1,976.5,500.3
24374.1,975.8,499.9
24378.0,976.4,500.2
24380.1,974.5,499.2
24384.0,976.5,500.3
24386.0,974.6,499.3
24388.0,974.6,499.3
24392.1,978.1,501.1
24396.0,948.9,486.1
24398.0,973.4,498.7
24400.1,978.6,501.3
24404.0,975.4,499.7
24406.1,975.4,499.7
24410.0,976.4,500.2
24412.0,973.7,498.8
24414.0,978.9,501.5
24416.1,974.9,499.5
24420.0,974.3,499.1
24422.0,980.8,502.5
24426.1,975.5,499.7
24428.1,977.4,500.7
24432.0,974.8,499.4
24436.1,976.3,500.2
24440.0,976.6,500.3
24444.0,975.9,499.9
24448.0,976.6,500.3
24450.0,975.4,499.7
24454.0,975.1,499.6
24456.0,976.9,500.5
24460.1,976.4,500.2
24464.0,975.9,500.0
24468.0,975.8,499.9
24470.1,977.1,500.5
24474.0,976.2,500.1
24476.1,972.9,498.4
24480.0,977.5,500.8
24482.1,974.0,499.0
24486.1,976.4,500.2
24490.1,975.9,500.0
24492.1,971.7,497.8
24496.0,978.4,501.2
24500.0,976.2,500.1
24504.0,975.8,499.9
24506.1,975.9,499.9
24510.0,975.8,499.9
24514.0,976.8,500.4
24518.0,975.4,499.7
24520.0,977.5,500.8
24524.1,974.8,499.4
24528.0,977.0,500.5
24530.1,975.4,499.7
24534.0,975.9,499.9
24536.1,976.1,500.0
24540.0,975.9,499.9
24544.0,975.4,499.7
24548.1,972.2,498.0
24552.0,981.1,502.6
24554.1,973.8,498.9
24558.0,976.9,500.4
24560.0,976.6,500.3
24562.0,974.7,499.3
24564.1,971.4,497.6
24568.0,977.2,500.6
24570.0,979.3,501.7
24574.0,972.2,498.1
24576.1,982.6,503.4
24578.1,976.7,500.3
24582.0,975.5,499.7
24584.1,977.4,500.7
24588.0,975.6,499.8
24590.1,976.8,500.4
24594.0,976.3,500.1
24596.0,976.1,500.1
24598.0,973.1,498.5
24600.0,979.6,501.8
24604.0,972.7,498.3
24606.0,981.9,503.0
24610.0,975.5,499.8
24612.1,976.6,500.3
24614.1,975.9,499.9
24618.0,975.6,499.8
24622.0,976.3,500.2
24624.1,971.7,497.8
24628.0,978.2,501.1
24630.0,976.0,500.0
24634.0,976.0,500.0
24636.0,975.1,499.6
24640.1,976.6,500.3
24642.1,975.1,499.6
24646.0,976.5,500.2
24648.1,974.4,499.2
24650.1,974.1,499.0
24654.0,977.2,500.6
24658.0,976.2,500.1
24662.0,975.6,499.8
24664.0,976.3,500.2
24668.0,975.8,499.9
24672.0,976.2,500.1
24676.0,975.6,499.8
24680.0,974.6,499.3
24684.0,977.7,500.9
24686.1,976.2,500.1
24690.0,976.5,500.2
24694.0,975.3,499.7
24696.1,975.4,499.7
24700.0,976.8,500.4
24704.0,975.4,499.7
24706.0,975.0,499.5
24710.1,976.8,500.4
24714.0,976.1,500.1
24718.0,976.9,500.5
24720.0,973.5,498.7
24724.1,976.4,500.2
24726.1,977.2,500.6
24728.1,974.6,499.3
24732.0,976.6,500.3
24734.1,975.0,499.5
24738.1,975.8,499.9
24742.0,976.3,500.2
24744.0,976.6,500.3
24748.1,974.8,499.4
24752.0,977.9,501.0
24756.1,974.5,499.2
24760.0,977.6,500.8
24764.1,974.7,499.4
24766.1,967.6,495.7
24770.1,981.0,502.6
24774.1,977.0,500.5
24778.1,975.5,499.8
24780.1,975.4,499.7
24782.1,976.4,500.2
24786.1,976.0,500.0
24790.0,975.4,499.7
24792.1,976.9,500.4
24796.0,976.5,500.3
24798.1,975.7,499.9
24802.0,976.2,500.1
24804.0,975.6,499.8
24808.0,975.7,499.9
24812.1,976.2,500.1
24816.0,976.6,500.3
24818.0,971.3,497.6
24822.1,978.0,501.0
24826.1,975.9,499.9
24830.0,976.1,500.1
24832.1,975.6,499.8
24836.0,976.5,500.3
24838.1,972.8,498.4
24840.1,979.0,501.6
24844.0,975.6,499.8
24846.1,975.8,499.9
24850.0,976.2,500.1
24852.1,975.4,499.7
24856.1,976.2,500.1
24858.1,976.0,500.0
24862.0,976.6,500.3
24864.0,975.4,499.7
24866.1,974.3,499.1
24870.0,975.7,499.8
24872.1,977.1,500.5
24876.1,976.2,500.1
24880.0,973.5,498.7
24882.1,981.3,502.7
24886.0,976.4,500.2
24888.1,974.7,499.4
24892.0,976.4,500.2
24896.1,975.4,499.7
24900.1,976.6,500.3
24904.0,975.9,499.9
24906.1,976.1,500.1
24910.1,976.3,500.1
24914.0,975.6,499.8
24916.0,972.3,498.1
24918.0,980.5,502.3
24922.0,976.0,500.0
24924.0,975.2,499.6
24928.1,977.0,500.5
24932.0,975.3,499.7
24934.1,964.8,494.2
24938.0,981.4,502.7
24940.1,977.4,500.7
24944.1,975.7,499.8
24948.0,975.8,499.9
24950.0,977.5,500.8
24952.1,976.0,500.0
24956.0,976.1,500.0
24958.0,975.0,499.5
24960.0,976.7,500.4
24962.0,974.9,499.4
24964.1,971.5,497.7
24968.0,978.8,501.4
24970.0,975.6,499.8
24974.0,976.4,500.2
24976.0,976.4,500.2
24980.0,975.9,499.9
24982.1,976.2,500.1
24986.0,976.4,500.2
24988.0,971.7,497.8
24992.1,978.5,501.3
24996.0,948.9,486.1
24998.1,974.5,499.2
25002.0,976.8,500.4
25004.1,972.6,498.3
25008.1,974.1,499.0
25012.0,979.5,501.8
25014.1,974.5,499.2
25018.1,976.4,500.2
25022.0,974.9,499.4
25024.1,978.7,501.4
25028.0,975.1,499.6
25030.0,978.1,501.1
25034.0,975.7,499.8
25036.0,976.0,500.0
25038.1,976.9,500.5
25042.0,975.5,499.7
25044.0,978.0,501.0
25048.0,975.9,499.9
25052.0,975.7,499.8
25054.0,968.7,496.2
25058.1,979.6,501.8
25062.1,975.6,499.8
25064.1,978.2,501.1
25068.0,975.3,499.6
25072.0,976.5,500.2
25074.0,974.7,499.3
25076.0,974.9,499.5
25078.0,977.7,500.9
25082.0,976.4,500.2
25084.0,976.5,500.2
25088.0,976.1,500.0
25092.1,975.6,499.8
25096.0,975.0,499.5
25098.0,977.5,500.8
25102.0,976.7,500.3
25104.0,974.0,499.0
25108.0,977.3,500.6
25112.0,975.4,499.7
25114.0,967.5,495.7
25118.0,979.7,501.9
25120.1,977.6,500.8
25124.1,976.0,500.0
25126.1,975.8,499.9
25130.0,976.6,500.3
25132.0,976.7,500.4
25134.1,974.3,499.1
25138.1,976.4,500.2
25142.0,976.1,500.1
25144.1,975.7,499.9
25148.0,976.0,500.0
25150.1,975.0,499.5
25154.0,977.3,500.7
25156.0,973.7,498.8
25160.0,976.1,500.1
25162.1,976.0,500.0
25166.0,976.4,500.2
25168.1,974.9,499.4
25172.0,976.4,500.2
25176.0,975.3,499.6
25178.1,978.0,501.0
25182.1,975.1,499.5
25186.1,974.6,499.3
25190.1,978.1,501.1
25194.0,976.0,500.0
25196.1,977.0,500.5
25200.0,976.0,500.0
25204.0,975.6,499.8
25206.1,977.2,500.6
25210.0,973.9,498.9
25212.0,978.7,501.4
25214.0,962.8,493.2
25218.0,983.0,503.6
25220.0,976.0,500.0
25224.0,975.2,499.6
25228.1,975.8,499.9
25232.0,976.4,500.2
25234.1,971.1,497.5
25236.1,981.2,502.7
25240.1,974.1,499.0
25244.0,978.4,501.2
25246.1,973.5,498.7
25250.0,976.8,500.4
25254.0,974.5,499.2
25258.0,976.4,500.2
25260.0,977.8,500.9
25262.1,975.3,499.6
25266.0,977.1,500.6
25270.1,975.1,499.6
25272.1,976.9,500.5
25276.1,975.6,499.8
25280.1,976.5,500.3
25284.0,976.2,500.1
25286.1,975.6,499.8
25290.0,976.0,500.0
25292.1,975.9,500.0
25296.1,920.2,471.4
25298.1,975.5,499.8
25302.1,978.0,501.0
25304.1,975.7,499.8
25308.0,976.6,500.3
25312.0,976.0,500.0
25314.1,971.2,497.6
25318.0,978.4,501.2
25320.1,975.1,499.5
25324.0,975.5,499.8
25326.1,976.8,500.4
25330.1,976.6,500.3
25334.0,976.3,500.2
25338.0,976.2,500.1
25342.0,976.5,500.3
25346.0,975.6,499.8
25350.0,975.3,499.6
25354.1,971.0,497.4
25358.0,955.1,489.3
25362.0,976.2,500.1
25364.1,972.3,498.1
25368.0,977.7,500.9
25372.0,976.7,500.3
25374.0,975.0,499.5
25376.0,974.6,499.3
25380.1,976.7,500.4
25384.0,975.9,499.9
25388.0,976.5,500.3
25390.1,976.4,500.2
25394.1,974.4,499.2
25398.0,977.6,500.8
25400.0,977.7,500.9
25404.0,975.5,499.8
25408.0,975.9,499.9
25412.1,975.8,499.9
25416.0,949.1,486.2
25420.0,976.3,500.2
25424.1,976.2,500.1
25428.0,975.0,499.5
25430.1,978.3,501.2
25434.1,976.2,500.1
25438.1,975.1,499.5
25442.0,977.1,500.6
25444.1,976.6,500.3
25448.0,975.4,499.7
25452.1,976.5,500.3
25454.1,975.6,499.8
25458.0,975.5,499.7
25462.1,975.2,499.6
25466.0,977.7,500.9
25468.1,976.3,500.1
25470.1,976.5,500.3
25474.1,975.3,499.6
25478.0,976.5,500.2
25480.0,976.3,500.1
25484.1,975.3,499.6
25488.1,976.9,500.5
25492.0,975.2,499.6
25494.1,976.7,500.3
25498.0,975.2,499.6
25502.0,976.9,500.5
25506.0,975.6,499.8
25510.0,976.0,500.0
25512.0,977.2,500.6
25516.0,975.6,499.8
25518.0,976.2,500.1
25522.1,976.1,500.1
25524.1,975.6,499.8
25528.0,976.9,500.5
25532.0,975.9,500.0
25534.1,972.9,498.4
25538.0,976.8,500.4
25540.1,975.6,499.8
25542.1,976.8,500.4
25544.1,972.8,498.3
25548.0,977.7,500.9
25552.0,976.0,500.0
25556.0,976.5,500.3
25560.0,975.2,499.6
25564.0,976.4,500.2
25566.1,976.7,500.4
25568.1,975.9,499.9
25572.0,976.5,500.3
25574.0,976.6,500.3
25576.1,973.6,498.8
25580.1,976.7,500.4
25584.0,975.9,500.0
25586.1,973.1,498.5
25590.1,977.7,500.9
25594.0,976.3,500.2
25596.1,975.4,499.7
25600.0,975.1,499.5
25602.0,978.2,501.1
25604.1,977.3,500.7
25608.0,976.1,500.1
25610.0,975.8,499.9
25612.1,976.1,500.0
25614.1,976.9,500.5
25618.0,975.8,499.9
25622.0,974.4,499.2
25626.0,977.4,500.7
25628.1,975.7,499.8
25632.1,975.2,499.6
25636.0,976.5,500.3
25640.0,977.0,500.5
25642.1,971.7,497.8
25646.0,978.0,501.0
25648.0,977.4,500.7
25650.0,974.7,499.4
25654.1,975.9,499.9
25658.0,976.5,500.3
25662.1,975.6,499.8
25666.0,976.1,500.0
25668.0,976.9,500.5
25670.0,977.3,500.7
25674.0,974.4,499.2
25676.1,977.8,500.9
25680.0,976.0,500.0
25684.0,973.8,498.9
25688.0,979.1,501.6
25690.1,974.3,499.1
25694.1,976.4,500.2
25698.0,975.9,500.0
25700.1,973.9,498.9
25704.0,977.5,500.8
25706.0,974.0,499.0
25708.0,977.5,500.8
25712.1,975.9,499.9
25716.0,976.1,500.1
25720.0,976.5,500.2
25724.0,975.7,499.8
25726.0,976.3,500.2
25730.0,976.5,500.2
25734.0,976.3,500.2
25738.0,975.7,499.9
25742.0,976.8,500.4
25744.0,975.3,499.6
25748.0,976.6,500.3
25752.0,975.1,499.6
25756.0,976.3,500.2
25758.1,976.6,500.3
25762.1,975.6,499.8
25764.1,976.9,500.5
25768.0,975.5,499.7
25772.0,977.0,500.5
25774.0,976.4,500.2
25778.0,948.1,485.7
25780.1,975.8,499.9
25782.1,975.8,499.9
25786.1,977.2,500.6
25790.1,975.7,499.8
25794.0,975.4,499.7
25796.0,976.7,500.4
25800.1,972.7,498.3
25804.0,979.5,501.8
25806.0,977.7,500.9
25810.1,975.5,499.8
25814.0,975.9,499.9
25818.1,976.6,500.3
25822.0,975.6,499.8
25824.1,976.2,500.1
25828.1,975.7,499.9
25832.0,976.6,500.3
25834.1,975.3,499.6
25838.1,974.3,499.1
25842.0,978.2,501.1
25844.0,975.0,499.5
25848.1,976.5,500.2
25852.1,976.1,500.1
25856.0,975.9,500.0
25858.0,975.7,499.8
25860.1,976.3,500.1
25864.0,976.5,500.3
25866.0,976.1,500.1
25868.0,976.2,500.1
25870.0,975.8,499.9
25872.1,976.5,500.3
25876.0,974.1,499.0
25878.0,974.4,499.2
25882.0,975.4,499.7
25884.1,983.2,503.7
25888.0,975.0,499.5
25890.1,976.4,500.2
25894.0,976.5,500.3
25896.0,976.2,500.1
25898.1,974.2,499.1
25902.0,976.5,500.3
25904.0,975.9,499.9
25908.1,975.8,499.9
25912.0,975.7,499.9
25914.1,976.8,500.4
25918.0,976.0,500.0
25920.1,976.6,500.3
25924.0,975.7,499.8
25926.0,976.9,500.5
25930.1,976.7,500.4
25932.1,972.6,498.2
25934.1,976.1,500.1
25938.0,976.0,500.0
25942.0,976.7,500.4
25944.1,974.5,499.2
25948.0,976.7,500.3
25952.1,975.7,499.9
25956.0,948.5,485.9
25960.0,976.5,500.2
25964.0,976.0,500.0
25966.0,977.4,500.7
25970.0,976.2,500.1
25974.1,975.1,499.6
25978.0,977.0,500.5
25982.1,975.0,499.5
25984.1,977.9,501.0
25988.1,976.2,500.1
25992.0,975.8,499.9
25994.1,975.4,499.7
25998.1,976.7,500.4
26002.1,974.1,499.0
26006.1,978.1,501.1
26010.0,976.1,500.0
26014.1,976.0,500.0
26018.0,976.1,500.1
26020.0,976.7,500.3
26024.0,976.7,500.4
26026.0,974.9,499.4
26028.1,975.4,499.7
26032.0,977.4,500.7
26034.0,973.8,498.9
26038.0,977.2,500.6
26040.0,974.7,499.3
26042.1,976.6,500.3
26046.1,975.1,499.5
26050.0,976.9,500.5
26052.0,975.5,499.7
26054.0,976.0,500.0
26058.0,976.4,500.2
26060.1,975.5,499.7
26062.1,975.9,499.9
26066.0,977.0,500.5
26068.0,972.5,498.2
26072.0,977.7,500.9
26076.0,949.2,486.3
26080.0,974.9,499.4
26084.1,976.6,500.3
26086.1,976.6,500.3
26090.1,976.3,500.2
26092.1,973.5,498.7
26096.1,976.1,500.1
26100.0,976.8,500.4
26104.0,975.6,499.8
26108.0,976.6,500.3
26112.0,975.9,499.9
26116.1,976.8,500.4
26120.0,974.9,499.5
26122.0,976.7,500.3
26124.1,975.4,499.7
26128.0,976.6,500.3
26132.0,974.3,499.2
26134.0,978.3,501.2
26138.1,976.5,500.3
26142.0,976.2,500.1
26144.0,975.5,499.8
26148.0,977.1,500.6
26152.0,974.9,499.5
26154.1,974.1,499.0
26158.0,977.4,500.7
26160.1,977.4,500.7
26164.1,975.8,499.9
26168.0,976.1,500.0
26172.0,976.2,500.1
26176.1,974.9,499.4
26178.1,977.9,501.0
26182.0,976.4,500.2
26184.1,976.1,500.0
26188.0,976.3,500.1
26192.0,974.9,499.5
26196.1,976.6,500.3
26200.0,975.8,499.9
26202.1,976.0,500.0
26206.1,977.1,500.6
26210.0,975.3,499.6
26214.0,976.0,500.0
26216.0,975.4,499.7
26220.0,977.0,500.5
26224.0,976.0,500.0
26228.1,976.6,500.3
26232.0,975.8,499.9
26236.0,976.0,500.0
26238.1,974.7,499.3
26242.0,977.0,500.5
26244.0,976.0,500.0
26246.0,974.7,499.3
26250.0,976.8,500.4
26254.1,975.4,499.7
26258.0,976.5,500.2
26262.0,974.6,499.3
26264.1,978.3,501.2
26268.0,975.4,499.7
26270.0,977.5,500.8
26272.1,974.7,499.3
26276.0,977.0,500.5
26280.0,976.0,500.0
26282.0,977.5,500.8
26286.1,975.9,500.0
26290.1,975.5,499.7
26294.1,975.7,499.8
26298.0,976.6,500.3
26302.0,974.4,499.2
26304.0,978.2,501.1
26308.1,976.0,500.0
26312.0,977.4,500.7
26316.0,975.4,499.7
26320.0,976.4,500.2
26324.1,975.5,499.8
26328.0,975.0,499.5
26330.1,978.7,501.4
26334.1,976.4,500.2
26338.0,975.8,499.9
26340.0,975.3,499.7
26342.1,977.0,500.5
26346.0,976.6,500.3
26348.0,975.1,499.5
26350.1,976.7,500.4
26354.1,975.5,499.8
26358.1,976.4,500.2
26362.0,976.2,500.1
26366.0,976.0,500.0
26368.0,973.9,498.9
26370.0,977.6,500.8
26372.1,975.9,499.9
26376.1,948.8,486.0
26380.1,976.6,500.3
26384.0,976.5,500.3
26386.0,976.1,500.0
26388.1,976.1,500.1
26390.1,974.3,499.1
26394.0,976.7,500.4
26396.1,976.0,500.0
26400.0,975.8,499.9
26404.0,976.0,500.0
26406.1,974.9,499.4
26410.1,976.7,500.4
26414.0,976.7,500.4
26416.0,975.6,499.8
26418.0,975.7,499.8
26422.0,975.4,499.7
26424.0,978.1,501.1
26428.1,974.0,499.0
26432.0,977.0,500.5
26434.1,974.1,499.0
26438.0,977.7,500.9
26440.0,974.9,499.4
26442.0,976.7,500.4
26444.1,977.5,500.8
26446.1,974.8,499.4
26448.1,976.4,500.2
26452.0,975.6,499.8
26454.0,976.6,500.3
26456.0,972.4,498.1
26458.0,978.1,501.1
26460.1,978.0,501.0
26464.0,975.9,499.9
26468.1,975.5,499.7
26472.1,976.6,500.3
26476.0,975.9,499.9
26480.0,976.2,500.1
26482.1,974.1,499.0
26484.1,976.9,500.5
26486.1,974.1,499.0
26490.0,977.7,500.9
26494.0,975.6,499.8
26496.1,976.9,500.4
26498.1,972.5,498.2
26502.0,978.2,501.1
26506.0,974.9,499.4
26510.0,975.2,499.6
26514.0,977.8,500.9
26518.0,976.0,500.0
26522.0,972.9,498.4
26524.1,979.4,501.8
26528.0,978.1,501.1
26530.0,974.5,499.2
26534.0,976.4,500.2
26536.1,976.3,500.2
26538.1,975.8,499.9
26542.0,975.5,499.7
26544.0,976.4,500.2
26548.0,976.6,500.3
26550.1,972.3,498.1
26554.0,978.6,501.3
26556.1,974.2,499.1
26560.1,975.7,499.8
26564.0,975.6,499.8
26566.0,978.7,501.4
26570.1,975.8,499.9
26574.0,976.2,500.1
26576.0,972.7,498.3
26578.1,978.6,501.3
26582.1,975.5,499.8
26586.1,975.9,500.0
26590.0,976.7,500.4
26592.1,974.4,499.2
26596.0,976.5,500.2
26598.1,976.3,500.2
26602.0,976.2,500.1
26604.0,976.1,500.1
26606.0,975.2,499.6
26608.0,976.7,500.3
26612.0,973.5,498.7
26614.0,982.1,503.1
26618.1,975.2,499.6
26622.0,976.2,500.1
26624.1,975.1,499.6
26628.1,976.3,500.2
26632.0,976.0,500.0
26634.0,974.9,499.4
26638.0,976.3,500.1
26640.1,974.9,499.4
26644.0,976.4,500.2
26646.1,978.1,501.1
26650.0,975.8,499.9
26654.0,976.1,500.0
26656.0,975.8,499.9
26658.0,967.3,495.6
26662.1,980.4,502.2
26664.1,970.4,497.1
26668.0,978.8,501.4
26672.0,975.1,499.6
26674.0,973.7,498.8
26678.1,978.4,501.2
26680.1,975.9,499.9
26684.0,976.6,500.3
26686.0,974.4,499.2
26688.0,976.3,500.2
26692.0,976.5,500.3
26694.1,977.5,500.7
26698.0,975.0,499.5
26700.0,977.0,500.5
26704.0,975.7,499.9
26706.1,975.4,499.7
26710.0,974.4,499.2
26712.1,977.6,500.8
26716.0,977.3,500.7
26720.0,976.3,500.2
26722.0,974.4,499.2
26724.1,977.3,500.7
26728.0,975.6,499.8
26730.0,976.0,500.0
26732.1,977.4,500.7
26736.0,976.2,500.1
26738.1,975.6,499.8
26742.0,975.9,499.9
26746.0,976.6,500.3
26748.1,975.9,499.9
26752.0,975.7,499.8
26754.0,977.8,500.9
26758.0,975.5,499.8
26760.1,975.4,499.7
26764.0,976.2,500.1
26768.1,976.6,500.3
26772.1,971.9,497.9
26776.0,979.7,501.9
26780.0,976.4,500.2
26784.1,976.8,500.4
26788.0,975.6,499.8
26790.0,975.6,499.8
26794.0,976.1,500.0
26798.0,973.9,498.9
26800.0,979.9,502.0
26802.0,977.2,500.6
26806.0,976.0,500.0
26808.1,975.0,499.5
26812.0,976.1,500.0
26814.1,971.9,497.9
26818.0,978.0,501.0
26822.1,976.0,500.0
26826.0,977.0,500.5
26828.1,974.8,499.4
26832.0,975.9,499.9
26836.0,976.5,500.3
26838.1,973.4,498.7
26840.1,973.1,498.5
26844.0,978.3,501.2
26846.1,975.9,499.9
26850.1,976.5,500.3
26854.0,975.8,499.9
26856.1,976.6,500.3
26860.0,975.5,499.7
26862.0,976.1,500.1
26864.1,974.8,499.4
26868.0,977.1,500.6
26870.1,970.3,497.1
26874.1,978.6,501.3
26878.1,975.8,499.9
26882.1,974.6,499.3
26886.0,977.4,500.7
26888.1,976.3,500.1
26892.1,976.6,500.3
26896.0,975.5,499.8
26900.0,976.1,500.0
26902.0,976.4,500.2
26906.1,974.5,499.2
26910.0,977.5,500.8
26912.1,973.2,498.6
26916.0,973.0,498.4
26918.1,982.6,503.4
26922.0,976.9,500.5
26926.0,975.5,499.7
26930.0,976.2,500.1
26934.1,975.8,499.9
26938.0,976.7,500.4
26942.0,976.2,500.1
26944.1,976.0,500.0
26948.0,975.1,499.5
26950.0,977.5,500.8
26954.1,976.4,500.2
26956.1,972.7,498.3
26960.1,977.8,500.9
26964.1,974.4,499.2
26968.0,977.4,500.7
26972.0,976.5,500.2
26976.0,973.4,498.7
26980.0,977.9,501.0
26984.0,976.0,500.0
26986.0,974.4,499.2
26990.0,977.3,500.7
26994.0,976.2,500.1
26998.1,975.6,499.8
27002.1,976.2,500.1
27006.0,976.7,500.4
27010.1,976.2,500.1
27014.0,975.0,499.5
27016.1,972.5,498.2
27020.0,978.0,501.0
27022.0,976.4,500.2
27026.0,975.8,499.9
27028.0,974.6,499.3
27032.0,976.4,500.2
27034.1,976.2,500.1
27038.1,922.0,472.3
27042.0,975.8,499.9
27046.1,975.8,499.9
27050.0,976.5,500.2
27052.0,977.0,500.5
27056.0,975.9,499.9
27060.0,975.5,499.7
27064.0,976.8,500.4
27068.1,975.4,499.7
27072.0,977.1,500.6
27074.1,968.4,496.1
27078.0,980.0,502.1
27080.1,974.8,499.4
27084.0,976.4,500.2
27086.1,975.9,500.0
27090.1,975.7,499.8
27094.0,976.5,500.2
27098.0,975.9,500.0
27100.1,975.3,499.6
27104.0,975.9,500.0
27106.1,976.5,500.3
27110.1,975.3,499.6
27114.0,976.7,500.4
27116.0,976.3,500.1
27120.0,973.0,498.4
27124.0,979.1,501.6
27126.0,977.2,500.6
27128.1,972.5,498.2
27132.0,978.0,501.0
27136.0,974.6,499.3
27138.1,976.8,500.4
27142.1,976.2,500.1
27146.1,975.8,499.9
27150.0,976.2,500.1
27154.1,976.4,500.2
27158.0,975.6,499.8
27160.0,976.1,500.1
27164.0,976.5,500.2
27166.0,976.3,500.1
27168.1,974.2,499.1
27172.0,976.3,500.2
27174.0,977.0,500.5
27178.1,976.2,500.1
27182.0,975.9,499.9
27186.0,975.8,499.9
27190.0,975.9,499.9
27192.1,977.1,500.5
27196.0,976.1,500.0
27200.0,974.8,499.4
27204.0,977.1,500.6
27208.1,974.7,499.3
27212.0,977.3,500.7
27214.1,974.6,499.3
27218.1,975.7,499.9
27222.1,976.8,500.4
27226.0,975.3,499.6
27228.1,977.6,500.8
27232.0,976.1,500.0
27234.1,974.4,499.2
27238.1,976.7,500.4
27242.0,976.2,500.1
27244.0,974.9,499.5
27248.0,976.6,500.3
27250.0,975.0,499.5
27252.1,977.0,500.5
27256.0,975.8,499.9
27258.1,973.2,498.6
27262.0,976.3,500.2
27264.1,977.4,500.7
27268.0,976.8,500.4
27272.1,975.6,499.8
27276.1,974.4,499.2
27278.1,979.2,501.6
27282.0,975.8,499.9
27284.0,970.1,497.0
27286.0,980.9,502.5
27290.0,976.1,500.1
27294.1,975.7,499.8
27298.0,976.6,500.3
27300.0,976.2,500.1
27304.0,974.0,499.0
27306.1,976.5,500.2
27308.1,979.4,501.8
27312.0,975.4,499.7
27314.1,976.0,500.0
27318.1,975.9,499.9
27320.1,975.8,499.9
27324.1,976.4,500.2
27328.0,975.4,499.7
27330.1,976.8,500.4
27332.1,975.1,499.5
27336.0,974.0,499.0
27338.0,979.3,501.7
27342.1,976.7,500.3
27346.0,976.6,500.3
27350.0,975.6,499.8
27352.1,975.4,499.7
27356.1,975.9,500.0
27360.0,976.4,500.2
27362.1,977.8,500.9
27366.1,973.4,498.7
27370.0,977.6,500.8
27372.1,976.7,500.4
27376.0,976.1,500.1
27378.0,975.2,499.6
27380.1,976.2,500.1
27384.0,975.8,499.9
27388.0,976.7,500.4
27392.1,975.0,499.5
27396.0,974.4,499.2
27398.0,977.3,500.7
27402.1,977.8,500.9
27406.0,975.9,500.0
27408.0,976.0,500.0
27410.1,975.9,499.9
27414.0,974.9,499.5
27418.0,976.8,500.4
27420.1,976.6,500.3
27422.1,974.0,499.0
27424.1,978.6,501.3
27428.1,976.3,500.1
27432.0,975.8,499.9
27434.1,975.6,499.8
27438.0,974.9,499.4
27442.0,977.1,500.6
27444.0,975.6,499.8
27448.0,976.0,500.0
27452.1,976.1,500.0
27454.1,970.2,497.0
27458.0,948.9,486.1
27462.0,979.3,501.7
27464.0,974.8,499.4
27468.0,975.7,499.9
27470.1,977.9,501.0
27474.1,976.0,500.0
27478.0,975.9,500.0
27480.1,974.0,499.0
27482.1,978.4,501.2
27486.1,975.6,499.8
27490.0,976.2,500.1
27492.0,976.1,500.0
27494.0,976.0,500.0
27498.1,974.8,499.4
27502.0,977.4,500.7
27506.0,975.8,499.9
27508.1,976.0,500.0
27510.1,974.5,499.2
27514.1,976.9,500.5
27518.0,976.0,500.0
27520.1,976.4,500.2
27524.1,976.2,500.1
27528.0,975.3,499.6
27532.0,975.7,499.9
27534.1,976.0,500.0
27536.1,977.8,500.9
27540.0,975.8,499.9
27542.0,974.6,499.3
27546.1,975.3,499.7
27550.0,978.0,501.0
27552.1,975.9,500.0
27556.0,975.4,499.7
27558.1,975.2,499.6
27562.0,976.1,500.0
27564.1,976.6,500.3
27568.0,975.9,500.0
27572.0,975.9,499.9
27574.0,975.0,499.5
27578.0,976.4,500.2
27582.1,975.7,499.8
27586.0,976.5,500.2
27588.0,975.6,499.8
27590.1,976.0,500.0
27592.1,975.8,499.9
27596.0,976.8,500.4
27598.0,976.9,500.4
27602.0,975.1,499.6
27604.0,977.1,500.6
27606.1,975.9,500.0
27610.1,975.7,499.9
27614.1,976.1,500.1
27618.0,975.7,499.8
27620.0,977.8,500.9
27624.0,974.1,499.0
27626.1,978.8,501.4
27630.0,975.5,499.7
27632.1,976.4,500.2
27636.0,976.4,500.2
27640.0,975.2,499.6
27644.0,976.7,500.3
27646.1,974.7,499.4
27650.0,976.1,500.0
27654.1,975.8,499.9
27658.0,976.5,500.2
27660.1,974.0,499.0
27664.1,977.9,501.0
27668.0,975.9,499.9
27672.1,972.5,498.2
27674.1,982.0,503.1
27678.0,976.8,500.4
27680.1,975.5,499.8
27684.0,976.0,500.0
27688.0,975.2,499.6
27690.1,977.1,500.6
27694.1,976.7,500.4
27698.1,948.7,486.0
27702.0,977.0,500.5
27704.1,974.6,499.3
27708.0,975.1,499.5
27710.0,979.7,501.9
27714.0,975.8,499.9
27716.1,976.0,500.0
27720.0,976.7,500.4
27722.1,976.1,500.0
27724.1,974.4,499.2
27728.0,975.1,499.5
27730.0,977.6,500.8
27734.1,974.1,499.0
27738.1,978.2,501.1
27742.1,975.8,499.9
27746.0,975.9,500.0
27748.1,976.1,500.0
27752.0,972.7,498.3
27754.0,981.8,503.0
27758.0,976.1,500.1
27762.1,975.8,499.9
27766.0,976.3,500.2
27770.0,975.7,499.9
27774.0,976.8,500.4
27778.0,975.6,499.8
27780.0,975.7,499.8
27784.0,975.7,499.8
27786.1,975.7,499.8
27788.1,975.9,500.0
27792.0,976.6,500.3
27796.0,974.7,499.3
27798.1,978.2,501.1
27802.0,976.7,500.4
27806.0,974.3,499.1
27808.1,975.5,499.7
27812.1,977.5,500.8
27816.0,975.9,500.0
27818.1,969.1,496.5
27822.0,979.8,501.9
27826.1,975.8,499.9
27828.1,976.4,500.2
27832.1,975.3,499.6
27836.1,976.4,500.2
27840.1,976.3,500.2
27844.1,976.1,500.0
27848.0,976.1,500.1
27850.1,974.6,499.3
27852.1,974.0,499.0
27856.0,978.0,501.0
27858.1,975.6,499.8
27862.0,972.3,498.1
27866.1,978.9,501.5
27870.0,976.9,500.5
27872.1,973.6,498.8
27876.0,975.5,499.7
27878.1,978.1,501.1
27882.1,975.4,499.7
27886.0,975.7,499.9
27890.1,976.8,500.4
27894.0,975.7,499.8
27898.1,976.2,500.1
27902.0,975.7,499.9
27904.0,975.1,499.5
27906.1,976.6,500.3
27910.0,974.9,499.4
27912.1,978.2,501.1
27914.1,975.7,499.9
27916.1,977.1,500.5
27920.1,975.9,499.9
27924.1,975.4,499.7
27928.0,976.8,500.4
27930.1,974.1,499.0
27934.0,976.8,500.4
27936.0,975.1,499.5
27938.1,977.0,500.5
27942.0,975.5,499.7
27944.0,975.5,499.8
27948.1,975.6,499.8
27952.0,975.7,499.8
27954.1,976.9,500.4
27958.0,976.0,500.0
27962.0,975.2,499.6
27966.0,974.9,499.4
27968.1,974.6,499.3
27972.0,978.6,501.3
27974.0,974.9,499.4
27976.1,976.7,500.4
27980.0,976.3,500.2
27984.0,976.5,500.3
27986.1,974.7,499.3
27990.0,976.3,500.1
27994.0,974.7,499.3
27998.0,977.6,500.8
28000.1,974.4,499.2
28004.0,976.1,500.0
28008.1,976.4,500.2
28012.1,975.7,499.8
28016.0,975.9,499.9
28018.1,976.5,500.2
28022.0,974.9,499.4
28026.0,977.2,500.6
28028.0,975.0,499.5
28030.1,977.7,500.9
28034.0,975.5,499.7
28036.0,975.5,499.8
28040.0,976.3,500.2
28044.0,975.2,499.6
28046.0,978.7,501.4
28050.1,975.4,499.7
28054.0,975.6,499.8
28056.0,975.9,500.0
28060.0,975.8,499.9
28064.1,976.5,500.3
28068.0,975.5,499.7
28070.1,974.5,499.2
28074.0,977.2,500.6
28076.1,972.2,498.1
28080.0,977.1,500.6
28084.0,977.1,500.6
28088.1,974.9,499.4
28092.0,976.7,500.3
28094.0,975.2,499.6
28096.1,976.5,500.3
28100.1,975.6,499.8
28102.1,966.5,495.1
28106.1,978.9,501.5
28110.0,978.0,501.0
28112.0,977.3,500.7
28114.0,974.0,499.0
28116.1,974.4,499.2
28120.0,977.2,500.6
28124.0,976.5,500.3
28126.1,974.7,499.3
28130.0,975.9,499.9
28134.0,975.8,499.9
28136.1,977.2,500.6
28140.1,975.6,499.8
28144.0,976.7,500.4
28148.0,974.9,499.4
28150.0,977.6,500.8
28154.1,974.3,499.1
28158.0,976.4,500.2
28162.0,976.5,500.3
28164.0,976.7,500.4
28168.1,976.4,500.2
28172.1,975.3,499.6
28176.1,975.1,499.6
28180.0,922.8,472.7
28182.0,974.7,499.4
28186.0,976.7,500.4
28190.0,975.5,499.7
28192.1,977.1,500.5
28196.0,975.1,499.5
28200.0,975.7,499.8
28202.1,976.6,500.3
28206.1,975.4,499.7
28210.0,976.9,500.5
28212.0,978.0,501.0
28216.0,975.3,499.6
28220.0,976.6,500.3
28224.0,975.5,499.8
28226.1,976.7,500.3
28228.1,976.3,500.2
28232.0,974.9,499.4
28236.0,977.6,500.8
28238.0,974.6,499.3
28240.1,975.7,499.8
28244.0,976.6,500.3
28248.0,975.6,499.8
28250.1,974.8,499.4
28254.0,976.3,500.2
28256.1,977.3,500.7
28260.0,976.3,500.1
28262.0,974.6,499.3
28266.1,976.4,500.2
28270.1,973.7,498.8
28274.0,977.7,500.9
28278.0,976.9,500.5
28280.0,974.9,499.4
28282.1,973.7,498.8
28284.1,972.1,498.0
28288.0,979.5,501.8
28292.0,976.5,500.3
28294.0,974.4,499.2
28296.1,976.1,500.1
28300.0,975.0,499.5
28304.1,976.5,500.2
28308.0,977.0,500.5
28310.1,975.7,499.8
28314.1,976.0,500.0
28316.1,972.9,498.4
28320.0,978.3,501.2
28322.1,974.6,499.3
28326.1,975.8,499.9
28330.0,975.0,499.5
28332.0,978.4,501.2
28334.1,977.0,500.5
28338.0,976.1,500.0
28340.0,976.2,500.1
28342.1,973.9,498.9
28346.1,977.2,500.6
28350.0,975.3,499.6
28354.1,976.6,500.3
28358.0,975.5,499.8
28360.0,975.4,499.7
28362.1,975.8,499.9
28366.0,974.4,499.2
28368.0,978.0,501.0
28370.1,967.7,495.8
28374.0,980.8,502.4
28376.1,976.3,500.2
28378.1,977.4,500.7
28382.1,975.3,499.6
28384.1,975.7,499.9
28388.0,975.5,499.7
28392.0,977.0,500.5
28396.0,976.0,500.0
28398.1,975.5,499.7
28402.0,976.7,500.4
28404.1,975.4,499.7
28408.1,976.1,500.0
28412.0,976.1,500.0
28416.0,976.3,500.2
28418.1,920.4,471.5
28422.0,977.8,500.9
28426.0,975.5,499.8
28428.0,974.9,499.5
28430.1,975.3,499.6
28434.1,976.7,500.3
28436.1,977.5,500.8
28440.0,975.6,499.8
28442.1,976.2,500.1
28446.0,975.9,500.0
28448.1,977.0,500.5
28452.1,975.6,499.8
28456.0,975.7,499.8
28458.0,975.1,499.5
28460.1,979.2,501.6
28464.0,974.8,499.4
28466.1,976.2,500.1
28470.1,976.8,500.4
28472.1,976.2,500.1
28476.1,974.6,499.3
28480.0,976.4,500.2
28484.0,976.1,500.1
28486.0,977.0,500.5
28490.0,975.6,499.8
28492.0,976.8,500.4
28494.0,974.6,499.3
28498.1,975.5,499.8
28502.0,976.6,500.3
28506.1,976.5,500.2
28510.1,975.6,499.8
28514.1,976.0,500.0
28518.1,975.3,499.6
28522.0,976.1,500.1
28524.0,977.7,500.9
28528.0,976.3,500.1
28530.0,975.8,499.9
28532.0,975.8,499.9
28534.0,976.2,500.1
28536.1,975.7,499.9
28540.0,976.2,500.1
28544.1,976.1,500.0
28548.1,975.6,499.8
28552.1,976.0,500.0
28556.1,976.3,500.2
28560.1,976.2,500.1
28564.0,976.4,500.2
28566.0,975.4,499.7
28568.1,977.1,500.5
28572.0,974.6,499.3
28574.1,974.7,499.3
28578.0,978.2,501.1
28582.0,975.9,499.9
28584.0,976.3,500.2
28586.0,974.9,499.4
28588.1,974.8,499.4
28592.0,973.2,498.6
28596.1,979.8,502.0
28600.0,946.9,485.1
28602.1,979.4,501.7
28606.1,976.1,500.1
28610.1,975.0,499.5
28614.0,975.4,499.7
28618.0,975.7,499.8
28622.0,977.2,500.6
28624.1,977.8,500.9
28628.0,975.6,499.8
28632.0,976.2,500.1
28634.0,975.6,499.8
28636.0,977.6,500.8
28640.1,975.0,499.5
28644.0,973.6,498.8
28646.1,980.8,502.5
28650.1,975.3,499.6
28652.1,976.2,500.1
28656.0,976.3,500.2
28658.1,975.2,499.6
28662.0,976.2,500.1
28666.1,976.1,500.0
28670.0,975.5,499.7
28672.0,976.0,500.0
28676.0,976.7,500.4
28680.0,975.6,499.8
28682.1,974.0,499.0
28686.0,977.0,500.5
28690.0,976.0,500.0
28692.0,976.1,500.1
28696.1,975.5,499.7
28700.0,975.7,499.8
28702.0,977.8,500.9
28706.0,975.7,499.9
28708.0,976.4,500.2
28710.1,970.9,497.4
28714.0,978.2,501.1
28718.1,975.0,499.5
28722.0,977.5,500.8
28724.0,974.9,499.4
28728.1,977.0,500.5
28732.0,974.0,499.0
28736.1,977.1,500.6
28740.0,975.7,499.9
28744.1,976.6,500.3
28748.0,975.7,499.9
28750.1,977.2,500.6
28754.1,976.2,500.1
28758.1,973.8,498.9
28762.1,976.9,500.5
28764.1,974.1,499.0
28768.0,976.8,500.4
28770.0,975.9,499.9
28774.0,976.2,500.1
28776.1,977.4,500.7
28780.0,975.6,499.8
28782.0,974.3,499.1
28786.1,976.8,500.4
28790.0,976.1,500.1
28792.0,975.0,499.5
28794.1,977.4,500.7
28798.1,976.3,500.2
28802.1,975.0,499.5
28806.1,976.8,500.4
28810.1,976.2,500.1
28814.0,975.0,499.5
28816.1,978.5,501.3
28820.0,975.0,499.5
28822.0,974.7,499.3
28826.0,977.6,500.8
28830.0,975.2,499.6
28832.0,977.8,500.9
28834.0,975.8,499.9
28836.1,977.1,500.6
28840.1,947.1,485.2
28844.0,977.5,500.8
28848.0,974.3,499.1
28850.0,978.9,501.5
28852.1,977.0,500.5
28856.1,976.0,500.0
28860.0,975.2,499.6
28862.1,974.0,499.0
28866.0,977.5,500.8
28868.1,975.7,499.9
28872.0,976.2,500.1
28874.0,976.2,500.1
28878.0,976.6,500.3
28880.1,971.0,497.4
28884.1,977.0,500.5
28888.1,975.4,499.7
28892.1,977.4,500.7
28896.1,975.7,499.8
28900.0,975.2,499.6
28902.0,979.4,501.8
28904.0,975.6,499.8
28906.1,973.0,498.5
28910.0,978.4,501.2
28912.1,974.9,499.4
28914.1,977.2,500.6
28918.0,975.0,499.5
28922.1,975.9,500.0
28924.1,977.6,500.8
28928.0,975.7,499.9
28930.1,976.4,500.2
28934.0,975.5,499.7
28938.0,975.9,500.0
28940.1,976.7,500.3
28944.1,976.7,500.4
28948.0,975.9,499.9
28950.1,975.4,499.7
28954.0,975.8,499.9
28958.0,974.5,499.2
28960.1,978.7,501.4
28964.0,976.1,500.1
28966.1,976.7,500.3
28968.1,976.5,500.3
28970.1,975.9,499.9
28974.1,975.4,499.7
28978.0,976.4,500.2
28980.1,975.6,499.8
28984.0,975.7,499.9
28988.1,976.1,500.1
28992.0,976.6,500.3
28994.1,975.6,499.8
28998.1,972.1,498.0
29002.0,980.3,502.2
29004.0,976.1,500.1
29008.0,976.1,500.0
29010.0,975.3,499.6
29012.0,974.9,499.4
29014.1,975.9,499.9
29018.1,973.3,498.6
29022.0,979.2,501.6
29024.0,974.5,499.2
29028.0,976.3,500.1
29030.0,977.9,501.0
29034.0,975.9,499.9
29036.0,976.6,500.3
29040.0,975.9,499.9
29044.0,975.8,499.9
29048.1,975.7,499.8
29052.0,974.4,499.2
29056.0,978.2,501.1
29058.0,975.1,499.6
29060.1,976.8,500.4
29062.1,974.4,499.2
29066.0,976.2,500.1
29068.1,974.8,499.4
29072.0,977.0,500.5
29074.0,976.0,500.0
29076.0,975.0,499.5
29078.1,900.4,461.3
29082.0,962.6,493.1
29084.0,974.9,499.4
29088.0,976.0,500.0
29092.0,976.4,500.2
29096.0,975.8,499.9
29100.0,976.4,500.2
29102.0,975.8,499.9
29106.0,975.0,499.5
29108.1,977.0,500.5
29112.0,976.7,500.4
29114.0,976.7,500.4
29118.0,976.7,500.4
29120.1,974.4,499.2
29124.0,975.2,499.6
29126.1,978.9,501.5
29130.1,976.0,500.0
29134.0,975.9,500.0
29138.0,968.4,496.1
29140.0,990.2,507.3
29144.0,975.5,499.7
29148.0,976.3,500.2
29150.1,975.9,500.0
29152.1,977.0,500.5
29156.0,975.6,499.8
29158.0,977.8,500.9
29160.0,975.3,499.6
29164.0,975.9,499.9
29166.0,977.4,500.7
29170.1,974.3,499.1
29172.1,977.7,500.9
29176.0,976.3,500.2
29178.0,976.7,500.3
29182.0,975.5,499.7
29184.1,976.4,500.2
29188.0,976.5,500.3
29190.1,971.4,497.6
29194.0,978.0,501.0
29196.0,977.2,500.6
29200.0,975.8,499.9
29202.1,970.8,497.3
29206.1,978.0,501.0
29208.1,976.8,500.4
29212.0,974.8,499.4
29214.1,975.0,499.5
29216.1,978.2,501.1
29220.0,976.4,500.2
29224.0,976.0,500.0
29228.0,975.9,500.0
29230.0,977.4,500.7
29234.1,976.0,500.0
29238.0,975.5,499.8
29242.1,977.2,500.6
29246.0,975.5,499.8
29248.1,973.9,498.9
29252.0,977.2,500.6
29254.1,975.8,499.9
29258.1,975.9,500.0
29262.0,975.0,499.5
29264.0,978.9,501.5
29266.1,968.8,496.3
29270.1,979.1,501.6
29274.1,976.7,500.3
29278.1,975.9,500.0
29282.0,976.1,500.0
29286.1,976.2,500.1
29290.1,975.4,499.7
29294.1,976.1,500.0
29298.1,976.4,500.2
29302.0,976.0,500.0
29304.0,976.9,500.4
29306.1,973.2,498.6
29310.1,976.8,500.4
29314.0,976.6,500.3
29316.0,976.0,500.0
29320.0,975.6,499.8
29324.0,976.4,500.2
29326.0,974.1,499.0
29328.1,978.5,501.3
29332.0,975.3,499.7
29334.0,976.6,500.3
29338.1,975.7,499.8
29342.1,976.6,500.3
29346.0,976.2,500.1
29350.0,975.8,499.9
29352.0,976.9,500.5
29356.0,975.8,499.9
29360.0,976.1,500.1
29364.0,975.8,499.9
29368.0,976.3,500.1
29370.1,975.9,499.9
29374.0,976.5,500.3
29376.1,976.1,500.1
29380.1,975.0,499.5
29384.0,976.8,500.4
29388.0,976.9,500.5
29390.1,973.8,498.9
29394.1,974.5,499.2
29398.0,978.5,501.3
29402.0,976.0,500.0
29406.1,975.4,499.7
29410.0,973.0,498.5
29412.1,980.0,502.1
29416.0,976.7,500.4
29418.0,976.5,500.3
29420.1,977.1,500.6
29422.1,976.3,500.1
29426.0,976.1,500.1
29428.1,974.0,499.0
29432.0,976.2,500.1
29436.0,977.8,500.9
29438.0,968.7,496.3
29440.0,929.3,476.1
29444.1,976.0,500.0
29448.0,974.8,499.4
29450.0,978.1,501.1
29454.1,976.1,500.0
29458.0,976.7,500.4
29460.0,974.7,499.3
29464.0,975.4,499.7
29466.0,974.0,499.0
29468.0,979.4,501.8
29472.1,975.4,499.7
29476.0,976.1,500.0
29478.1,977.0,500.5
29482.0,976.2,500.1
29486.0,976.0,500.0
29490.0,975.4,499.7
29494.0,976.7,500.3
29498.1,973.0,498.5
29502.0,978.6,501.3
29506.0,976.4,500.2
29508.1,974.3,499.1
29512.0,976.2,500.1
29516.1,976.5,500.2
29518.1,975.1,499.5
29522.1,975.9,499.9
29526.0,976.6,500.3
29528.0,977.0,500.5
29530.1,974.2,499.1
29534.0,976.9,500.5
29536.1,972.0,498.0
29538.1,977.4,500.7
29542.1,977.1,500.6
29546.1,973.5,498.7
29550.1,978.4,501.2
29552.1,974.1,499.0
29556.1,975.8,499.9
29560.0,949.7,486.5
29562.0,975.8,499.9
29566.0,976.7,500.4
29570.0,975.0,499.5
29574.1,977.1,500.5
29578.0,973.7,498.8
29580.1,978.2,501.1
29584.0,976.9,500.5
29586.1,974.4,499.2
29590.0,976.9,500.4
29594.1,975.6,499.8
29598.0,975.4,499.7
29600.0,979.0,501.6
29604.1,975.3,499.6
29608.0,976.7,500.4
29610.1,975.7,499.9
29614.1,976.5,500.3
29616.1,975.1,499.5
29620.0,975.8,499.9
29622.1,977.0,500.5
29626.1,974.1,499.0
29630.0,978.0,501.0
29632.1,971.7,497.8
29636.0,977.3,500.7
29638.0,974.9,499.4
29640.0,978.2,501.1
29644.1,973.2,498.6
29646.1,980.5,502.3
29650.0,976.6,500.3
29652.1,976.2,500.1
29654.1,975.6,499.8
29658.0,976.9,500.5
29662.1,975.7,499.8
29666.0,976.3,500.1
29670.1,976.0,500.0
29674.0,975.8,499.9
29676.1,976.6,500.3
29680.1,974.7,499.3
29684.0,976.4,500.2
29686.0,978.0,501.0
29690.0,975.6,499.8
29694.1,976.5,500.3
29698.0,976.0,500.0
29700.1,976.3,500.1
29704.1,976.3,500.2
29706.1,975.3,499.6
29710.0,976.2,500.1
29712.0,974.8,499.4
29714.1,975.4,499.7
29718.0,977.1,500.6
29720.1,975.1,499.5
29724.0,976.3,500.2
29728.0,975.2,499.6
29730.0,976.0,500.0
29732.0,975.3,499.7
29736.0,977.4,500.7
29738.0,974.1,499.0
29740.1,973.9,498.9
29744.0,976.8,500.4
29746.1,977.1,500.6
29750.0,977.0,500.5
29754.0,974.8,499.4
29756.0,978.1,501.1
29758.1,974.6,499.3
29762.1,974.6,499.3
29766.1,978.0,501.0
29770.0,975.7,499.8
29772.0,974.4,499.2
29774.1,977.3,500.7
29778.0,974.6,499.3
29782.0,977.4,500.7
29784.0,976.8,500.4
29786.0,975.3,499.6
29788.1,976.3,500.1
29792.1,976.0,500.0
29796.0,975.8,499.9
29798.1,976.6,500.3
29802.1,975.2,499.6
29806.1,976.6,500.3
29810.0,976.4,500.2
29812.1,973.8,498.9
29816.0,976.5,500.3
29818.0,975.8,499.9
29820.1,975.1,499.6
29824.0,976.4,500.2
29826.0,976.3,500.1
29830.0,975.5,499.7
29834.0,975.6,499.8
29836.0,978.1,501.1
29840.0,976.0,500.0
29842.1,975.4,499.7
29846.0,976.3,500.2
29848.0,972.7,498.3
29850.1,979.4,501.7
29854.0,975.7,499.9
29856.1,974.1,499.0
29860.0,977.0,500.5
29862.0,975.7,499.8
29866.0,976.4,500.2
29868.1,974.9,499.4
29872.1,976.0,500.0
29874.1,977.8,500.9
29878.0,975.7,499.8
29882.1,975.2,499.6
29886.0,977.1,500.5
29888.1,973.1,498.5
29892.1,977.7,500.9
29894.1,974.7,499.3
29896.1,977.7,500.9
29900.0,975.8,499.9
29904.0,976.5,500.3
29908.0,975.2,499.6
29910.1,976.2,500.1
29914.1,975.1,499.5
29918.0,977.4,500.7
29922.0,975.7,499.8
29924.0,974.2,499.1
29928.1,975.3,499.6
29932.1,977.9,501.0
29936.0,976.2,500.1
29940.0,975.8,499.9
29942.0,975.5,499.7
29946.1,976.7,500.4
29948.1,975.6,499.8
29952.0,976.4,500.2
29954.1,974.2,499.1
29958.1,976.8,500.4
29962.1,976.3,500.2
29966.1,975.9,499.9
29970.1,976.4,500.2
29972.1,973.2,498.6
29976.1,977.6,500.8
29980.0,921.2,471.9
29982.1,975.7,499.9
29984.1,975.1,499.5
29988.0,975.4,499.7
29992.0,975.8,499.9
29996.0,977.3,500.7
29998.0,976.0,500.0
30002.0,976.2,500.1
30004.1,976.4,500.2
30008.0,974.2,499.1
30010.0,979.2,501.7
30012.1,976.0,500.0
30016.0,973.5,498.7
30018.0,979.8,502.0
30020.1,975.6,499.8
30024.0,975.9,499.9
30026.1,977.4,500.7
30030.1,975.8,499.9
30034.0,975.7,499.8
30038.1,974.4,499.2
30042.1,977.9,501.0
30044.1,975.8,499.9
30048.1,976.2,500.1
30050.1,972.6,498.3
30054.1,976.3,500.2
30058.0,977.3,500.7
30060.1,975.8,499.9
30064.1,976.1,500.1
30066.1,973.0,498.5
30070.0,978.0,501.0
30072.0,975.0,499.5
30074.1,976.6,500.3
30078.0,975.5,499.7
30082.0,977.1,500.6
30084.1,974.4,499.2
30088.1,974.0,499.0
30092.0,978.0,501.0
30094.0,976.1,500.1
30096.1,975.9,499.9
30100.0,976.2,500.1
30104.1,975.9,499.9
30108.1,975.9,499.9
30110.1,976.2,500.1
30114.0,976.2,500.1
30118.0,976.2,500.1
30122.0,975.6,499.8
30124.0,975.9,499.9
30128.0,976.4,500.2
30130.1,975.1,499.6
30134.0,976.5,500.3
30136.0,975.3,499.6
30140.0,976.3,500.2
30142.0,977.0,500.5
30144.0,975.7,499.9
30148.0,976.0,500.0
30152.1,976.5,500.3
30156.0,975.8,499.9
30160.0,972.5,498.2
30162.0,980.8,502.5
30166.0,977.2,500.6
30168.0,976.4,500.2
30172.0,975.4,499.7
30176.0,975.1,499.6
30178.1,978.2,501.1
30182.1,974.4,499.2
30184.1,976.3,500.1
30188.0,976.9,500.5
30192.0,976.1,500.0
30194.0,976.9,500.5
30198.1,976.5,500.3
30202.0,974.9,499.5
30206.0,976.4,500.2
30208.0,974.3,499.1
30210.1,977.4,500.7
30214.0,975.5,499.7
30216.0,976.8,500.4
30220.0,976.3,500.1
30224.1,975.9,499.9
30228.1,975.7,499.8
30230.1,977.7,500.9
30234.0,975.6,499.8
30238.0,975.8,499.9
30242.0,976.4,500.2
30244.1,975.7,499.8
30248.1,976.7,500.4
30250.1,975.3,499.7
30254.1,975.6,499.8
30258.0,975.8,499.9
30260.0,977.9,501.0
30264.1,976.2,500.1
30268.0,974.8,499.4
30270.0,977.0,500.5
30272.0,976.4,500.2
30276.1,975.2,499.6
30280.1,976.9,500.5
30284.0,975.9,500.0
30286.1,975.2,499.6
30290.1,975.9,500.0
30294.0,976.9,500.4
30296.0,975.8,499.9
30300.0,975.5,499.7
30304.1,976.4,500.2
30306.1,976.7,500.4
30310.0,976.3,500.2
30314.0,975.5,499.8
30318.0,975.9,499.9
30320.0,976.7,500.3
30324.1,976.1,500.0
30328.1,975.8,499.9
30332.1,976.5,500.2
30334.1,975.9,500.0
30336.1,976.2,500.1
30340.1,974.7,499.3
30344.0,976.8,500.4
30346.0,976.9,500.4
30350.1,975.9,499.9
30354.1,975.6,499.8
30358.1,974.1,499.0
30360.1,981.6,502.9
30364.0,976.0,500.0
30366.0,972.3,498.1
30370.0,977.7,500.9
30372.0,973.9,498.9
30376.0,975.1,499.6
30380.1,978.0,501.0
30384.0,976.1,500.1
30386.0,976.0,500.0
30388.0,974.9,499.5
30390.0,975.9,500.0
30394.0,976.8,500.4
30398.1,975.7,499.8
30402.1,976.1,500.0
30406.1,976.9,500.5
30408.1,969.4,496.6
30412.0,979.4,501.7
30414.1,975.7,499.8
30418.1,975.8,499.9
30422.0,976.3,500.1
30424.1,974.9,499.4
30426.1,975.6,499.8
30430.0,976.4,500.2
30432.0,977.4,500.7
30436.0,975.1,499.6
30438.0,978.6,501.3
30442.0,975.8,499.9
30444.1,975.5,499.7
30448.1,974.6,499.3
30450.1,976.4,500.2
30454.1,976.9,500.4
30458.1,975.2,499.6
30462.0,977.0,500.5
30464.1,974.2,499.1
30468.0,976.1,500.1
30470.0,974.0,499.0
30474.0,976.9,500.4
30478.0,976.6,500.3
30482.0,975.7,499.8
30484.1,974.9,499.4
30488.1,976.7,500.3
30492.0,975.4,499.7
30496.1,975.8,499.9
30500.1,976.0,500.0
30504.1,976.9,500.5
30508.0,976.2,500.1
30510.0,977.1,500.6
30514.0,975.3,499.6
30518.1,975.0,499.5
30522.0,977.2,500.6
30526.1,975.8,499.9
30530.0,976.0,500.0
30532.1,976.5,500.2
30536.1,976.9,500.4
30540.0,975.9,499.9
30542.1,976.7,500.4
30546.0,975.7,499.8
30550.0,976.1,500.0
30552.1,976.3,500.2
30556.1,975.8,499.9
30560.0,976.3,500.2
30562.1,975.0,499.5
30566.0,976.1,500.1
30568.1,974.8,499.4
30572.0,976.7,500.3
30574.1,976.1,500.1
30578.0,975.8,499.9
30580.0,973.3,498.6
30584.0,977.6,500.8
30588.1,974.9,499.4
30592.0,977.9,501.0
30596.0,976.0,500.0
30600.0,976.9,500.5
30602.0,972.2,498.0
30606.0,976.9,500.4
30608.1,977.6,500.8
30610.1,974.8,499.4
30614.0,974.5,499.2
30616.1,978.3,501.2
30620.0,977.2,500.6
30624.0,975.8,499.9
30626.0,975.8,499.9
30628.1,977.4,500.7
30632.0,975.6,499.8
30636.0,975.0,499.5
30638.1,978.2,501.1
30642.1,948.8,486.0
30646.0,976.2,500.1
30648.1,975.4,499.7
30652.0,976.4,500.2
30656.0,976.0,500.0
30658.1,977.2,500.6
30662.0,975.4,499.7
30664.0,975.4,499.7
30668.0,976.6,500.3
30670.0,976.5,500.2
30674.0,975.3,499.7
30676.1,977.0,500.5
30680.1,975.2,499.6
30684.1,976.9,500.5
30686.1,974.7,499.4
30690.1,974.7,499.3
30694.0,976.6,500.3
30696.1,978.0,501.0
30698.1,976.4,500.2
30702.0,976.1,500.0
30704.1,976.7,500.4
30708.1,975.3,499.6
30712.0,976.6,500.3
30714.1,976.5,500.2
30718.1,974.6,499.3
30722.0,976.8,500.4
30724.1,976.0,500.0
30728.1,976.5,500.2
30732.1,976.0,500.0
30736.0,976.1,500.1
30738.1,972.9,498.4
30742.0,977.2,500.6
30744.0,975.2,499.6
30746.0,976.9,500.5
30748.1,976.3,500.2
30752.0,975.7,499.9
30756.0,975.8,499.9
30760.0,948.7,486.0
30764.1,975.8,499.9
30768.0,976.1,500.1
30770.1,977.6,500.8
30774.1,976.1,500.0
30778.0,975.7,499.9
30780.1,973.1,498.5
30784.0,977.7,500.9
30786.0,977.1,500.6
30790.0,975.8,499.9
30792.0,975.5,499.8
30796.0,974.8,499.4
30800.0,977.0,500.5
30802.1,976.5,500.2
30806.0,974.1,499.0
30810.0,977.8,500.9
30812.0,964.8,494.2
30816.1,980.7,502.4
30818.1,977.0,500.5
30822.0,975.3,499.6
30824.0,976.3,500.1
30828.0,975.3,499.7
30830.1,972.0,498.0
30834.0,978.5,501.3
30838.0,975.9,500.0
30842.0,975.6,499.8
30844.0,977.4,500.7
30848.0,975.3,499.6
30852.1,975.6,499.8
30856.1,976.8,500.4
30858.1,975.0,499.5
30862.0,976.1,500.0
30864.0,977.5,500.8
30868.0,975.6,499.8
30872.0,975.6,499.8
30874.0,976.2,500.1
30878.0,975.8,499.9
30880.1,976.6,500.3
30882.1,976.8,500.4
30886.0,975.8,499.9
30888.0,977.2,500.6
30892.1,975.2,499.6
30896.0,975.3,499.6
30900.0,977.2,500.6
30904.0,975.3,499.6
30906.1,973.5,498.7
30910.0,977.4,500.7
30912.0,976.4,500.2
30914.0,976.3,500.1
30918.1,975.3,499.6
30922.0,975.2,499.6
30924.0,977.6,500.8
30928.1,975.7,499.8
30932.0,976.9,500.5
30934.1,976.4,500.2
30938.0,975.5,499.7
30940.0,976.2,500.1
30944.0,976.2,500.1
30946.0,975.6,499.8
30950.0,976.0,500.0
30952.1,976.7,500.4
30956.1,976.5,500.3
30960.1,975.2,499.6
30964.0,974.8,499.4
30966.0,978.8,501.4
30970.1,975.8,499.9
30974.1,976.5,500.2
30978.1,976.4,500.2
30980.1,972.4,498.1
30984.0,978.0,501.0
30988.0,976.3,500.1
30990.0,971.1,497.5
30994.0,978.5,501.3
30996.0,974.7,499.3
31000.1,946.2,484.7
31004.0,978.7,501.4
31008.1,976.6,500.3
31012.0,975.7,499.9
31016.0,976.8,500.4
31018.0,976.1,500.0
31022.0,976.0,500.0
31024.0,971.4,497.6
31028.1,978.6,501.4
31032.0,974.4,499.2
31036.1,977.8,500.9
31038.1,974.8,499.4
31042.0,975.4,499.7
31044.0,975.9,500.0
31048.0,976.8,500.4
31052.0,975.8,499.9
31056.1,975.8,499.9
31060.1,916.9,469.7
31062.1,987.5,505.9
31064.1,976.8,500.4
31068.0,976.4,500.2
31072.0,973.3,498.6
31076.0,978.5,501.3
31078.0,976.5,500.3
31080.1,976.9,500.5
31084.0,975.8,499.9
31086.1,975.9,499.9
31090.0,976.1,500.1
31094.1,976.4,500.2
31098.0,976.1,500.1
31100.1,975.4,499.7
31102.1,972.6,498.2
31106.0,977.9,501.0
31108.1,974.8,499.4
31112.0,976.8,500.4
31114.1,974.4,499.2
31118.0,975.9,500.0
31120.1,977.1,500.6
31122.1,976.3,500.1
31126.0,974.2,499.1
31128.1,977.1,500.6
31132.1,976.6,500.3
31136.1,976.1,500.1
31140.0,976.4,500.2
31142.1,975.5,499.8
31146.1,975.7,499.8
31150.1,976.4,500.2
31154.0,976.1,500.1
31158.0,975.9,499.9
31160.0,976.4,500.2
31162.1,974.8,499.4
31166.0,976.4,500.2
31168.1,972.6,498.3
31170.1,978.6,501.3
31172.1,975.6,499.8
31176.0,976.8,500.4
31178.0,974.3,499.1
31182.0,976.8,500.4
31186.0,974.6,499.3
31188.0,978.7,501.4
31190.0,976.0,500.0
31192.1,975.1,499.5
31196.0,976.6,500.3
31200.0,976.0,500.0
31202.1,976.0,500.0
31206.1,976.2,500.1
31210.1,976.3,500.1
31212.1,974.6,499.3
31216.1,977.0,500.5
31220.0,975.8,499.9
31224.1,975.6,499.8
31228.0,976.6,500.3
31232.0,976.1,500.0
31234.1,972.7,498.3
31238.1,977.4,500.7
31242.0,976.5,500.2
31244.1,975.8,499.9
31248.1,975.7,499.9
31252.1,975.6,499.8
31256.0,977.5,500.8
31258.0,975.0,499.5
31262.1,976.0,500.0
31266.0,975.5,499.8
31270.0,976.7,500.3
31272.0,975.0,499.5
31274.0,977.2,500.6
31276.1,974.8,499.4
31280.1,976.6,500.3
31284.0,975.5,499.8
31288.0,976.1,500.0
31290.0,977.5,500.8
31292.0,976.8,500.4
31294.1,970.9,497.4
31298.1,975.9,499.9
31302.1,977.4,500.7
31306.0,977.0,500.5
31308.0,976.2,500.1
31312.0,976.9,500.4
31314.0,975.4,499.7
31316.1,975.7,499.8
31318.1,975.9,499.9
31322.1,971.9,497.9
31324.1,982.5,503.4
31328.1,975.0,499.5
31332.0,978.3,501.2
31334.0,975.8,499.9
31336.1,976.0,500.0
31340.1,974.2,499.1
31344.0,978.1,501.1
31346.0,976.4,500.2
31350.1,976.3,500.1
31354.1,970.8,497.4
31358.0,980.4,502.3
31362.0,976.3,500.1
31364.1,975.0,499.5
31366.1,975.9,499.9
31370.0,976.6,500.3
31372.1,973.7,498.8
31376.1,976.3,500.2
31380.1,976.7,500.3
31384.1,975.9,500.0
31388.0,976.1,500.1
31392.0,976.6,500.3
31396.0,975.5,499.7
31400.0,977.1,500.6
31404.1,976.1,500.1
31408.0,975.9,499.9
31410.1,975.4,499.7
31412.1,978.0,501.0
31416.1,974.5,499.2
31420.0,975.8,499.9
31424.0,976.9,500.5
31426.0,971.9,497.9
31430.1,978.2,501.2
31432.1,975.7,499.9
31436.1,976.0,500.0
31440.0,976.0,500.0
31442.0,976.7,500.4
31446.0,975.7,499.9
31448.1,975.4,499.7
31452.0,975.9,499.9
31456.0,976.9,500.5
31458.0,976.5,500.3
31460.1,975.6,499.8
31464.0,973.8,498.9
31466.0,981.0,502.5
31470.0,975.7,499.8
31472.0,977.0,500.5
31476.0,975.2,499.6
31478.1,976.9,500.4
31482.1,976.8,500.4
31484.1,972.8,498.3
31488.0,977.3,500.7
31492.0,976.2,500.1
31496.0,976.1,500.1
31498.0,975.9,500.0
31502.0,975.6,499.8
31504.1,976.4,500.2
31508.0,974.7,499.3
31510.0,978.8,501.4
31514.1,975.4,499.7
31516.1,971.7,497.8
31518.1,981.7,502.9
31522.0,976.2,500.1
31524.0,972.8,498.3
31526.1,980.6,502.4
31530.1,975.6,499.8
31534.0,976.4,500.2
31538.1,975.7,499.9
31542.1,948.9,486.1
31546.1,976.3,500.2
31548.1,975.6,499.8
31552.0,975.7,499.9
31556.0,976.1,500.1
31560.1,975.3,499.6
31564.0,977.6,500.8
31566.0,974.8,499.4
31570.0,976.3,500.2
31572.0,975.5,499.7
31574.0,976.8,500.4
31578.0,976.5,500.3
31582.0,975.2,499.6
31586.0,976.8,500.4
31590.1,976.0,500.0
31594.0,975.6,499.8
31598.0,976.5,500.2
31600.1,962.1,492.9
31604.1,982.9,503.6
31608.1,976.4,500.2
31612.1,976.0,500.0
31616.0,975.7,499.8
31618.1,975.9,499.9
31622.0,976.0,500.0
31624.1,977.5,500.8
31628.1,975.1,499.5
31632.0,977.5,500.7
31634.1,975.3,499.6
31638.0,975.9,500.0
31642.0,976.4,500.2
31644.1,975.4,499.7
31646.1,976.9,500.5
31648.1,971.8,497.8
31652.1,978.3,501.2
31656.0,975.1,499.6
31660.1,974.1,499.0
31664.1,978.8,501.4
31668.0,976.0,500.0
31670.0,977.5,500.7
31672.1,975.8,499.9
31674.1,976.3,500.1
31676.1,975.8,499.9
31680.1,976.4,500.2
31684.0,974.8,499.4
31688.0,977.2,500.6
31690.0,975.9,500.0
31692.1,975.7,499.9
31696.0,977.0,500.5
31698.1,975.7,499.8
31700.1,974.1,499.0
31704.0,976.6,500.3
31706.0,976.4,500.2
31710.0,976.4,500.2
31714.0,975.6,499.8
31716.1,972.7,498.3
31720.0,977.6,500.8
31724.0,976.1,500.0
31726.1,976.0,500.0
31730.0,974.7,499.4
31734.1,977.6,500.8
31738.1,975.9,499.9
31742.1,975.5,499.8
31746.0,976.5,500.3
31748.0,969.9,496.9
31752.0,978.6,501.4
31756.1,976.4,500.2
31758.1,977.3,500.7
31762.0,976.2,500.1
31766.0,975.7,499.9
31768.1,976.2,500.1
31772.1,976.7,500.4
31776.0,975.2,499.6
31778.0,977.1,500.6
31780.1,972.4,498.1
31784.1,978.3,501.2
31788.0,976.2,500.1
31790.0,974.7,499.4
31792.0,977.3,500.7
31794.1,976.8,500.4
31796.1,975.1,499.5
31800.0,976.2,500.1
31804.0,976.2,500.1
31808.0,976.5,500.3
31810.0,976.2,500.1
31812.1,976.2,500.1
31816.0,976.8,500.4
31818.1,972.0,498.0
31822.0,975.8,499.9
31824.1,980.2,502.2
31828.1,976.4,500.2
31832.0,975.5,499.7
31834.0,977.0,500.5
31838.1,975.1,499.5
31842.0,976.8,500.4
31844.1,975.3,499.6
31848.1,976.3,500.2
31850.1,975.0,499.5
31854.0,976.4,500.2
31856.0,974.6,499.3
31860.1,976.7,500.4
31864.0,976.7,500.4
31866.0,976.4,500.2
31870.1,975.9,499.9
31874.0,976.4,500.2
31876.0,976.6,500.3
31878.1,976.8,500.4
31882.0,975.3,499.6
31884.0,975.2,499.6
31888.0,976.5,500.3
31892.0,976.2,500.1
31894.1,976.4,500.2
31898.0,976.7,500.4
31900.0,974.6,499.3
31904.0,976.0,500.0
31908.1,974.7,499.3
31912.1,977.9,501.0
31916.0,975.6,499.8
31918.0,977.9,501.0
31922.0,975.6,499.8
31924.0,975.8,499.9
31928.1,975.7,499.9
31930.1,977.2,500.6
31934.0,975.8,499.9
31936.1,977.3,500.7
31940.0,975.2,499.6
31944.0,976.8,500.4
31946.0,975.1,499.6
31950.0,976.3,500.1
31952.1,974.7,499.3
31956.0,976.6,500.3
31958.1,977.4,500.7
31962.0,974.6,499.3
31964.1,976.5,500.3
31968.0,976.8,500.4
31970.0,974.7,499.3
31972.0,976.8,500.4
31974.1,976.8,500.4
31978.0,975.1,499.5
31980.0,977.9,501.0
31984.0,975.9,499.9
31986.1,975.6,499.8
31990.1,976.7,500.3
31994.0,975.8,499.9
31996.1,976.9,500.4
32000.0,975.4,499.7
32002.0,977.2,500.6
32004.1,975.2,499.6
32006.1,977.0,500.5
32010.0,976.9,500.5
32012.0,974.6,499.3
32014.0,976.6,500.3
32016.1,975.9,500.0
32020.1,975.8,499.9
32024.1,975.4,499.7
32028.0,977.5,500.7
32030.0,974.9,499.5
32032.1,974.9,499.4
32036.0,974.7,499.3
32038.0,979.8,501.9
32042.0,976.6,500.3
32044.0,970.6,497.2
32046.1,980.5,502.3
32050.0,975.6,499.8
32054.1,976.8,500.4
32058.1,976.6,500.3
32062.0,975.7,499.9
32064.0,975.1,499.5
32068.0,976.8,500.4
32070.1,975.3,499.6
32074.0,976.6,500.3
32076.1,973.2,498.5
32080.1,976.6,500.3
32084.0,975.9,500.0
32086.0,976.1,500.0
32090.0,976.8,500.4
32094.1,974.3,499.1
32098.1,977.0,500.5
32102.0,975.8,499.9
32104.1,978.1,501.1
32108.1,976.6,500.3
32112.1,975.5,499.7
32116.0,974.8,499.4
32118.1,980.1,502.1
32122.0,972.9,498.4
32126.1,979.2,501.6
32130.0,976.4,500.2
32132.0,975.8,499.9
32136.1,976.4,500.2
32140.0,976.2,500.1
32142.1,975.5,499.7
32146.0,976.1,500.1
32148.1,975.1,499.6
32150.1,975.2,499.6
32154.1,977.4,500.7
32158.0,974.6,499.3
32162.1,976.5,500.2
32166.0,977.6,500.8
32168.1,974.5,499.2
32172.0,975.9,499.9
32176.0,975.9,499.9
32178.1,977.3,500.7
32182.0,976.4,500.2
32184.0,974.5,499.3
32188.0,976.4,500.2
32190.1,978.1,501.1
32194.0,975.9,500.0
32196.0,974.7,499.3
32198.1,976.7,500.4
32202.0,976.1,500.0
32206.0,975.7,499.8
32208.1,976.7,500.4
32212.0,976.3,500.1
32216.0,975.3,499.6
32220.0,975.9,499.9
32222.0,976.7,500.4
32224.1,975.7,499.8
32228.0,976.7,500.4
32230.0,975.4,499.7
32232.1,974.1,499.0
32234.1,977.5,500.8
32238.0,976.9,500.5
32242.0,975.8,499.9
32246.1,976.0,500.0
32250.0,976.7,500.4
32252.1,974.7,499.3
32256.0,975.7,499.8
32258.1,923.3,473.0
32262.0,976.6,500.3
32264.0,976.0,500.0
32268.1,976.0,500.0
32272.0,974.1,499.0
32274.0,979.7,501.9
32276.0,975.7,499.8
32280.0,975.4,499.7
32282.1,976.1,500.0
32286.1,977.5,500.8
32290.1,975.8,499.9
32292.1,975.1,499.6
32296.1,976.2,500.1
32300.0,976.8,500.4
32302.0,974.1,499.0
32306.0,976.9,500.4
32308.0,973.6,498.8
32312.0,977.4,500.7
32314.0,975.3,499.6
32318.1,976.2,500.1
32322.1,947.7,485.5
32324.1,975.5,499.7
32328.0,977.2,500.6
32330.0,975.3,499.7
32334.1,977.0,500.5
32338.1,976.5,500.2
32340.1,970.6,497.2
32344.0,978.6,501.3
32346.1,975.2,499.6
32350.0,975.6,499.8
32352.1,973.5,498.7
32356.0,977.6,500.8
32360.0,976.5,500.2
32362.1,975.4,499.7
32364.1,975.7,499.9
32368.0,975.8,499.9
32370.1,977.3,500.7
32374.0,976.2,500.1
32378.0,976.5,500.3
32382.0,975.5,499.8
32384.1,976.6,500.3
32388.0,975.8,499.9
32392.1,974.3,499.1
32396.0,978.7,501.4
32400.0,975.9,499.9
32402.0,976.0,500.0
32404.1,976.7,500.3
32408.0,975.9,500.0
32412.1,975.9,499.9
32416.0,975.9,500.0
32418.1,978.7,501.4
32420.1,975.0,499.5
32424.1,976.3,500.2
32428.0,975.9,500.0
32430.1,976.0,500.0
32434.0,976.2,500.1
32436.1,968.5,496.2
32440.1,980.0,502.0
32442.1,975.8,499.9
32444.1,976.5,500.3
32448.0,975.8,499.9
32450.1,975.7,499.9
32454.0,976.1,500.1
32456.1,976.9,500.5
32460.0,976.4,500.2
32462.1,975.6,499.8
32466.0,976.1,500.0
32468.1,975.1,499.5
32472.1,977.1,500.6
32476.0,975.6,499.8
32478.0,976.4,500.2
32482.1,975.9,499.9
32486.1,976.5,500.2
32490.1,975.2,499.6
32494.0,976.3,500.2
32498.1,976.8,500.4
32502.0,948.6,486.0
32504.0,976.4,500.2
32506.1,974.5,499.2
32510.1,975.8,499.9
32514.1,977.6,500.8
32518.0,973.1,498.5
32522.0,978.9,501.5
32526.1,975.6,499.8
32530.1,975.7,499.8
32534.0,976.5,500.3
32538.1,975.7,499.9
32542.0,976.0,500.0
32544.1,973.9,498.9
32548.0,978.0,501.0
32550.1,976.4,500.2
32554.1,975.2,499.6
32558.0,976.5,500.3
32560.1,975.8,499.9
32564.0,975.9,499.9
32566.1,976.8,500.4
32570.0,976.3,500.2
32572.1,975.8,499.9
32576.0,976.1,500.1
32578.0,975.9,500.0
32580.1,975.9,499.9
32582.1,977.7,500.9
32586.0,975.3,499.6
32588.1,976.7,500.4
32592.0,976.7,500.3
32596.0,975.2,499.6
32598.1,977.7,500.9
32602.1,975.8,499.9
32606.0,975.4,499.7
32608.0,976.8,500.4
32612.0,975.9,499.9
32616.1,976.2,500.1
32620.0,975.7,499.8
32624.1,973.5,498.7
32628.0,978.0,501.0
32632.0,976.3,500.2
32634.0,975.2,499.6
32638.0,976.2,500.1
32642.1,976.1,500.1
32646.0,976.6,500.3
32648.1,976.0,500.0
32650.1,976.5,500.3
32654.0,975.7,499.9
32656.0,976.9,500.5
32660.1,975.7,499.8
32664.1,975.9,500.0
32668.1,975.9,500.0
32670.1,977.2,500.6
32674.0,974.4,499.2
32676.0,979.1,501.6
32680.0,975.5,499.8
32682.0,977.3,500.6
32686.1,976.0,500.0
32690.0,976.3,500.2
32692.1,974.4,499.2
32694.1,976.9,500.5
32698.0,976.2,500.1
32700.1,977.2,500.6
32704.0,976.3,500.1
32706.0,975.1,499.6
32708.1,974.9,499.4
32712.1,976.8,500.4
32716.0,974.7,499.3
32720.0,972.5,498.2
32722.0,984.6,504.4
32724.1,976.8,500.4
32728.0,976.3,500.2
32730.0,976.4,500.2
32734.1,975.9,500.0
32738.0,976.1,500.0
32740.0,976.0,500.0
32744.0,974.8,499.4
32748.1,976.9,500.5
32752.0,975.1,499.5
32754.0,977.9,501.0
32758.1,977.2,500.6
32762.1,975.6,499.8
32766.0,975.2,499.6
32768.0,977.6,500.8
32772.0,975.2,499.6
32774.0,977.7,500.9
32776.1,975.3,499.7
32780.0,976.2,500.1
32784.0,975.3,499.6
32786.0,975.4,499.7
32790.0,975.8,499.9
32792.1,980.2,502.1
32796.0,975.8,499.9
32798.0,972.3,498.1
32800.0,978.9,501.5
32804.1,974.3,499.1
32806.1,979.1,501.6
32810.0,976.4,500.2
32812.1,975.2,499.6
32816.0,977.0,500.5
32820.1,975.9,499.9
32824.1,976.0,500.0
32828.1,976.8,500.4
32832.0,975.3,499.6
32834.0,975.4,499.7
32836.1,977.2,500.6
32840.0,976.5,500.2
32842.1,975.4,499.7
32846.0,974.4,499.2
32848.1,977.6,500.8
32852.0,977.2,500.6
32854.0,975.1,499.5
32856.1,976.3,500.2
32860.1,976.1,500.1
32864.0,976.9,500.4
32868.0,974.6,499.3
32870.1,977.6,500.8
32874.0,976.5,500.2
32878.0,976.5,500.2
32880.0,975.4,499.7
32884.0,975.5,499.8
32886.1,976.5,500.3
32890.0,976.0,500.0
32892.1,975.8,499.9
32896.1,976.0,500.0
32900.0,975.9,499.9
32902.1,978.1,501.1
32906.0,975.5,499.8
32910.1,976.8,500.4
32914.0,975.1,499.5
32918.1,977.2,500.6
32922.0,975.9,500.0
32924.1,975.6,499.8
32928.1,976.3,500.1
32930.1,974.0,499.0
32934.1,974.9,499.4
32938.1,978.5,501.3
32942.0,975.6,499.8
32946.0,976.8,500.4
32950.0,975.7,499.8
32952.0,976.2,500.1
32956.0,977.1,500.5
32960.0,975.5,499.8
32962.1,975.4,499.7
32966.0,975.9,499.9
32970.0,976.2,500.1
32974.1,976.4,500.2
32976.1,975.6,499.8
32980.0,976.0,500.0
32982.0,975.0,499.5
32986.0,974.8,499.4
32988.0,978.9,501.5
32992.1,974.7,499.3
32994.1,980.3,502.2
32998.0,975.7,499.9
33002.0,975.9,499.9
33004.0,976.6,500.3
33006.0,975.7,499.8
33008.0,976.3,500.2
33012.0,976.0,500.0
33014.1,974.8,499.4
33018.0,976.3,500.2
33020.0,975.1,499.5
33024.0,975.8,499.9
33026.1,977.4,500.7
33030.1,974.8,499.4
33034.1,975.4,499.7
33036.1,978.7,501.4
33040.1,977.1,500.5
33044.0,975.7,499.9
33048.0,975.7,499.8
33052.0,976.5,500.3
33056.0,976.0,500.0
33058.1,973.2,498.6
33060.1,978.7,501.4
33064.0,975.9,500.0
33066.0,976.7,500.3
33068.0,977.4,500.7
33072.1,974.9,499.4
33076.1,976.5,500.3
33080.0,976.4,500.2
33084.1,974.6,499.3
33088.1,977.4,500.7
33092.1,975.5,499.8
33096.0,976.6,500.3
33098.0,974.0,499.0
33102.0,974.1,499.0
33106.0,979.0,501.5
33108.1,974.4,499.2
33110.1,977.6,500.8
33114.1,976.2,500.1
33118.0,975.8,499.9
33120.0,974.9,499.4
33122.1,976.5,500.2
33126.0,976.4,500.2
33128.1,977.1,500.6
33132.0,975.9,500.0
33134.1,974.4,499.2
33138.0,976.3,500.2
33140.0,978.0,501.0
33144.0,974.9,499.4
33146.0,976.1,500.1
33148.0,975.7,499.9
33150.1,976.5,500.2
33154.1,975.5,499.8
33158.1,976.8,500.4
33162.0,976.3,500.1
33166.0,974.2,499.1
33170.1,977.9,501.0
33174.0,973.9,498.9
33176.1,979.2,501.6
33180.1,975.3,499.6
33184.0,978.0,501.0
33186.0,970.8,497.3
33190.1,977.7,500.9
33194.0,975.8,499.9
33196.1,976.9,500.4
33200.0,974.3,499.1
33204.1,978.0,501.0
33208.0,975.5,499.8
33210.0,976.3,500.2
33212.0,973.4,498.7
33214.0,977.8,500.9
33216.1,974.8,499.4
33220.0,977.0,500.5
33222.0,931.8,477.4
33224.1,967.1,495.5
33228.0,975.9,499.9
33232.0,976.5,500.3
33236.0,975.1,499.6
33240.0,976.5,500.3
33242.0,975.9,499.9
33246.1,976.4,500.2
33250.0,975.7,499.9
33254.1,975.0,499.5
33258.0,977.3,500.7
33260.0,977.0,500.5
33264.1,976.1,500.0
33268.0,975.7,499.8
33270.0,975.8,499.9
33272.0,978.2,501.1
33274.1,974.6,499.3
33278.1,976.5,500.2
33282.1,971.4,497.7
33286.0,980.4,502.3
33290.1,975.9,499.9
33294.1,975.7,499.8
33298.0,977.1,500.6
33300.0,975.0,499.5
33302.0,975.6,499.8
33304.1,977.0,500.5
33308.0,976.2,500.1
33312.0,976.3,500.1
33316.0,976.0,500.0
33320.0,976.0,500.0
33324.0,975.7,499.9
33326.1,975.9,499.9
33330.0,975.9,499.9
33332.1,976.9,500.5
33334.1,975.4,499.7
33338.1,976.1,500.1
33342.0,940.9,482.0
33344.0,937.9,480.5
33348.1,976.2,500.1
33352.0,975.9,500.0
33356.0,976.7,500.4
33358.0,975.3,499.6
33360.1,975.8,499.9
33364.0,975.8,499.9
33366.0,976.9,500.5
33368.1,976.7,500.3
33372.0,974.9,499.4
33374.0,976.1,500.0
33378.1,976.1,500.0
33382.0,976.0,500.0
33386.0,977.2,500.6
33388.0,974.8,499.4
33390.0,975.8,499.9
33394.1,976.3,500.1
33396.1,977.5,500.8
33400.1,975.5,499.7
33404.1,975.3,499.7
33408.0,976.0,500.0
33412.0,976.8,500.4
33414.0,975.4,499.7
33416.1,975.8,499.9
33420.1,976.5,500.2
33422.1,974.8,499.4
33426.0,976.6,500.3
33428.0,975.1,499.5
33430.1,977.8,500.9
33434.1,975.5,499.7
33438.0,975.1,499.5
33440.0,978.5,501.3
33442.0,977.3,500.7
33444.1,975.3,499.6
33448.0,975.9,499.9
33450.1,975.8,499.9
33454.1,975.8,499.9
33458.0,976.5,500.2
33460.0,972.8,498.4
33464.1,976.5,500.3
33468.1,977.0,500.5
33472.0,976.1,500.0
33474.1,976.8,500.4
33478.1,976.4,500.2
33482.0,974.7,499.3
33484.1,977.9,501.0
33488.0,975.5,499.8
33490.1,975.9,499.9
33494.0,976.0,500.0
33496.0,975.7,499.8
33500.0,975.0,499.5
33504.1,977.8,500.9
33506.1,974.9,499.5
33510.1,976.7,500.4
33512.1,975.1,499.5
33516.0,976.6,500.3
33520.0,975.1,499.5
33522.0,973.9,498.9
33524.1,976.9,500.5
33528.0,976.1,500.1
33530.0,978.3,501.2
33532.1,975.8,499.9
33536.0,976.4,500.2
33538.1,973.7,498.8
33542.1,977.2,500.6
33546.0,975.5,499.7
33548.1,977.0,500.5
33552.1,975.5,499.8
33556.0,975.8,499.9
33558.0,976.6,500.3
33562.0,976.6,500.3
33566.0,975.8,499.9
33570.0,976.6,500.3
33574.0,976.0,500.0
33578.0,976.1,500.1
33582.0,971.6,497.7
33586.0,979.4,501.8
33590.0,976.9,500.4
33592.0,975.5,499.7
33594.0,976.5,500.3
33598.1,974.7,499.4
33600.1,979.6,501.8
33604.0,975.5,499.8
33606.1,971.5,497.7
33610.0,978.6,501.3
33612.0,976.3,500.2
33614.1,975.3,499.6
33618.0,976.1,500.1
33622.0,974.1,499.0
33624.1,980.5,502.3
33628.0,975.7,499.8
33630.1,975.3,499.7
33634.0,976.2,500.1
33636.1,976.5,500.3
33640.0,975.4,499.7
33642.0,969.6,496.7
33646.0,953.1,488.3
33650.1,975.6,499.8
33654.0,976.8,500.4
33658.0,975.3,499.6
33660.1,977.0,500.5
33664.0,976.3,500.1
33668.0,975.8,499.9
33672.0,976.2,500.1
33676.0,975.3,499.7
33678.0,976.0,500.0
33682.0,976.5,500.3
33684.1,976.4,500.2
33688.0,976.8,500.4
33690.1,972.1,498.0
33694.0,978.1,501.1
33698.1,975.7,499.9
33702.1,974.4,499.2
33706.0,978.1,501.1
33708.1,966.2,495.0
33712.0,979.5,501.8
33714.0,977.7,500.9
33718.0,974.2,499.1
33720.1,979.1,501.6
33724.1,975.8,499.9
33726.1,976.5,500.3
33728.1,976.9,500.4
33732.1,976.2,500.1
33736.0,975.5,499.8
33738.1,975.9,500.0
33742.1,974.7,499.3
33746.0,977.4,500.7
33750.0,975.8,499.9
33754.0,975.9,500.0
33756.0,976.0,500.0
33758.0,976.8,500.4
33760.0,975.9,500.0
33764.0,976.5,500.3
33766.0,975.1,499.5
33768.0,974.7,499.3
33772.0,976.3,500.1
33776.1,975.6,499.8
33780.0,974.9,499.4
33782.0,979.4,501.7
33786.1,976.2,500.1
33788.1,975.3,499.6
33792.0,976.3,500.2
33794.1,975.1,499.5
33796.1,975.9,500.0
33800.0,976.7,500.3
33804.1,975.7,499.8
33808.0,976.6,500.3
33810.0,974.5,499.2
33812.0,977.0,500.5
33816.0,976.3,500.2
33820.0,975.2,499.6
33822.0,976.6,500.3
33826.0,976.8,500.4
33830.1,974.6,499.3
33834.1,976.3,500.2
33838.1,976.8,500.4
33842.0,974.7,499.4
33846.0,978.0,501.0
33848.1,974.9,499.4
33852.0,975.9,500.0
33854.1,976.0,500.0
33858.0,976.1,500.0
33862.0,976.7,500.3
33866.0,975.1,499.6
33870.0,976.1,500.0
33872.1,975.3,499.6
33874.1,977.2,500.6
33878.0,976.7,500.3
33880.0,974.3,499.1
33884.0,949.4,486.4
33888.1,975.8,499.9
33892.1,976.0,500.0
33896.0,975.7,499.8
33898.0,975.4,499.7
33900.1,978.1,501.1
33902.1,975.4,499.7
33906.0,976.3,500.2
33908.0,972.4,498.1
33910.0,980.5,502.3
33914.0,974.3,499.1
33916.0,978.9,501.5
33920.0,975.8,499.9
33924.1,974.8,499.4
33928.1,976.9,500.4
33932.0,976.4,500.2
33934.1,976.0,500.0
33938.0,976.6,500.3
33940.1,974.9,499.5
33944.0,976.6,500.3
33946.0,976.8,500.4
33950.0,975.5,499.7
33954.1,975.8,499.9
33958.1,976.0,500.0
33962.0,976.2,500.1
33964.1,976.1,500.1
33968.1,976.6,500.3
33970.1,975.5,499.7
33974.0,975.8,499.9
33978.1,975.5,499.7
33982.0,976.7,500.4
33984.0,976.1,500.1
33986.1,976.2,500.1
33990.0,976.0,500.0
33994.0,976.8,500.4
33998.1,975.0,499.5
34002.0,976.7,500.4
34006.1,976.2,500.1
34010.0,974.6,499.3
34012.0,977.9,501.0
34016.0,976.2,500.1
34020.0,975.8,499.9
34024.0,975.8,499.9
34026.0,976.7,500.3
34030.1,975.5,499.7
34032.1,977.3,500.7
34036.0,975.9,499.9
34040.1,976.3,500.2
34044.0,975.8,499.9
34048.1,976.3,500.1
34052.0,976.0,500.0
34054.0,975.5,499.8
34056.1,977.8,500.9
34060.1,974.0,499.0
34064.0,977.2,500.6
34068.0,976.4,500.2
34070.1,972.4,498.2
34074.0,975.2,499.6
34076.0,980.4,502.2
34078.1,975.2,499.6
34080.1,977.0,500.5
34084.0,975.3,499.6
34086.0,976.5,500.3
34090.0,975.8,499.9
34094.0,976.1,500.0
34096.0,972.3,498.1
34098.1,979.9,502.0
34102.1,976.2,500.1
34104.1,975.6,499.8
34108.0,976.3,500.2
34112.0,975.4,499.7
34114.1,976.4,500.2
34118.1,975.7,499.8
34122.0,975.7,499.8
34124.0,977.8,500.9
34126.0,972.6,498.3
34130.0,977.2,500.6
34132.0,974.9,499.4
34134.1,976.8,500.4
34138.0,976.0,500.0
34140.1,976.0,500.0
34144.0,976.7,500.3
34148.0,976.1,500.0
34152.0,975.6,499.8
34156.0,975.9,499.9
34158.0,975.4,499.7
34160.1,974.9,499.4
34164.1,977.0,500.5
34168.0,974.5,499.3
34170.0,978.2,501.1
34172.1,975.6,499.8
34174.1,973.8,498.9
34178.1,977.7,500.9
34182.1,975.8,499.9
34186.1,974.4,499.2
34188.1,978.3,501.2
34192.0,974.9,499.4
34194.1,978.3,501.2
34198.0,975.6,499.8
34202.0,976.3,500.1
34204.0,976.0,500.0
34206.0,975.9,500.0
34208.0,976.4,500.2
34212.1,975.7,499.9
34216.1,973.1,498.5
34220.1,977.2,500.6
34224.0,977.8,500.9
34226.1,972.5,498.2
34230.0,977.7,500.8
34234.0,977.0,500.5
34238.0,976.2,500.1
34242.0,976.0,500.0
34244.0,920.5,471.6
34246.1,976.3,500.2
34250.1,976.2,500.1
34254.1,975.6,499.8
34258.1,973.9,498.9
34262.0,977.8,500.9
34264.0,977.1,500.5
34266.1,975.0,499.5
34270.1,976.6,500.3
34274.0,975.9,500.0
34276.1,976.6,500.3
34280.1,976.3,500.2
34284.0,975.6,499.8
34286.0,977.5,500.8
34290.0,974.4,499.2
34292.0,978.2,501.1
34294.0,975.3,499.6
34298.1,976.7,500.4
34302.0,976.0,500.0
34306.0,975.9,499.9
34310.1,976.4,500.2
34314.1,975.5,499.7
34316.1,974.4,499.2
34320.0,976.9,500.5
34324.0,976.8,500.4
34328.1,975.4,499.7
34332.0,976.2,500.1
34334.1,977.0,500.5
34336.1,976.2,500.1
34340.0,975.0,499.5
34342.1,975.1,499.5
34346.1,976.9,500.5
34350.0,976.1,500.1
34352.1,976.5,500.2
34356.1,975.4,499.7
34360.1,976.5,500.2
34364.0,975.7,499.8
34366.1,977.1,500.6
34370.0,975.5,499.8
34372.0,976.7,500.3
34376.0,976.1,500.1
34380.1,976.5,500.3
34384.0,976.4,500.2
34386.1,975.0,499.5
34390.0,974.2,499.1
34394.0,977.3,500.7
34396.0,976.7,500.3
34398.1,975.2,499.6
34402.0,976.6,500.3
34404.0,976.9,500.5
34406.0,975.1,499.5
34408.1,976.6,500.3
34412.0,975.8,499.9
34414.1,977.1,500.6
34418.0,975.0,499.5
34420.1,976.1,500.1
34422.1,973.8,498.9
34426.1,976.9,500.5
34430.0,965.9,494.8
34432.0,943.6,483.4
34434.1,976.8,500.4
34438.0,976.6,500.3
34440.0,974.9,499.4
34442.1,977.0,500.5
34446.0,976.2,500.1
34450.1,973.7,498.8
34454.0,978.2,501.1
34456.1,975.1,499.5
34460.1,976.7,500.4
34464.1,974.9,499.4
34468.1,974.8,499.4
34472.0,978.2,501.1
34474.0,975.4,499.7
34478.0,976.0,500.0
34482.0,976.6,500.3
34484.1,974.6,499.3
34488.0,975.7,499.8
34490.1,975.1,499.6
34494.1,976.8,500.4
34496.1,975.9,499.9
34500.0,976.5,500.2
34502.1,975.9,499.9
34506.1,975.6,499.8
34510.0,976.2,500.1
34512.1,975.6,499.8
34516.0,976.5,500.3
34520.1,976.0,500.0
34524.0,976.4,500.2
34528.0,975.1,499.6
34530.0,976.7,500.4
34534.0,977.2,500.6
34538.1,975.7,499.9
34542.0,976.2,500.1
34546.0,975.4,499.7
34548.1,975.1,499.6
34552.1,976.8,500.4
34556.0,976.9,500.4
34558.0,975.5,499.7
34560.1,974.7,499.3
34562.1,974.0,499.0
34566.0,977.3,500.7
34568.1,977.0,500.5
34572.0,976.5,500.3
34574.0,974.6,499.3
34576.0,973.9,498.9
34578.1,977.3,500.7
34582.1,975.5,499.7
34586.0,978.4,501.3
34590.0,975.1,499.5
34594.0,976.5,500.3
34598.1,976.4,500.2
34602.1,975.2,499.6
34606.0,976.3,500.2
34608.0,976.5,500.3
34612.0,976.4,500.2
34614.0,975.8,499.9
34618.1,976.2,500.1
34622.0,975.9,500.0
34624.1,977.2,500.6
34628.0,974.9,499.5
34630.0,977.4,500.7
34634.0,976.8,500.4
34636.0,974.3,499.1
34640.1,976.3,500.1
34644.0,974.8,499.4
34646.0,978.5,501.3
34648.1,974.3,499.1
34652.0,978.0,501.0
34654.0,971.0,497.4
34656.0,979.7,501.9
34660.0,976.3,500.2
34662.0,975.9,499.9
34666.0,920.9,471.8
34670.1,977.1,500.6
34674.1,976.7,500.4
34678.0,976.2,500.1
34682.0,975.3,499.7
34684.0,972.3,498.1
34688.1,978.6,501.3
34690.1,973.7,498.8
34692.1,977.1,500.5
34696.0,976.4,500.2
34698.1,973.4,498.7
34702.0,977.3,500.7
34704.0,975.3,499.6
34706.0,976.9,500.5
34710.0,976.3,500.2
34712.0,974.5,499.2
34714.0,976.0,500.0
34718.0,976.6,500.3
34722.0,976.2,500.1
34726.0,974.9,499.5
34730.1,976.9,500.5
34734.1,975.8,499.9
34738.0,976.8,500.4
34740.0,976.1,500.0
34744.1,974.5,499.2
34748.0,976.5,500.3
34750.1,977.0,500.5
34754.0,974.5,499.2
34756.1,977.4,500.7
34758.1,975.6,499.8
34762.0,976.9,500.5
34766.0,976.0,500.0
34768.1,977.0,500.5
34770.1,972.0,497.9
34774.1,977.8,500.9
34778.1,974.8,499.4
34782.1,977.6,500.8
34786.0,974.9,499.5
34788.0,976.6,500.3
34792.1,975.7,499.9
34796.0,976.8,500.4
34798.0,975.9,499.9
34802.1,976.0,500.0
34806.1,976.0,500.0
34810.0,975.6,499.8
34814.1,975.9,499.9
34818.1,976.2,500.1
34822.0,976.9,500.5
34824.1,974.8,499.4
34826.1,972.8,498.3
34830.0,977.9,501.0
34832.1,973.5,498.7
34834.1,979.8,501.9
34838.0,975.7,499.9
34840.1,975.3,499.7
34844.1,976.0,500.0
34848.0,976.9,500.4
34850.1,976.4,500.2
34852.1,974.2,499.1
34856.0,976.7,500.4
34858.1,969.8,496.8
34860.1,981.3,502.7
34864.0,975.9,499.9
34866.0,977.7,500.9
34868.1,970.3,497.1
34872.0,978.3,501.2
34874.1,977.8,500.9
34876.1,969.5,496.6
34880.0,979.1,501.6
34882.1,976.5,500.2
34884.1,975.4,499.7
34888.0,976.2,500.1
34890.0,975.6,499.8
34894.0,975.6,499.8
34898.0,976.1,500.1
34902.1,974.7,499.3
34906.1,978.6,501.3
34908.1,974.9,499.5
34912.0,976.1,500.1
34914.1,976.2,500.1
34918.1,975.6,499.8
34922.0,975.2,499.6
34926.0,977.1,500.6
34930.1,975.9,500.0
34934.0,976.4,500.2
34938.0,975.2,499.6
34940.1,974.3,499.1
34944.0,976.9,500.5
34946.1,977.6,500.8
34950.1,977.0,500.5
34954.0,975.0,499.5
34956.1,976.0,500.0
34960.0,977.0,500.5
34962.0,975.8,499.9
34966.0,972.9,498.4
34968.0,981.1,502.6
34970.1,975.5,499.8
34974.1,974.9,499.4
34978.0,977.4,500.7
34980.1,976.7,500.4
34982.1,975.1,499.6
34986.0,976.6,500.3
34990.0,976.0,500.0
34994.1,975.8,499.9
34996.1,977.0,500.5
35000.0,976.0,500.0
35002.0,974.9,499.4
35006.0,976.9,500.4
35008.0,974.3,499.1
35012.0,976.8,500.4
35014.0,976.9,500.5
35016.1,975.7,499.8
35020.1,974.4,499.2
35024.0,976.1,500.0
35026.1,978.5,501.3
35030.0,975.5,499.8
35034.1,976.4,500.2
35036.1,976.6,500.3
35040.1,975.7,499.8
35044.0,976.2,500.1
35046.0,975.0,499.5
35050.1,975.0,499.5
35054.0,977.6,500.8
35056.0,976.9,500.5
35058.0,975.3,499.6
35062.0,976.0,500.0
35064.1,975.6,499.8
35068.0,976.5,500.2
35070.0,976.8,500.4
35074.0,975.0,499.5
35078.1,973.3,498.6
35082.1,979.1,501.6
35086.1,976.4,500.2
35088.1,976.2,500.1
35092.1,976.2,500.1
35096.0,975.7,499.9
35100.1,976.6,500.3
35104.0,975.1,499.5
35106.1,974.8,499.4
35110.0,975.8,499.9
35112.1,979.0,501.6
35116.1,975.7,499.9
35120.1,975.0,499.5
35124.1,977.8,500.9
35128.1,975.8,499.9
35130.1,974.9,499.4
35134.0,976.3,500.1
35136.0,973.2,498.6
35140.0,977.8,500.9
35144.1,938.7,480.9
35148.0,981.2,502.6
35150.0,977.3,500.7
35154.0,976.2,500.1
35158.0,975.3,499.6
35160.0,974.7,499.3
35162.0,978.8,501.4
35164.0,975.2,499.6
35166.1,974.7,499.3
35168.1,976.2,500.1
35172.1,976.7,500.3
35176.0,976.1,500.0
35178.1,974.5,499.2
35182.0,976.4,500.2
35184.1,976.5,500.3
35188.0,976.2,500.1
35192.0,975.9,500.0
35196.1,975.3,499.7
35200.1,976.0,500.0
35204.0,975.8,499.9
35206.1,977.4,500.7
35210.0,976.0,500.0
35212.0,976.7,500.3
35216.0,974.5,499.3
35218.0,978.8,501.4
35220.1,974.3,499.1
35224.0,977.0,500.5
35226.0,973.6,498.8
35228.0,978.8,501.4
35230.1,975.1,499.5
35234.1,976.1,500.1
35238.0,976.6,500.3
35240.1,976.0,500.0
35244.0,976.2,500.1
35248.0,975.9,499.9
35250.0,975.7,499.9
35252.0,974.4,499.2
35254.0,977.2,500.6
35258.0,976.6,500.3
35260.1,972.0,498.0
35264.0,974.6,499.3
35268.1,979.0,501.5
35272.0,976.2,500.1
35274.1,974.5,499.3
35276.1,977.1,500.6
35280.0,976.0,500.0
35282.0,977.1,500.5
35286.1,973.9,498.9
35290.1,975.6,499.8
35294.1,977.5,500.8
35298.0,975.2,499.6
35302.0,977.3,500.7
35306.0,976.4,500.2
35308.1,975.8,499.9
35312.0,976.0,500.0
35316.0,975.8,499.9
35318.1,976.5,500.3
35322.0,976.7,500.3
35324.0,958.3,490.9
35326.0,991.4,507.9
35330.1,976.3,500.1
35334.0,975.8,499.9
35336.1,975.0,499.5
35340.0,976.7,500.3
35342.1,974.9,499.4
35346.0,976.9,500.5
35350.0,973.6,498.8
35352.0,980.1,502.1
35354.1,977.0,500.5
35356.1,974.1,499.0
35360.0,976.4,500.2
35362.1,976.7,500.4
35366.0,975.6,499.8
35370.0,976.2,500.1
35372.1,974.1,499.0
35376.0,975.9,499.9
35378.1,977.2,500.6
35382.0,976.4,500.2
35386.1,975.8,499.9
35388.1,976.7,500.3
35390.1,976.2,500.1
35394.0,975.5,499.7
35396.1,976.0,500.0
35400.0,976.4,500.2
35402.0,976.5,500.2
35406.0,975.9,500.0
35408.1,975.9,499.9
35412.0,976.7,500.4
35414.0,974.9,499.4
35418.1,975.6,499.8
35422.0,976.3,500.1
35424.0,976.5,500.3
35426.0,975.6,499.8
35430.0,975.6,499.8
35432.0,978.4,501.2
35436.0,975.4,499.7
35438.1,974.7,499.3
35442.1,976.9,500.4
35444.1,968.4,496.1
35448.0,979.6,501.8
35450.1,970.3,497.1
35454.1,978.1,501.1
35456.1,977.8,500.9
35460.0,975.7,499.9
35462.1,976.2,500.1
35466.1,973.9,498.9
35470.0,977.9,501.0
35472.1,976.8,500.4
35476.0,976.0,500.0
35478.0,974.1,499.0
35482.0,977.7,500.9
35484.0,975.0,499.5
35488.1,976.2,500.1
35492.1,975.8,499.9
35496.0,976.9,500.5
35498.0,971.5,497.7
35502.0,977.8,500.9
35504.0,912.2,467.3
35508.1,981.8,503.0
35512.0,974.1,499.0
35516.0,977.3,500.7
35518.1,976.1,500.1
35520.1,976.9,500.5
35524.1,976.4,500.2
35528.1,975.8,499.9
35532.1,976.4,500.2
35536.1,975.8,499.9
35540.1,976.2,500.1
35544.0,975.8,499.9
35546.1,975.2,499.6
35550.1,977.1,500.6
35554.1,972.8,498.4
35556.1,981.5,502.8
35560.1,975.5,499.8
35562.1,975.4,499.7
35566.1,922.3,472.5
35568.1,978.2,501.1
35572.0,975.5,499.7
35576.0,973.9,498.9
35578.0,981.6,502.9
35582.1,975.1,499.6
35586.1,976.6,500.3
35590.1,975.3,499.6
35594.1,976.6,500.3
35598.0,975.7,499.8
35600.0,976.9,500.5
35602.1,977.1,500.5
35604.1,974.7,499.3
35608.0,976.1,500.1
35610.0,974.2,499.1
35614.0,977.4,500.7
35618.0,976.1,500.1
35622.0,976.0,500.0
35624.1,972.9,498.4
35628.0,977.0,500.5
35630.0,976.5,500.2
35634.0,976.2,500.1
35636.1,975.7,499.9
35640.1,975.8,499.9
35644.0,976.3,500.1
35646.1,969.8,496.8
35650.1,979.5,501.8
35654.0,975.2,499.6
35658.1,976.6,500.3
35662.0,976.4,500.2
35664.0,976.0,500.0
35668.1,975.4,499.7
35672.0,976.9,500.5
35674.0,975.9,499.9
35678.0,976.4,500.2
35680.1,975.9,499.9
35684.1,971.5,497.7
35688.0,979.6,501.8
35692.1,976.2,500.1
35694.1,975.9,500.0
35698.1,976.6,500.3
35700.1,975.8,499.9
35704.0,975.6,499.8
35706.0,976.9,500.5
35708.1,975.9,499.9
35712.0,976.3,500.2
35714.1,973.2,498.6
35718.1,975.1,499.6
35722.0,977.3,500.7
35724.0,977.0,500.5
35728.0,975.3,499.6
35730.1,977.4,500.7
35734.0,976.3,500.2
35736.0,974.6,499.3
35740.0,977.0,500.5
35742.1,976.7,500.4
35744.1,969.6,496.7
35748.0,978.8,501.4
35752.0,976.3,500.1
35756.1,975.9,500.0
35758.1,971.0,497.4
35762.0,978.2,501.1
35764.1,969.9,496.9
35768.0,979.5,501.8
35770.0,977.0,500.5
35774.0,975.7,499.8
35776.0,976.2,500.1
35780.0,976.0,500.0
35782.1,976.9,500.5
35786.1,975.2,499.6
35790.0,977.1,500.6
35792.0,976.8,500.4
35796.0,974.4,499.2
35800.0,976.6,500.3
35802.0,974.9,499.4
35804.0,974.0,499.0
35806.1,979.3,501.7
35810.0,976.7,500.4
35812.0,975.0,499.5
35814.0,973.6,498.8
35816.1,978.1,501.1
35820.0,975.9,499.9
35822.0,977.6,500.8
35826.0,976.0,500.0
35830.1,974.9,499.4
35834.0,976.2,500.1
35838.0,976.3,500.1
35840.1,977.3,500.7
35844.0,976.7,500.4
35846.0,975.7,499.8
35850.0,976.2,500.1
35854.1,975.7,499.8
35856.1,977.2,500.6
35860.1,976.2,500.1
35864.0,975.7,499.8
35866.0,974.5,499.2
35870.1,977.0,500.5
35874.0,975.7,499.8
35876.0,975.8,499.9
35880.1,975.8,499.9
35884.0,976.3,500.1
35886.0,972.9,498.4
35888.1,978.4,501.2
35892.0,976.0,500.0
35894.0,976.7,500.4
35896.1,976.5,500.3
35898.1,976.0,500.0
35902.1,976.2,500.1
35906.0,974.6,499.3
35908.1,977.9,501.0
35912.0,976.6,500.3
35914.0,973.4,498.6
35916.1,978.2,501.1
35920.1,975.5,499.7
35924.1,975.7,499.8
35928.0,976.9,500.5
35930.1,975.0,499.5
35934.1,976.5,500.3
35938.0,976.5,500.3
35940.1,974.2,499.1
35944.1,975.6,499.8
35946.1,974.3,499.1
35950.1,977.7,500.9
35954.0,975.5,499.7
35958.0,976.8,500.4
35962.1,975.6,499.8
35966.0,973.4,498.7
35968.1,979.9,502.0
35970.1,976.0,500.0
35974.0,976.3,500.1
35976.1,976.8,500.4
35978.1,971.3,497.6
35982.0,977.6,500.8
35984.0,978.0,501.0
35988.1,948.8,486.0
35992.0,976.2,500.1
35994.1,976.5,500.3
35998.1,975.6,499.8
36000.1,972.9,498.4
36004.0,978.1,501.1
36006.1,977.3,500.6
36010.0,975.7,499.8
36012.1,977.9,501.0
36014.1,975.9,499.9
36018.0,975.3,499.6
36022.0,976.9,500.5
36026.0,976.0,500.0
36028.0,975.6,499.8
36030.1,975.6,499.8
36034.0,977.5,500.7
36038.0,975.0,499.5
36042.1,976.4,500.2
36046.1,974.3,499.1
36050.0,977.1,500.5
36052.1,978.0,501.0
36056.0,976.4,500.2
36058.0,974.1,499.0
36062.1,974.2,499.1
36066.1,979.0,501.5
36068.1,974.8,499.4
36072.1,970.8,497.3
36074.1,986.4,505.3
36078.0,976.2,500.1
36080.0,975.4,499.7
36084.0,976.5,500.3
36088.0,976.4,500.2
36090.0,973.6,498.8
36094.1,977.0,500.5
36098.1,976.2,500.1
36102.0,976.9,500.5
36104.1,974.9,499.5
36108.0,976.5,500.2
36112.1,976.2,500.1
36116.0,975.3,499.6
36120.0,977.0,500.5
36122.0,974.0,499.0
36126.0,977.5,500.8
36130.1,975.6,499.8
36134.0,974.9,499.4
36136.1,978.1,501.1
36138.1,975.5,499.7
36142.1,977.0,500.5
36146.1,976.1,500.0
36150.1,975.2,499.6
36154.1,976.5,500.3
36158.1,976.3,500.2
36162.0,976.5,500.3
36166.1,975.8,499.9
36168.1,977.1,500.5
36172.0,975.6,499.8
36174.1,975.4,499.7
36178.1,976.3,500.2
36182.0,970.5,497.2
36184.0,985.0,504.6
36186.0,978.3,501.2
36190.1,975.2,499.6
36194.0,976.7,500.4
36196.1,976.7,500.4
36200.1,975.7,499.8
36202.1,973.8,498.9
36206.0,977.3,500.7
36208.1,976.3,500.1
36212.0,976.2,500.1
36216.0,976.0,500.0
36218.1,975.7,499.8
36222.0,976.2,500.1
36224.1,977.1,500.6
36228.0,975.5,499.8
36230.0,971.1,497.5
36234.0,977.6,500.8
36238.0,976.4,500.2
36240.0,977.5,500.8
36244.1,975.9,500.0
36248.1,975.6,499.8
36252.0,977.1,500.6
36254.1,976.6,500.3
36258.1,975.4,499.7
36262.0,976.2,500.1
36266.1,976.0,500.0
36270.0,976.5,500.2
36274.0,975.7,499.8
36276.1,977.6,500.8
36280.0,976.3,500.2
36282.1,974.4,499.2
36286.1,976.3,500.1
36290.0,975.6,499.8
36292.1,977.3,500.6
36296.1,975.7,499.9
36300.0,975.9,500.0
36304.1,977.1,500.5
36306.1,975.0,499.5
36310.0,976.3,500.2
36312.0,976.3,500.2
36314.0,974.9,499.4
36316.1,976.0,500.0
36320.0,977.0,500.5
36324.0,976.1,500.0
36328.0,976.2,500.1
36332.1,976.2,500.1
36336.1,972.5,498.2
36340.1,980.3,502.2
36344.0,974.7,499.3
36346.0,973.7,498.8
36350.1,976.8,500.4
36354.0,976.6,500.3
36356.1,977.2,500.6
36358.1,970.7,497.3
36362.0,978.7,501.4
36364.0,975.7,499.8
36366.1,976.0,500.0
36370.0,976.1,500.0
36374.0,976.3,500.2
36376.0,974.6,499.3
36380.0,976.8,500.4
36384.1,976.0,500.0
36388.0,975.5,499.7
36390.0,976.9,500.5
36394.0,976.3,500.1
36396.0,976.6,500.3
36398.0,975.7,499.9
36402.1,975.4,499.7
36406.1,977.1,500.6
36408.1,975.8,499.9
36412.0,975.3,499.6
36414.0,977.1,500.5
36416.1,974.3,499.1
36418.1,977.4,500.7
36422.1,976.5,500.3
36426.0,975.5,499.7
36430.0,975.7,499.9
36434.0,976.4,500.2
36438.1,976.5,500.2
36442.0,975.8,499.9
36446.0,976.1,500.1
36450.0,976.8,500.4
36452.1,976.5,500.3
36456.0,975.3,499.6
36460.0,977.2,500.6
36462.0,976.8,500.4
36464.1,973.9,498.9
36468.0,976.5,500.2
36472.0,975.5,499.7
36474.0,976.4,500.2
36478.0,976.5,500.3
36482.1,975.6,499.8
36484.1,974.9,499.4
36488.1,976.8,500.4
36492.0,975.4,499.7
36494.1,979.1,501.6
36498.0,975.5,499.8
36500.0,975.6,499.8
36504.1,976.0,500.0
36506.1,976.4,500.2
36510.0,976.2,500.1
36514.0,975.9,499.9
36518.0,977.2,500.6
36522.0,975.8,499.9
36524.1,975.2,499.6
36528.0,976.3,500.2
36532.0,976.4,500.2
36534.1,974.8,499.4
36538.0,976.4,500.2
36540.1,977.6,500.8
36544.1,975.8,499.9
36548.0,975.7,499.9
36550.0,977.0,500.5
36552.1,975.6,499.8
36556.1,975.3,499.6
36558.1,977.7,500.8
36562.0,975.9,500.0
36564.0,976.0,500.0
36568.1,975.3,499.6
36572.1,976.8,500.4
36576.1,976.7,500.3
36580.0,974.8,499.4
36582.0,975.2,499.6
36586.0,950.4,486.9
36588.1,975.4,499.7
36592.0,975.9,499.9
36594.0,976.0,500.0
36598.0,976.3,500.2
36602.0,975.1,499.5
36604.0,977.4,500.7
36608.0,974.4,499.2
36612.1,977.9,501.0
36616.0,975.0,499.5
36620.0,977.3,500.7
36622.1,972.1,498.0
36626.0,978.3,501.2
36628.0,976.9,500.5
36630.1,976.2,500.1
36632.1,975.6,499.8
36636.0,975.5,499.8
36638.0,976.0,500.0
36642.0,976.5,500.2
36644.1,976.6,500.3
36646.1,862.8,442.0
36650.0,977.1,500.6
36654.0,977.3,500.7
36658.0,976.7,500.4
36662.0,975.5,499.7
36664.0,976.8,500.4
36666.0,975.5,499.7
36670.1,976.1,500.0
36674.0,974.2,499.1
36676.0,982.6,503.4
36680.0,975.2,499.6
36682.1,974.6,499.3
36686.0,977.7,500.9
36690.0,973.7,498.8
36692.1,979.7,501.9
36696.0,977.0,500.5
36698.1,972.2,498.0
36702.0,977.8,500.9
36704.0,975.2,499.6
36708.0,976.3,500.2
36712.1,976.1,500.1
36716.1,976.2,500.1
36720.0,974.9,499.4
36722.1,978.4,501.2
36726.1,975.6,499.8
36730.1,976.6,500.3
36734.0,976.0,500.0
36738.1,976.3,500.1
36742.1,973.4,498.7
36746.0,977.5,500.8
36750.1,976.6,500.3
36752.1,976.1,500.0
36756.0,976.9,500.5
36758.1,974.4,499.2
36762.0,976.9,500.4
36764.1,976.2,500.1
36768.1,975.4,499.7
36770.1,978.8,501.4
36774.0,975.6,499.8
36776.0,973.2,498.6
36780.1,976.9,500.4
36784.0,975.6,499.8
36786.0,975.4,499.7
36790.0,977.1,500.5
36794.1,975.5,499.8
36798.0,976.2,500.1
36800.1,976.2,500.1
36802.1,975.5,499.8
36806.1,977.6,500.8
36810.0,976.0,500.0
36812.0,975.1,499.5
36814.1,976.2,500.1
36818.0,974.9,499.4
36820.0,979.1,501.6
36824.1,975.3,499.6
36828.1,976.3,500.2
36832.1,976.3,500.2
36836.1,975.9,500.0
36840.1,975.3,499.6
36844.1,977.6,500.8
36848.1,976.2,500.1
36852.0,976.5,500.3
36854.1,965.6,494.7
36856.1,985.0,504.6
36860.0,974.1,499.0
36862.0,979.7,501.9
36866.0,975.7,499.9
36868.0,977.8,500.9
36872.0,975.7,499.8
36876.0,975.4,499.7
36878.0,977.4,500.7
36882.1,975.5,499.8
36886.0,976.1,500.1
36888.1,976.3,500.1
36892.0,975.9,500.0
36896.0,975.9,500.0
36898.1,978.4,501.3
36902.0,975.9,500.0
36904.1,976.3,500.1
36906.1,975.4,499.7
36910.0,975.1,499.5
36912.1,979.4,501.7
36916.0,975.8,499.9
36918.0,975.9,499.9
36922.0,975.7,499.9
36926.1,976.2,500.1
36930.0,976.2,500.1
36932.1,977.1,500.5
36936.1,975.7,499.9
36940.0,975.2,499.6
36942.1,976.9,500.4
36946.0,976.1,500.0
36950.0,976.2,500.1
36954.1,976.3,500.2
36958.0,975.7,499.9
36962.0,976.6,500.3
36964.1,975.6,499.8
36966.1,974.2,499.1
36970.1,976.7,500.3
36974.0,977.0,500.5
36976.0,975.0,499.5
36980.1,975.9,499.9
36984.0,975.0,499.5
36986.0,980.3,502.2
36990.1,975.1,499.5
36992.1,974.8,499.4
36994.1,978.3,501.2
36998.1,976.1,500.1
37002.0,976.2,500.1
37004.1,975.1,499.5
37008.1,975.3,499.7
37012.0,977.1,500.6
37014.0,976.9,500.5
37016.0,975.6,499.8
37020.1,975.7,499.9
37024.1,976.5,500.2
37028.0,976.1,500.0
37030.1,975.5,499.7
37034.0,976.5,500.3
37036.1,976.5,500.3
37040.0,976.6,500.3
37042.1,975.7,499.8
37046.0,975.1,499.5
37048.0,977.2,500.6
37050.0,974.6,499.3
37054.1,976.6,500.3
37058.1,976.7,500.3
37062.0,975.9,499.9
37064.1,975.6,499.8
37068.0,975.0,499.5
37070.1,978.2,501.1
37074.0,976.9,500.4
37076.0,974.7,499.4
37078.0,975.8,499.9
37080.1,977.3,500.7
37084.1,974.0,499.0
37088.0,977.7,500.9
37090.1,975.4,499.7
37094.0,976.5,500.3
37098.1,975.4,499.7
37102.1,975.4,499.7
37106.0,977.0,500.5
37108.0,975.7,499.9
37112.0,976.3,500.2
37114.1,974.8,499.4
37116.1,978.0,501.0
37120.0,975.2,499.6
37122.0,976.4,500.2
37124.0,977.1,500.6
37126.1,968.8,496.3
37130.1,979.0,501.5
37132.1,978.2,501.1
37136.0,974.5,499.2
37140.1,976.5,500.3
37144.0,976.2,500.1
37148.1,975.3,499.6
37152.0,976.2,500.1
37156.1,976.7,500.3
37160.0,974.9,499.4
37162.1,978.9,501.5
37166.0,975.1,499.5
37168.0,977.5,500.8
37172.1,975.7,499.9
37176.0,976.1,500.1
37178.0,976.7,500.4
37182.0,976.2,500.1
37186.1,973.8,498.9
37190.1,972.5,498.2
37194.0,981.1,502.6
37196.0,976.5,500.3
37200.0,976.3,500.2
37204.1,976.1,500.1
37208.0,976.6,500.3
37212.0,975.6,499.8
37214.0,975.5,499.7
37216.1,977.4,500.7
37218.1,973.8,498.9
37222.1,976.0,500.0
37226.0,975.7,499.9
37228.0,978.6,501.3
37232.0,976.2,500.1
37234.1,974.6,499.3
37236.1,976.7,500.4
37240.1,975.0,499.5
37244.0,976.9,500.5
37246.1,973.6,498.8
37250.0,977.3,500.7
37254.0,975.9,500.0
37256.0,976.4,500.2
37258.0,975.3,499.6
37262.1,976.0,500.0
37266.0,976.3,500.2
37270.0,975.8,499.9
37272.0,976.0,500.0
37274.0,977.1,500.6
37276.1,976.5,500.2
37280.0,975.3,499.7
37282.0,975.4,499.7
37286.0,976.6,500.3
37288.1,972.5,498.2
37292.1,977.6,500.8
37296.0,976.1,500.1
37298.0,974.9,499.5
37300.0,975.4,499.7
37304.1,976.6,500.3
37308.0,949.6,486.5
37310.0,975.6,499.8
37314.1,975.9,499.9
37318.0,975.1,499.6
37320.0,974.6,499.3
37324.0,976.9,500.4
37328.1,975.8,499.9
37332.0,976.4,500.2
37334.0,975.7,499.9
37338.1,976.8,500.4
37342.0,976.0,500.0
37344.1,976.8,500.4
37348.0,975.9,499.9
37352.1,976.3,500.1
37354.1,975.9,499.9
37356.1,976.1,500.0
37360.0,976.0,500.0
37362.0,976.8,500.4
37364.1,976.0,500.0
37368.0,976.0,500.0
37370.1,975.6,499.8
37374.0,976.0,500.0
37376.1,973.7,498.8
37380.0,977.7,500.9
37384.0,973.7,498.8
37386.1,980.3,502.2
37390.1,976.0,500.0
37394.0,975.7,499.8
37396.0,978.4,501.2
37398.1,976.0,500.0
37402.1,976.0,500.0
37406.0,975.9,499.9
37408.0,973.7,498.8
37410.0,978.0,501.0
37414.1,976.1,500.1
37418.0,976.4,500.2
37422.0,976.1,500.1
37424.1,975.8,499.9
37428.0,976.4,500.2
37432.1,975.7,499.9
37434.1,974.4,499.2
37438.1,977.3,500.7
37442.0,976.2,500.1
37444.0,975.5,499.7
37448.0,975.8,499.9
37450.1,977.2,500.6
37454.1,974.1,499.0
37458.0,977.6,500.8
37462.0,976.4,500.2
37464.0,976.5,500.3
37466.0,976.0,500.0
37470.0,975.5,499.8
37472.0,969.6,496.7
37474.1,980.3,502.2
37478.0,978.1,501.1
37482.0,975.2,499.6
37484.0,977.8,500.9
37488.1,948.8,486.1
37492.1,976.1,500.1
37496.1,974.0,499.0
37500.1,976.5,500.3
37504.1,978.3,501.2
37508.0,975.8,499.9
37510.1,975.8,499.9
37512.1,974.1,499.0
37516.0,977.2,500.6
37518.1,976.8,500.4
37522.1,975.8,499.9
37526.0,975.6,499.8
37530.0,976.6,500.3
37532.1,974.5,499.2
37534.1,977.0,500.5
37536.1,976.1,500.0
37540.1,976.0,500.0
37544.1,976.8,500.4
37548.0,976.1,500.1
37550.0,975.7,499.8
37552.1,974.9,499.5
37556.0,977.1,500.5
37558.0,974.5,499.2
37562.0,975.3,499.6
37564.1,978.1,501.1
37566.1,975.7,499.9
37568.1,975.7,499.8
37572.1,975.3,499.7
37574.1,977.8,500.9
37576.1,975.4,499.7
37580.0,975.0,499.5
37582.1,979.0,501.5
37586.0,976.4,500.2
37588.1,975.7,499.9
37592.1,975.7,499.8
37596.0,975.9,500.0
37598.0,977.0,500.5
37602.1,975.0,499.5
37606.1,970.2,497.0
37610.0,983.2,503.7
37614.0,974.7,499.4
37616.0,978.1,501.1
37620.0,975.8,499.9
37622.1,976.0,500.0
37626.1,975.8,499.9
37628.1,977.9,501.0
37632.1,975.2,499.6
37634.1,975.7,499.9
37638.0,975.9,500.0
37640.1,977.2,500.6
37644.0,976.2,500.1
37648.0,976.3,500.1
37652.1,976.1,500.1
37654.1,975.6,499.8
37658.1,969.8,496.8
37662.0,982.4,503.3
37664.0,975.9,499.9
37668.0,976.7,500.4
37672.0,975.3,499.6
37676.0,976.1,500.0
37680.0,976.1,500.0
37684.0,976.2,500.1
37688.0,976.2,500.1
37690.0,976.1,500.1
37692.0,974.4,499.2
37696.0,976.9,500.5
37698.1,974.9,499.5
37700.1,976.8,500.4
37704.0,976.1,500.0
37708.0,975.1,499.6
37710.0,979.2,501.7
37714.0,976.2,500.1
37718.0,974.9,499.4
37720.1,978.0,501.0
37724.1,975.4,499.7
37728.0,976.3,500.2
37730.0,976.8,500.4
37734.0,975.6,499.8
37736.0,975.4,499.7
37738.0,978.1,501.1
37740.1,975.4,499.7
37744.0,975.2,499.6
37748.1,977.1,500.5
37752.0,975.8,499.9
37756.0,975.7,499.8
37758.1,976.6,500.3
37762.0,975.7,499.8
37766.1,975.5,499.7
37770.0,977.3,500.6
37772.0,975.2,499.6
37776.0,976.4,500.2
37778.1,976.4,500.2
37782.0,976.9,500.5
37784.0,974.3,499.1
37788.0,975.2,499.6
37790.1,977.1,500.6
37794.0,975.9,500.0
37796.1,976.9,500.4
37800.0,976.1,500.1
37804.0,976.4,500.2
37808.0,975.8,499.9
37810.1,976.9,500.5
37814.0,975.5,499.7
37818.0,976.9,500.5
37822.0,976.0,500.0
37824.0,976.1,500.0
37826.1,975.9,499.9
37830.0,976.6,500.3
37832.0,974.5,499.2
37836.1,977.0,500.5
37840.1,975.4,499.7
37844.1,975.4,499.7
37848.1,976.8,500.4
37852.1,976.3,500.1
37856.1,976.3,500.2
37860.0,975.2,499.6
37864.1,976.1,500.0
37868.1,976.3,500.2
37870.1,975.8,499.9
37874.1,976.1,500.1
37878.0,976.5,500.2
37882.1,976.1,500.1
37886.0,976.5,500.3
37888.0,974.4,499.2
37892.1,976.9,500.5
37896.0,974.8,499.4
37898.1,977.9,501.0
37900.1,976.3,500.2
37904.0,975.4,499.7
37906.1,961.1,492.4
37910.0,984.5,504.4
37914.1,974.2,499.1
37918.0,978.2,501.1
37922.0,974.7,499.3
37926.0,976.8,500.4
37928.0,975.9,499.9
37930.1,976.3,500.1
37934.0,975.7,499.8
37938.1,976.9,500.5
37942.0,976.5,500.2
37946.0,976.1,500.0
37948.0,976.3,500.2
37952.0,975.9,500.0
37954.0,976.0,500.0
37958.0,976.0,500.0
37960.1,976.1,500.0
37964.1,976.2,500.1
37968.0,975.7,499.8
37970.1,977.6,500.8
37974.0,974.5,499.2
37978.0,976.7,500.4
37980.0,971.0,497.4
37984.0,978.7,501.4
37988.0,976.4,500.2
37990.0,975.5,499.8
37994.0,976.7,500.4
37998.0,975.6,499.8
38000.1,975.6,499.8
38004.1,976.4,500.2
38008.0,975.7,499.9
38010.0,974.3,499.2
38012.0,979.2,501.7
38014.1,974.5,499.2
38018.0,975.9,500.0
38020.0,976.9,500.4
38022.1,977.0,500.5
38026.0,974.5,499.2
38028.1,978.7,501.4
38032.0,974.2,499.1
38034.0,979.4,501.7
38036.1,971.9,497.9
38038.1,963.9,493.8
38042.0,956.7,490.1
38044.0,974.9,499.4
38046.1,977.7,500.9
38048.1,976.6,500.3
38052.1,974.9,499.5
38054.1,973.8,498.9
38058.0,976.2,500.1
38060.0,978.9,501.5
38064.0,976.9,500.5
38066.0,974.4,499.2
38068.1,976.8,500.4
38070.1,973.4,498.6
38074.1,977.3,500.7
38076.1,975.2,499.6
38080.0,977.1,500.5
38082.0,974.7,499.4
38084.0,971.5,497.7
38088.0,978.2,501.1
38090.1,976.2,500.1
38094.0,976.4,500.2
38098.1,975.2,499.6
38102.0,976.3,500.2
38104.0,976.0,500.0
38106.1,974.5,499.2
38110.0,977.3,500.7
38112.1,974.6,499.3
38114.1,973.8,498.8
38118.1,977.9,501.0
38122.0,976.1,500.1
38124.1,975.1,499.5
38126.1,975.2,499.6
38130.1,976.1,500.1
38134.0,974.8,499.4
38138.0,978.0,501.0
38140.0,974.7,499.3
38142.1,977.1,500.6
38146.0,976.4,500.2
38150.1,975.7,499.9
38154.0,976.5,500.3
38158.0,975.7,499.8
38160.0,975.4,499.7
38162.1,974.3,499.1
38166.0,976.8,500.4
38170.0,976.2,500.1
38172.0,976.4,500.2
38176.1,976.4,500.2
38180.0,976.1,500.0
38182.0,976.1,500.1
38186.1,974.1,499.0
38188.1,976.9,500.5
38190.1,977.7,500.9
38194.0,975.6,499.8
38198.1,977.2,500.6
38202.0,976.1,500.1
38204.1,969.0,496.4
38208.0,951.7,487.6
38210.0,976.5,500.3
38214.1,975.5,499.7
38218.0,974.2,499.1
38222.0,978.7,501.4
38224.0,974.9,499.4
38228.0,976.0,500.0
38230.1,971.8,497.9
38234.0,977.8,500.9
38236.1,976.8,500.4
38240.0,975.5,499.7
38244.0,976.4,500.2
38248.1,975.5,499.7
38252.1,976.6,500.3
38256.0,975.9,500.0
38258.1,974.1,499.0
38262.1,976.6,500.3
38266.0,976.5,500.2
38270.1,974.9,499.5
38274.1,976.1,500.1
38276.1,978.3,501.2
38280.0,975.8,499.9
38282.0,974.9,499.5
38286.0,976.6,500.3
38288.1,975.8,499.9
38292.1,976.1,500.1
38296.0,976.2,500.1
38298.0,974.0,499.0
38300.1,976.4,500.2
38304.0,977.4,500.7
38306.1,974.2,499.1
38310.0,975.9,500.0
38312.0,977.4,500.7
38314.1,975.2,499.6
38318.0,975.0,499.5
38320.0,978.5,501.3
38322.1,975.1,499.6
38326.1,976.5,500.3
38330.0,975.7,499.8
38332.1,975.8,499.9
38336.1,976.3,500.2
38340.1,976.7,500.4
38344.1,974.7,499.3
38348.0,976.1,500.1
38350.1,976.8,500.4
38354.0,976.0,500.0
38356.1,976.1,500.0
38358.1,976.1,500.0
38362.0,976.1,500.1
38366.0,976.3,500.2
38370.0,974.9,499.5
38374.0,976.3,500.2
38376.0,974.1,499.0
38380.0,976.4,500.2
38382.1,976.5,500.2
38386.0,976.6,500.3
38388.0,976.4,500.2
38390.1,975.8,499.9
38394.0,975.3,499.6
38398.0,976.7,500.4
38400.1,971.6,497.7
38404.0,976.8,500.4
38406.1,977.4,500.7
38410.0,976.0,500.0
38412.1,977.2,500.6
38416.1,975.4,499.7
38420.0,976.0,500.0
38422.0,974.0,499.0
38426.0,977.5,500.8
38430.1,974.7,499.3
38434.1,976.8,500.4
38438.1,976.6,500.3
38442.0,975.3,499.7
38446.1,976.0,500.0
38448.1,975.2,499.6
38452.0,976.8,500.4
38454.0,976.5,500.3
38456.0,974.8,499.4
38458.0,976.8,500.4
38460.1,977.4,500.7
38464.0,975.1,499.5
38466.0,976.8,500.4
38468.0,975.7,499.8
38472.1,975.0,499.5
38476.0,977.1,500.5
38478.1,977.6,500.8
38482.0,975.1,499.6
38486.0,976.6,500.3
38488.0,977.2,500.6
38492.1,976.0,500.0
38496.0,976.1,500.0
38500.0,975.5,499.7
38504.0,977.3,500.7
38506.0,974.1,499.0
38510.0,949.5,486.4
38514.1,976.1,500.0
38516.1,975.5,499.8
38520.0,976.7,500.4
38524.0,975.5,499.7
38526.1,976.5,500.3
38528.1,975.6,499.8
38532.1,975.5,499.8
38536.0,974.8,499.4
38538.1,979.2,501.6
38542.0,976.5,500.2
38544.1,975.5,499.8
38548.0,975.6,499.8
38552.0,976.3,500.2
38554.1,975.4,499.7
38558.0,976.2,500.1
38560.1,974.5,499.2
38564.0,976.9,500.5
38566.0,974.7,499.4
38568.0,975.4,499.7
38570.1,972.3,498.1
38574.1,977.0,500.5
38576.1,979.4,501.7
38580.0,975.6,499.8
38582.0,975.5,499.7
38584.1,975.7,499.8
38588.0,976.0,500.0
38590.1,975.8,499.9
38594.1,976.6,500.3
38598.0,975.6,499.8
38600.0,974.7,499.3
38604.1,976.0,500.0
38608.0,976.4,500.2
38612.0,976.5,500.3
38614.0,975.1,499.5
38618.1,976.5,500.3
38622.0,974.7,499.4
38624.0,975.3,499.6
38628.0,977.7,500.9
38632.0,974.8,499.4
38636.0,976.1,500.0
38638.0,976.0,500.0
38640.0,975.3,499.6
38644.1,976.4,500.2
38648.0,975.9,499.9
38652.0,976.0,500.0
38656.0,976.0,500.0
38660.1,976.7,500.3
38662.1,975.6,499.8
38666.0,975.3,499.7
38668.1,975.9,500.0
38672.0,975.9,500.0
38676.0,976.9,500.4
38678.0,974.4,499.2
38682.0,976.2,500.1
38684.1,976.4,500.2
38688.0,975.8,499.9
38690.1,976.1,500.0
38692.1,975.0,499.5
38696.0,976.3,500.2
38698.1,973.6,498.8
38702.0,976.9,500.5
38704.0,975.8,499.9
38706.1,972.3,498.1
38710.0,978.0,501.0
38712.0,976.3,500.1
38716.0,976.2,500.1
38718.0,975.2,499.6
38720.1,975.5,499.7
38724.0,975.7,499.8
38729.7,828.9,424.7
38733.5,978.8,501.5
38735.6,972.6,498.3
38739.6,977.4,500.7
38743.6,975.5,499.8
38747.5,975.2,499.6
38751.5,977.6,500.8
38755.5,975.8,499.9
38759.5,973.8,498.9
38761.5,979.5,501.8
38763.5,975.5,499.8
38765.6,970.5,497.2
38769.6,976.8,500.4
38773.6,975.9,499.9
38775.6,975.9,499.9
38779.6,976.5,500.2
38812.7,550.5,282.0
38816.5,976.0,500.0
38820.5,976.2,500.1
38824.6,976.0,500.0
38828.5,975.4,499.7
38832.5,976.3,500.2
38836.6,975.8,499.9
38840.5,976.2,500.1
38844.5,976.0,500.0
38846.5,974.9,499.4
38850.6,975.8,499.9
38854.6,976.8,500.4
38858.6,975.5,499.7
38860.6,976.5,500.3
38864.5,976.1,500.1
38866.5,974.6,499.3
38870.6,976.1,500.0
38874.5,976.1,500.1
38876.5,974.9,499.4
38880.6,976.9,500.5
38884.6,975.7,499.8
38888.5,976.0,500.0
38892.6,975.8,499.9
38896.6,976.0,500.0
38900.5,975.8,499.9
38904.5,975.8,499.9
38908.5,976.2,500.1
38912.5,975.7,499.9
38916.5,976.2,500.1
38918.6,977.2,500.6
38922.5,976.2,500.1
38926.5,975.5,499.8
38930.5,976.0,500.0
38934.5,975.8,499.9
38938.5,973.9,498.9
38940.6,979.1,501.6
38944.5,976.2,500.1
38946.5,975.2,499.6
38950.6,976.8,500.4
38954.5,974.4,499.2
38958.6,977.2,500.6
38962.5,975.6,499.8
38964.6,977.1,500.5
38968.6,974.7,499.3
38972.6,976.3,500.2
38976.5,975.5,499.7
38978.5,977.4,500.7
38980.5,976.3,500.2
38984.5,976.7,500.4
38988.6,921.6,472.1
38992.6,976.2,500.1
38994.6,976.0,500.0
38998.6,976.4,500.2
39002.6,975.3,499.6
39006.5,976.4,500.2
39008.5,975.4,499.7
39010.6,977.8,500.9
39014.6,975.0,499.5
39018.5,976.1,500.0
39020.6,975.4,499.7
39024.6,976.0,500.0
39028.5,976.6,500.3
39032.5,976.0,500.0
39034.5,976.8,500.4
39036.6,974.8,499.4
39040.6,975.0,499.5
39044.5,977.5,500.7
39046.5,976.3,500.2
39048.6,975.0,499.5
39052.5,975.9,499.9
39054.6,976.8,500.4
39058.5,976.2,500.1
39062.6,975.8,499.9
39066.5,975.4,499.7
39068.5,978.1,501.1
39072.5,976.3,500.2
39074.6,971.0,497.5
39078.5,978.3,501.2
39080.5,975.6,499.8
39084.5,975.8,499.9
39086.6,976.4,500.2
39090.5,976.8,500.4
39092.5,974.6,499.3
39096.5,975.5,499.8
39100.5,976.4,500.2
39102.5,974.1,499.0
39106.5,976.7,500.4
39108.6,975.7,499.8
39112.5,976.1,500.1
39114.5,975.7,499.9
39116.6,975.7,499.8
39120.6,976.4,500.2
39124.6,975.6,499.8
39128.6,975.8,499.9
39130.6,973.0,498.4
39134.5,978.4,501.2
39138.5,975.6,499.8
39142.5,975.7,499.8
39144.5,976.7,500.4
39146.6,975.9,500.0
39150.6,972.8,498.3
39154.5,979.1,501.6
39156.6,973.6,498.8
39160.5,977.3,500.6
39164.5,976.5,500.2
39168.5,976.3,500.1
39170.5,973.0,498.5
39174.6,976.8,500.4
39178.5,975.5,499.7
39182.5,976.4,500.2
39184.5,975.7,499.8
39186.6,977.6,500.8
39190.5,975.7,499.9
39192.6,972.3,498.1
39196.5,977.6,500.8
39200.6,976.4,500.2
39204.6,975.7,499.9
39208.5,976.1,500.0
39210.5,974.1,499.0
39214.5,976.9,500.5
39216.5,975.6,499.8
39220.5,976.7,500.3
39222.5,975.7,499.9
39224.6,976.2,500.1
39226.6,976.3,500.1
39230.5,976.1,500.1
39232.6,975.0,499.5
39234.6,976.7,500.3
39238.5,975.8,499.9
39242.6,976.3,500.2
39246.5,975.3,499.7
39248.5,977.1,500.6
39252.5,976.4,500.2
39254.5,967.3,495.5
39258.6,978.8,501.4
39262.5,977.7,500.9
39266.6,975.1,499.5
39270.5,975.4,499.7
39272.5,977.4,500.7
39274.5,977.3,500.7
39276.6,975.2,499.6
39280.5,974.6,499.3
39284.5,977.7,500.9
39288.5,947.7,485.5
39290.5,977.3,500.7
39292.6,975.7,499.9
39296.6,976.8,500.4
39300.5,972.2,498.1
39304.6,979.1,501.6
39306.6,972.7,498.3
39310.5,977.0,500.5
39314.5,977.0,500.5
39316.6,975.2,499.6
39320.5,975.1,499.5
39322.5,976.3,500.2
39324.5,977.4,500.7
39328.6,974.4,499.2
39332.6,977.2,500.6
39334.6,971.2,497.6
39338.5,979.4,501.7
39340.6,974.9,499.4
39344.5,976.5,500.3
39348.5,974.5,499.3
39352.6,976.4,500.2
39356.5,976.6,500.3
39360.5,974.9,499.4
39362.6,975.2,499.6
39366.5,976.5,500.2
39370.6,976.4,500.2
39372.6,974.6,499.3
39376.5,976.9,500.4
39380.5,976.4,500.2
39382.6,975.3,499.7
39384.6,973.7,498.8
39386.6,975.6,499.8
39390.5,977.3,500.6
39392.5,976.4,500.2
39396.6,976.5,500.3
39400.6,975.4,499.7
39404.6,976.7,500.3
39408.6,948.5,485.9
39412.5,976.6,500.3
39414.5,976.0,500.0
39418.5,975.8,499.9
39420.6,973.8,498.9
39422.6,978.2,501.1
39426.6,976.1,500.0
39430.6,975.8,499.9
39434.5,976.5,500.2
39436.5,974.9,499.4
39438.5,976.5,500.3
39440.6,977.3,500.7
39444.5,974.9,499.4
39448.6,976.5,500.3
39452.5,977.3,500.7
39456.5,974.5,499.2
39458.5,978.2,501.1
39462.5,976.6,500.3
39464.5,976.1,500.1
39468.5,975.4,499.7
39470.6,976.7,500.3
39474.6,975.4,499.7
39478.5,976.7,500.3
39482.6,974.9,499.4
39486.6,976.8,500.4
39490.6,976.3,500.2
39494.5,975.8,499.9
39498.6,976.2,500.1
39502.5,974.7,499.3
39504.5,976.5,500.2
39506.6,977.9,501.0
39510.5,976.1,500.1
39512.5,977.4,500.7
39514.5,972.9,498.4
39518.6,976.6,500.3
39522.5,976.6,500.3
39524.5,974.6,499.3
39528.5,976.7,500.4
39532.5,976.1,500.0
39534.5,975.2,499.6
39538.6,976.1,500.1
39542.6,976.0,500.0
39544.6,975.8,499.9
39548.6,976.6,500.3
39552.6,975.8,499.9
39556.5,973.9,498.9
39558.6,979.7,501.9
39562.5,975.1,499.6
39566.5,977.0,500.5
39570.6,975.7,499.8
39572.6,976.9,500.5
39576.5,976.1,500.0
39578.5,975.3,499.6
39582.5,976.3,500.1
39586.5,976.1,500.1
39588.5,972.0,497.9
39590.6,977.6,500.8
39594.6,977.2,500.6
39598.5,975.4,499.7
39600.6,971.4,497.7
39604.5,978.1,501.1
39606.6,976.5,500.3
39610.6,976.4,500.2
39614.5,975.2,499.6
39616.5,975.7,499.9
39620.6,977.3,500.7
39622.6,975.3,499.6
39626.5,976.1,500.1
39628.5,972.8,498.3
39630.6,978.0,501.0
39634.5,977.5,500.7
39636.6,975.0,499.5
39640.5,975.0,499.5
39644.5,975.9,499.9
39646.5,979.6,501.8
39650.6,975.4,499.7
39652.6,974.9,499.4
39656.5,976.8,500.4
39658.6,976.1,500.0
39660.6,977.0,500.5
39664.5,973.3,498.6
39666.5,980.3,502.2
39668.5,975.8,499.9
39672.5,974.1,499.0
39676.5,977.7,500.9
39678.5,977.0,500.5
39680.5,976.1,500.0
39684.6,976.5,500.2
39688.5,976.3,500.2
39690.5,973.5,498.7
39694.5,977.4,500.7
39696.5,974.8,499.4
39700.5,976.0,500.0
39702.6,976.3,500.1
39706.5,976.3,500.1
39710.5,976.5,500.3
39714.5,975.6,499.8
39718.6,975.0,499.5
39722.5,977.8,500.9
39724.6,977.2,500.6
39728.6,975.6,499.8
39732.5,976.0,500.0
39736.5,975.9,499.9
39738.5,976.4,500.2
39740.5,975.4,499.7
39744.5,974.2,499.1
39746.5,979.8,502.0
39748.5,975.0,499.5
39752.6,976.9,500.5
39756.5,975.6,499.8
39758.6,975.4,499.7
39762.5,976.4,500.2
39764.5,976.1,500.0
39768.5,976.1,500.0
39770.5,976.7,500.3
39774.6,976.3,500.1
39778.5,975.5,499.8
39782.5,974.9,499.4
39784.5,978.0,501.0
39786.6,975.1,499.6
39790.6,976.2,500.1
39794.5,976.7,500.4
39796.5,975.6,499.8
39798.6,976.1,500.1
39802.6,975.7,499.9
39806.6,976.5,500.2
39810.5,976.3,500.1
39812.5,974.6,499.3
39814.6,975.6,499.8
39818.5,976.6,500.3
39822.6,975.8,499.9
39826.5,976.4,500.2
39828.6,976.6,500.3
39832.6,976.0,500.0
39836.5,974.8,499.4
39838.5,978.2,501.1
39840.5,973.0,498.5
39844.6,977.4,500.7
39848.5,975.5,499.7
39850.6,976.3,500.1
39854.5,976.4,500.2
39858.5,974.3,499.1
39862.5,977.2,500.6
39864.6,977.8,500.9
39868.5,973.7,498.8
39872.6,976.2,500.1
39876.5,977.9,501.0
39878.6,973.2,498.6
39882.5,976.5,500.3
39884.5,977.0,500.5
39886.6,973.8,498.8
39890.5,976.6,500.3
39892.5,975.5,499.8
39896.5,975.4,499.7
39898.6,977.3,500.7
39902.5,975.8,499.9
39906.5,974.8,499.4
39910.5,977.7,500.8
39912.5,974.1,499.0
39916.6,977.8,500.9
39920.5,973.1,498.5
39922.5,980.5,502.3
39924.6,975.7,499.8
39926.6,975.8,499.9
39928.6,977.4,500.7
39932.5,976.0,500.0
39934.6,974.6,499.3
39938.5,976.6,500.3
39940.6,977.1,500.5
39944.5,975.6,499.8
39946.5,975.1,499.5
39950.5,975.9,500.0
39954.6,976.8,500.4
39958.5,974.8,499.4
39960.6,975.8,499.9
39964.5,976.3,500.2
39968.5,976.4,500.2
39970.5,976.1,500.1
39974.5,973.8,498.9
39976.6,980.8,502.5
39980.6,975.6,499.8
39982.6,972.9,498.4
39984.6,980.4,502.3
39988.6,974.4,499.2
39992.5,977.3,500.7
39994.6,976.6,500.3
39998.5,975.8,499.9
40000.5,975.2,499.6
40004.6,976.3,500.2
40008.6,973.7,498.8
40012.5,978.5,501.3
40014.5,976.4,500.2
40018.6,977.0,500.5
40020.6,967.1,495.4
40024.5,978.8,501.4
40026.6,977.4,500.7
40030.5,976.8,500.4
40034.5,973.9,498.9
40038.5,976.6,500.3
40040.5,978.9,501.5
40042.5,976.8,500.4
40046.5,975.6,499.8
40050.5,975.4,499.7
40054.6,976.3,500.2
40056.6,976.1,500.1
40060.6,976.2,500.1
40064.6,975.5,499.7
40066.6,976.9,500.5
40070.5,948.9,486.1
40072.6,975.7,499.9
40076.5,976.5,500.3
40078.5,973.2,498.6
40080.5,976.9,500.4
40084.5,977.1,500.5
40088.5,974.8,499.4
40090.5,978.8,501.4
40094.5,975.1,499.5
40096.5,976.0,500.0
40100.5,976.0,500.0
40104.5,975.9,500.0
40108.5,976.4,500.2
40112.5,976.5,500.2
40116.6,975.0,499.5
40120.5,974.7,499.3
40124.6,977.3,500.7
40128.5,976.5,500.2
40130.5,975.4,499.7
40134.5,976.6,500.3
40138.6,975.2,499.6
40142.5,975.3,499.7
40146.6,977.1,500.6
40150.5,976.5,500.2
40152.5,974.7,499.3
40156.6,976.1,500.1
40160.5,975.7,499.8
40162.5,977.6,500.8
40166.5,975.4,499.7
40170.5,976.5,500.3
40172.6,975.1,499.5
40176.5,976.6,500.3
40178.6,974.9,499.4
40182.5,976.3,500.2
40184.5,972.5,498.2
40186.5,978.0,501.0
40188.6,976.4,500.2
40192.6,976.3,500.1
40196.5,976.0,500.0
40200.5,975.6,499.8
40202.5,976.5,500.3
40204.5,975.6,499.8
40206.5,976.7,500.4
40208.5,974.0,499.0
40212.5,976.9,500.5
40216.5,975.1,499.5
40218.6,978.8,501.4
40222.5,976.0,500.0
40226.5,975.9,499.9
40230.6,975.1,499.5
40234.5,977.5,500.8
40236.6,973.7,498.8
40240.5,975.6,499.8
40242.6,976.8,500.4
40246.5,976.0,500.0
40248.5,975.5,499.7
40250.6,977.7,500.9
40254.6,975.2,499.6
40258.5,976.6,500.3
40262.5,976.2,500.1
40264.5,975.8,499.9
40268.5,976.0,500.0
40270.5,975.8,499.9
40274.5,976.4,500.2
40276.5,974.9,499.5
40278.5,975.4,499.7
40282.5,976.4,500.2
40286.5,976.7,500.4
40288.5,975.3,499.7
40292.5,976.5,500.3
40294.5,975.4,499.7
40298.6,974.7,499.3
40302.5,976.5,500.3
40304.5,975.4,499.7
40306.5,975.4,499.7
40308.6,969.1,496.4
40312.6,980.5,502.3
40314.6,977.3,500.7
40318.5,975.3,499.6
40322.6,976.1,500.1
40326.5,976.8,500.4
40328.6,974.7,499.3
40330.6,976.7,500.4
40334.5,976.0,500.0
40336.6,975.5,499.8
40340.6,976.0,500.0
40344.5,976.3,500.1
40346.5,975.8,499.9
40348.6,973.5,498.7
40352.5,977.1,500.5
40354.6,976.1,500.1
40358.6,976.2,500.1
40362.5,975.9,500.0
40366.5,976.0,500.0
40368.6,962.1,492.9
40372.5,983.3,503.8
40374.6,976.2,500.1
40378.6,974.8,499.4
40382.5,974.2,499.1
40384.5,980.5,502.3
40386.5,975.2,499.6
40390.5,975.5,499.7
40392.5,976.8,500.4
40394.5,976.2,500.1
40396.5,977.7,500.9
40400.5,975.9,500.0
40404.5,976.4,500.2
40408.5,975.9,500.0
40410.5,977.0,500.5
40414.5,975.0,499.5
40416.6,976.0,500.0
40420.6,976.8,500.4
40424.5,975.9,499.9
40426.5,975.8,499.9
40430.5,976.8,500.4
40432.5,976.0,500.0
40436.6,976.0,500.0
40440.6,975.7,499.8
40444.6,975.8,499.9
40446.6,973.6,498.8
40450.6,977.1,500.6
40454.5,976.0,500.0
40456.5,977.0,500.5
40458.6,975.6,499.8
40462.5,975.8,499.9
40464.5,977.4,500.7
40466.6,976.0,500.0
40470.5,975.8,499.9
40474.5,976.3,500.2
40478.5,975.7,499.8
40480.5,974.3,499.1
40484.5,977.8,500.9
40488.5,970.1,497.0
40490.5,986.7,505.5
40494.6,975.5,499.8
40496.6,975.8,499.9
40500.6,976.0,500.0
40504.6,976.2,500.1
40508.5,975.1,499.6
40512.5,977.3,500.7
40514.5,975.1,499.5
40516.5,975.4,499.7
40520.6,975.0,499.5
40522.6,977.2,500.6
40526.5,976.7,500.3
40530.5,975.6,499.8
40534.5,975.6,499.8
40538.6,977.1,500.6
40540.6,973.6,498.8
40544.5,976.0,500.0
40546.6,977.9,501.0
40548.6,958.4,491.0
40552.5,958.7,491.1
40554.6,975.3,499.6
40558.5,975.1,499.5
40562.6,976.5,500.2
40564.6,977.1,500.6
40568.5,975.9,499.9
40570.6,975.8,499.9
40574.6,974.9,499.5
40578.6,977.0,500.5
40580.6,977.6,500.8
40584.5,975.9,499.9
40586.5,974.7,499.3
40590.5,976.4,500.2
40592.6,976.2,500.1
40596.6,975.6,499.8
40600.5,976.0,500.0
40602.5,975.4,499.7
40606.6,976.1,500.1
40608.6,965.6,494.7
40612.5,981.6,502.9
40614.5,977.8,500.9
40618.5,975.8,499.9
40620.6,976.6,500.3
40622.6,974.7,499.3
40626.5,976.7,500.3
40628.5,970.6,497.2
40632.6,978.4,501.2
40636.6,975.9,499.9
40640.5,974.8,499.4
40642.5,977.9,501.0
40646.6,976.7,500.3
40648.6,971.2,497.5
40652.6,977.7,500.9
40656.5,976.0,500.0
40660.6,976.4,500.2
40664.6,975.8,499.9
40668.5,973.0,498.5
40670.5,983.3,503.7
40674.5,974.2,499.1
40676.5,978.8,501.4
40680.6,975.9,499.9
40684.5,976.2,500.1
40686.5,975.0,499.5
40690.6,975.9,499.9
40694.6,976.0,500.0
40698.5,976.6,500.3
40700.6,976.7,500.4
40704.5,976.0,500.0
40706.5,975.9,499.9
40708.6,976.3,500.2
40710.6,975.4,499.7
40714.6,976.3,500.2
40718.5,974.5,499.2
40720.6,978.5,501.3
40724.5,976.0,500.0
40726.6,976.0,500.0
40730.5,976.1,500.1
40734.6,976.0,500.0
40738.5,976.3,500.2
40740.6,976.4,500.2
40744.5,975.1,499.5
40748.6,976.8,500.4
40752.5,976.3,500.2
40754.5,974.8,499.4
40758.5,976.2,500.1
40760.6,977.6,500.8
40764.6,974.4,499.2
40768.6,975.4,499.7
40770.6,978.3,501.2
40774.5,976.9,500.4
40776.6,975.4,499.7
40780.6,975.7,499.8
40784.5,976.3,500.1
40788.6,974.6,499.3
40792.5,977.2,500.6
40794.5,977.6,500.8
40798.5,975.2,499.6
40800.5,976.2,500.1
40804.5,976.0,500.0
40806.5,976.1,500.1
40808.6,976.6,500.3
40812.6,976.2,500.1
40816.5,974.8,499.4
40820.5,975.4,499.7
40822.5,979.4,501.8
40826.5,975.2,499.6
40828.6,976.8,500.4
40830.6,975.5,499.7
40834.5,976.0,500.0
40836.5,977.0,500.5
40838.6,976.1,500.1
40842.5,975.8,499.9
40844.6,975.5,499.7
40848.6,974.1,499.0
40852.5,977.1,500.6
40856.5,976.8,500.4
40860.5,976.5,500.2
40862.5,975.7,499.8
40864.6,976.3,500.1
40866.6,974.9,499.4
40870.5,976.8,500.4
40874.6,975.8,499.9
40878.5,976.5,500.2
40882.5,975.2,499.6
40886.5,976.1,500.1
40888.5,976.9,500.5
40890.6,975.0,499.5
40894.5,975.7,499.8
40896.5,976.8,500.4
40898.5,974.2,499.1
40902.5,977.0,500.5
40904.6,972.9,498.4
40908.5,977.5,500.8
40910.6,972.9,498.4
40914.5,977.4,500.7
40916.5,977.5,500.8
40918.6,970.6,497.3
40922.6,976.5,500.3
40926.5,974.7,499.3
40928.6,981.1,502.6
40930.6,973.5,498.7
40934.5,977.9,501.0
40938.6,975.2,499.6
40940.6,978.4,501.2
40944.6,973.7,498.8
40948.5,976.5,500.3
40950.5,977.7,500.9
40954.5,976.6,500.3
40956.6,973.7,498.8
40960.5,977.4,500.7
40962.5,974.3,499.1
40966.5,977.1,500.6
40970.5,975.8,499.9
40974.5,975.3,499.6
40978.6,976.6,500.3
40982.5,976.3,500.2
40984.5,974.5,499.2
40988.6,976.5,500.3
40992.5,973.8,498.9
40994.5,979.2,501.7
40998.5,976.1,500.0
41002.5,974.7,499.3
41004.6,979.0,501.6
41008.5,973.7,498.8
41010.6,979.2,501.6
41014.5,976.9,500.5
41016.6,973.7,498.8
41020.5,975.9,499.9
41024.5,977.3,500.6
41026.5,973.1,498.5
41030.6,976.9,500.5
41034.6,976.7,500.3
41038.5,975.4,499.7
41040.6,977.4,500.7
41044.5,974.7,499.3
41046.5,976.9,500.5
41050.5,975.1,499.5
41054.5,977.5,500.8
41056.5,975.7,499.9
41058.6,972.7,498.3
41062.5,977.3,500.6
41064.6,970.1,497.0
41068.5,977.6,500.8
41070.6,978.7,501.4
41074.5,976.1,500.1
41078.5,975.4,499.7
41080.6,974.0,499.0
41084.5,977.3,500.6
41086.5,975.5,499.8
41088.6,975.8,499.9
41092.6,975.5,499.7
41096.5,976.7,500.3
41098.5,976.0,500.0
41102.5,976.2,500.1
41104.5,970.1,497.0
41108.5,976.9,500.4
41110.6,976.1,500.0
41114.5,975.8,499.9
41118.5,978.1,501.1
41120.5,976.0,500.0
41122.5,975.3,499.7
41126.5,976.3,500.1
41128.6,975.0,499.5
41132.5,976.9,500.5
41134.6,973.9,498.9
41138.5,975.8,499.9
41142.5,976.1,500.0
41144.5,976.3,500.2
41148.6,976.6,500.3
41150.6,976.8,500.4
41154.5,975.7,499.8
41156.6,975.3,499.7
41160.5,975.9,500.0
41162.5,975.7,499.8
41166.6,976.6,500.3
41168.6,975.2,499.6
41172.5,975.9,500.0
41174.5,976.8,500.4
41176.5,972.3,498.1
41180.6,978.2,501.1
41184.6,975.9,500.0
41188.6,975.6,499.8
41192.6,975.7,499.8
41196.5,975.6,499.8
41198.6,976.3,500.1
41202.5,975.7,499.8
41206.5,977.3,500.6
41210.6,975.3,499.6
41214.5,976.5,500.3
41216.5,976.1,500.1
41220.6,975.2,499.6
41224.5,976.7,500.4
41226.5,975.4,499.7
41228.6,976.2,500.1
41232.5,975.6,499.8
41236.6,976.7,500.4
41238.6,975.0,499.5
41242.5,976.3,500.1
41244.5,976.2,500.1
41248.5,976.6,500.3
41250.5,973.8,498.9
41252.5,974.0,499.0
41256.6,977.5,500.8
41260.6,975.6,499.8
41262.6,973.5,498.7
41266.5,977.6,500.8
41268.5,976.9,500.4
41270.5,974.3,499.1
41274.5,976.6,500.3
41278.5,976.1,500.0
41280.6,974.6,499.3
41284.6,976.8,500.4
41288.5,974.5,499.2
41292.6,976.7,500.4
41296.5,976.3,500.1
41300.6,976.6,500.3
41302.6,975.4,499.7
41306.6,975.8,499.9
41310.5,976.1,500.1
41314.5,976.6,500.3
41318.6,975.2,499.6
41322.6,976.8,500.4
41324.6,976.7,500.4
41326.6,971.0,497.5
41330.5,977.5,500.8
41332.5,974.5,499.2
41336.5,976.6,500.3
41340.5,976.7,500.4
41342.5,974.6,499.3
41344.6,976.2,500.1
41348.5,975.7,499.8
41350.6,973.6,498.8
41354.5,977.9,501.0
41358.5,976.0,500.0
41362.6,975.6,499.8
41366.5,977.1,500.5
41368.6,970.8,497.3
41372.6,977.7,500.9
41376.5,976.3,500.1
41378.5,975.6,499.8
41380.5,975.6,499.8
41384.5,976.6,500.3
41388.6,975.5,499.7
41392.5,976.1,500.1
41394.6,975.3,499.6
41398.5,976.4,500.2
41400.6,975.1,499.6
41404.5,975.9,500.0
41408.5,976.4,500.2
41412.6,976.6,500.3
41416.5,975.5,499.8
41418.5,973.6,498.8
41422.5,977.8,500.9
41424.5,974.3,499.1
41428.5,976.5,500.3
41430.5,973.1,498.5
41432.5,978.9,501.5
41434.6,975.1,499.6
41436.6,976.7,500.4
41440.5,976.0,500.0
41442.5,975.9,499.9
41444.5,973.1,498.5
41446.6,979.1,501.6
41450.6,975.9,500.0
41452.6,974.7,499.3
41456.5,976.6,500.3
41458.5,976.5,500.2
41462.5,975.9,500.0
41464.6,976.5,500.3
41468.5,976.2,500.1
41470.5,975.7,499.9
41472.5,975.3,499.6
41474.6,977.8,500.9
41478.5,975.6,499.8
41480.6,975.3,499.7
41482.6,976.5,500.2
41486.6,975.8,499.9
41490.5,976.4,500.2
41492.5,977.0,500.5
41496.6,975.1,499.5
41500.6,976.0,500.0
41504.5,977.6,500.8
41506.6,972.2,498.1
41510.6,948.9,486.1
41514.6,977.3,500.6
41518.5,975.7,499.8
41522.5,976.7,500.4
41524.5,976.2,500.1
41526.6,973.7,498.8
41530.5,976.7,500.3
41532.5,975.7,499.8
41534.6,976.0,500.0
41538.5,975.4,499.7
41540.6,977.1,500.6
41544.5,976.5,500.3
41548.5,976.2,500.1
41550.6,973.9,498.9
41554.5,976.8,500.4
41558.6,976.0,500.0
41562.5,975.8,499.9
41564.6,976.1,500.1
41568.5,976.5,500.3
41570.5,972.0,498.0
41574.6,977.0,500.5
41578.6,975.9,500.0
41582.5,976.1,500.1
41584.5,977.2,500.6
41588.5,975.6,499.8
41592.5,976.2,500.1
41594.6,975.1,499.6
41598.5,976.2,500.1
41600.5,976.3,500.1
41602.6,974.9,499.5
41606.6,976.3,500.2
41610.5,976.0,500.0
41612.6,976.7,500.4
41614.6,974.8,499.4
41616.6,975.5,499.8
41620.6,975.8,499.9
41622.6,977.5,500.8
41626.5,975.5,499.8
41628.5,976.4,500.2
41632.6,971.7,497.8
41636.6,980.6,502.3
41640.6,974.5,499.2
41644.6,977.4,500.7
41648.5,975.6,499.8
41650.5,976.5,500.3
41654.5,976.2,500.1
41656.5,976.1,500.0
41660.5,975.5,499.7
41664.5,975.9,499.9
41668.5,976.4,500.2
41672.5,974.6,499.3
41674.5,977.4,500.7
41678.5,976.1,500.0
41682.5,975.9,500.0
41684.6,976.1,500.0
41688.5,975.3,499.6
41690.6,978.0,501.0
41694.5,975.9,500.0
41696.6,975.8,499.9
41700.5,976.0,500.0
41702.6,976.0,500.0
41706.6,975.6,499.8
41710.5,975.8,499.9
41714.5,976.5,500.3
41718.5,975.7,499.8
41720.5,975.4,499.7
41724.5,975.4,499.7
41726.5,974.9,499.5
41730.5,977.5,500.8
41734.5,975.9,500.0
41736.5,973.6,498.8
41738.5,978.9,501.5
41742.5,976.1,500.0
41744.5,975.1,499.5
41748.5,976.4,500.2
41750.6,971.6,497.8
41754.5,976.9,500.5
41758.6,976.9,500.5
41762.6,975.1,499.6
41766.5,975.7,499.9
41768.5,977.2,500.6
41770.6,976.3,500.2
41774.5,975.0,499.5
41776.5,976.9,500.4
41778.6,974.5,499.2
41782.6,975.9,500.0
41786.5,975.9,500.0
41788.5,976.3,500.1
41792.6,975.5,499.7
41796.5,975.3,499.7
41800.6,977.2,500.6
41804.5,975.6,499.8
41806.6,974.2,499.1
41810.6,974.8,499.4
41814.5,977.1,500.5
41818.5,975.6,499.8
41822.5,976.1,500.1
41826.5,975.3,499.6
41830.5,973.4,498.7
41832.5,982.7,503.4
41834.5,976.0,500.0
41836.6,975.7,499.8
41838.6,975.3,499.6
41842.5,975.5,499.7
41844.5,978.4,501.2
41848.5,975.9,500.0
41852.5,975.7,499.8
41856.5,975.7,499.8
41860.5,976.2,500.1
41862.5,975.5,499.7
41866.5,975.4,499.7
41870.6,977.0,500.5
41874.5,975.4,499.7
41876.5,976.8,500.4
41878.5,976.0,500.0
41880.5,975.5,499.7
41882.5,975.2,499.6
41886.6,976.9,500.5
41890.5,976.3,500.1
41894.5,974.7,499.3
41898.5,976.9,500.4
41900.6,976.4,500.2
41904.5,975.6,499.8
41906.6,973.9,498.9
41910.5,977.2,500.6
41914.5,975.1,499.5
41918.5,976.6,500.3
41920.6,973.4,498.7
41922.6,976.8,500.4
41926.5,974.8,499.4
41928.6,979.9,502.0
41932.5,976.1,500.0
41934.5,976.1,500.0
41938.5,974.9,499.4
41942.6,977.1,500.5
41946.5,975.0,499.5
41950.5,976.9,500.5
41952.5,975.7,499.8
41954.5,974.1,499.0
41958.5,976.2,500.1
41962.6,976.1,500.1
41966.6,976.4,500.2
41970.5,975.1,499.6
41972.6,975.4,499.7
41976.5,976.8,500.4
41980.6,975.6,499.8
41984.5,974.9,499.4
41988.5,976.1,500.0
41992.5,949.7,486.5
41996.6,977.1,500.6
42000.6,975.3,499.6
42004.5,974.4,499.2
42008.5,977.4,500.7
42012.5,975.5,499.8
42016.5,976.2,500.1
42018.5,975.4,499.7
42022.5,976.2,500.1
42026.5,975.3,499.7
42030.5,976.1,500.0
42032.6,973.0,498.5
42036.6,977.6,500.8
42040.6,975.6,499.8
42044.6,975.0,499.5
42048.5,977.1,500.6
42050.5,973.1,498.5
42054.5,977.4,500.7
42058.5,975.9,500.0
42060.5,975.8,499.9
42062.5,976.0,500.0
42066.5,975.7,499.8
42068.5,975.1,499.5
42072.5,976.4,500.2
42076.5,974.1,499.0
42078.6,979.3,501.7
42082.5,974.6,499.3
42086.6,977.6,500.8
42088.6,974.1,499.0
42092.5,975.4,499.7
42094.5,980.1,502.1
42096.6,974.7,499.3
42100.5,974.9,499.4
42102.5,980.0,502.1
42106.5,975.7,499.8
42108.5,976.5,500.3
42112.5,976.0,500.0
42116.5,976.0,500.0
42118.5,975.2,499.6
42122.5,975.3,499.7
42126.5,977.2,500.6
42130.5,975.5,499.7
42132.6,977.2,500.6
42136.5,975.5,499.7
42140.5,976.2,500.1
42144.6,975.9,500.0
42148.6,976.5,500.2
42152.5,973.7,498.8
42156.5,978.3,501.2
42158.6,976.5,500.3
42162.5,975.6,499.8
42166.5,976.8,500.4
42170.6,975.8,499.9
42174.5,975.9,499.9
42176.5,977.7,500.8
42180.6,975.5,499.8
42182.6,975.7,499.9
42186.5,976.7,500.4
42190.5,975.7,499.9
42192.6,974.5,499.2
42196.6,975.3,499.6
42200.5,977.8,500.9
42202.6,976.3,500.1
42206.5,976.1,500.0
42210.5,975.3,499.7
42214.5,976.8,500.4
42216.5,976.6,500.3
42220.5,975.5,499.8
42224.5,976.9,500.5
42226.5,975.8,499.9
42230.5,974.9,499.4
42234.5,976.8,500.4
42238.5,976.0,500.0
42242.5,976.5,500.3
42246.5,975.7,499.8
42250.6,974.8,499.4
42254.5,977.8,500.9
42256.5,975.5,499.7
42260.5,976.7,500.4
42262.6,973.5,498.7
42266.5,976.6,500.3
42268.5,977.3,500.7
42272.5,974.8,499.4
42276.5,976.6,500.3
42280.5,975.4,499.7
42284.6,976.7,500.3
42288.6,975.6,499.8
42292.5,976.8,500.4
42296.5,976.6,500.3
42300.6,974.7,499.3
42304.5,977.1,500.6
42308.6,975.8,499.9
42312.5,976.9,500.5
42314.5,976.9,500.5
42318.5,975.4,499.7
42320.5,976.4,500.2
42324.5,976.0,500.0
42326.6,972.6,498.2
42328.6,980.0,502.1
42332.5,974.1,499.0
42334.5,978.8,501.4
42338.6,976.3,500.2
42342.5,976.3,500.2
42344.6,975.6,499.8
42346.6,975.7,499.8
42350.5,975.9,499.9
42352.5,976.7,500.4
42354.5,976.5,500.3
42356.6,975.9,499.9
42358.6,975.7,499.8
42362.6,976.3,500.1
42366.5,976.6,500.3
42368.6,975.0,499.5
42372.5,974.3,499.1
42374.6,979.1,501.6
42376.6,976.4,500.2
42378.6,977.7,500.9
42382.6,972.8,498.4
42386.6,976.3,500.2
42388.6,976.7,500.4
42390.6,979.1,501.6
42394.5,976.7,500.4
42398.5,975.4,499.7
42402.5,976.8,500.4
42404.6,976.0,500.0
42406.6,974.3,499.1
42410.6,975.6,499.8
42414.5,976.8,500.4
42416.6,976.2,500.1
42420.5,976.6,500.3
42422.5,974.5,499.2
42424.5,976.1,500.0
42426.5,977.2,500.6
42430.5,975.3,499.7
42432.5,975.0,499.5
42434.6,978.0,501.0
42438.5,973.4,498.7
42440.5,980.8,502.5
42444.6,975.9,500.0
42448.5,975.3,499.6
42450.6,976.8,500.4
42454.6,976.3,500.2
42458.5,976.1,500.0
42460.6,976.7,500.4
42462.6,974.8,499.4
42466.5,975.6,499.8
42470.5,974.3,499.2
42474.6,977.6,500.8
42478.5,976.1,500.1
42480.6,976.8,500.4
42484.6,976.3,500.2
42488.5,976.0,500.0
42490.6,973.3,498.6
42494.6,977.5,500.8
42498.5,975.7,499.8
42500.5,976.5,500.2
42502.5,971.0,497.5
42506.5,978.0,501.0
42510.5,975.6,499.8
42512.5,976.7,500.4
42516.5,976.1,500.1
42518.5,973.8,498.9
42522.5,976.6,500.3
42524.5,976.6,500.3
42526.6,976.3,500.1
42530.6,973.5,498.7
42534.5,978.2,501.1
42536.6,976.6,500.3
42540.5,975.9,499.9
42542.6,976.7,500.4
42546.5,974.5,499.2
42548.5,978.5,501.3
42550.6,971.7,497.8
42554.5,977.5,500.7
42556.5,975.5,499.7
42560.5,976.1,500.0
42562.5,976.3,500.2
42564.5,977.4,500.7
42566.5,974.7,499.3
42570.5,975.8,499.9
42572.5,974.9,499.4
42574.5,977.9,501.0
42576.6,976.1,500.1
42580.6,975.9,500.0
42584.5,975.4,499.7
42586.5,977.2,500.6
42588.5,975.4,499.7
42592.6,974.5,499.2
42596.5,977.6,500.8
42598.5,976.2,500.1
42600.6,975.0,499.5
42604.6,975.7,499.8
42608.5,975.8,499.9
42610.5,976.7,500.4
42614.5,976.4,500.2
42616.6,976.0,500.0
42620.6,975.7,499.8
42624.6,974.9,499.4
42628.5,977.1,500.6
42630.6,975.7,499.9
42634.5,973.9,498.9
42636.6,978.7,501.4
42640.5,975.9,500.0
42642.5,977.3,500.7
42644.6,973.9,498.9
42646.6,976.2,500.1
42650.5,974.7,499.3
42652.5,979.2,501.7
42656.5,976.4,500.2
42660.5,975.7,499.8
42662.5,974.2,499.1
42664.5,977.6,500.8
42668.5,975.6,499.8
42670.5,976.3,500.2
42672.5,974.1,499.0
42674.6,980.2,502.1
42678.6,975.0,499.5
42682.6,976.9,500.5
42686.5,975.3,499.6
42690.5,976.0,500.0
42692.5,976.0,500.0
42696.5,975.8,499.9
42700.6,976.3,500.1
42704.5,973.9,498.9
42706.5,980.4,502.3
42708.5,977.3,500.7
42712.5,975.3,499.6
42716.5,975.8,499.9
42720.6,976.0,500.0
42724.6,975.3,499.6
42726.6,977.1,500.6
42730.6,976.1,500.0
42734.6,976.4,500.2
42738.5,975.5,499.7
42740.5,973.2,498.6
42744.6,976.5,500.3
42748.5,976.8,500.4
42752.5,976.7,500.4
42754.5,974.1,499.0
42756.5,977.5,500.8
42758.6,975.3,499.6
42762.5,975.6,499.8
42764.6,976.8,500.4
42768.5,975.6,499.8
42770.6,976.3,500.1
42774.6,975.4,499.7
42778.5,977.1,500.6
42780.6,972.0,498.0
42784.5,978.1,501.1
42786.5,976.2,500.1
42790.5,974.0,499.0
42792.6,980.5,502.3
42796.5,975.7,499.9
42798.5,976.0,500.0
42800.6,975.2,499.6
42802.6,977.5,500.8
42806.5,975.3,499.6
42810.6,976.4,500.2
42814.6,975.8,499.9
42818.6,976.4,500.2
42822.5,975.8,499.9
42824.6,975.7,499.9
42828.5,975.9,499.9
42830.6,969.2,496.5
42834.6,977.1,500.6
42838.5,978.6,501.3
42840.5,975.4,499.7
42842.6,977.4,500.7
42846.6,976.2,500.1
42850.6,975.1,499.5
42854.5,976.6,500.3
42856.5,973.8,498.9
42858.6,977.3,500.6
42862.5,976.5,500.2
42866.5,975.3,499.6
42868.6,975.0,499.5
42872.5,977.4,500.7
42874.5,975.6,499.8
42878.5,976.3,500.2
42880.5,975.2,499.6
42884.5,976.5,500.3
42886.6,976.7,500.4
42890.5,973.5,498.7
42894.5,977.8,500.9
42896.5,976.1,500.1
42898.5,975.9,499.9
42902.5,974.6,499.3
42904.5,979.3,501.7
42908.5,976.3,500.2
42912.5,975.0,499.5
42914.5,977.0,500.5
42918.5,975.7,499.9
42920.6,972.4,498.1
42924.6,977.7,500.8
42928.5,976.2,500.1
42930.5,975.9,500.0
42934.5,975.7,499.8
42938.5,975.5,499.7
42942.5,977.5,500.8
42944.6,974.6,499.3
42946.6,977.8,500.9
42950.6,973.3,498.6
42952.6,980.3,502.2
42956.5,974.1,499.0
42960.5,977.3,500.7
42964.5,976.1,500.0
42968.5,976.1,500.0
42970.5,976.5,500.2
42974.5,975.6,499.8
42978.5,977.0,500.5
42980.5,975.0,499.5
42984.5,974.7,499.3
42988.6,977.9,501.0
42992.5,974.1,499.0
42994.5,979.1,501.6
42998.5,976.0,500.0
43002.5,975.8,499.9
43004.5,975.9,500.0
43008.5,975.9,499.9
43012.6,976.7,500.4
43016.5,975.9,499.9
43020.5,975.7,499.8
43022.5,977.2,500.6
43026.5,975.8,499.9
43030.6,975.4,499.7
43034.6,977.0,500.5
43038.6,974.8,499.4
43042.6,974.8,499.4
43046.5,977.2,500.6
43050.6,975.9,499.9
43054.5,976.6,500.3
43058.6,975.7,499.9
43062.5,976.3,500.2
43064.6,974.7,499.3
43068.5,976.4,500.2
43070.5,975.2,499.6
43074.5,975.2,499.6
43076.5,979.2,501.6
43078.5,975.2,499.6
43082.6,975.8,499.9
43086.5,976.5,500.2
43088.5,976.0,500.0
43092.5,975.8,499.9
43096.6,976.2,500.1
43098.6,975.2,499.6
43102.5,975.9,499.9
43104.5,976.0,500.0
43108.6,975.7,499.8
43112.5,976.4,500.2
43114.5,977.6,500.8
43118.6,975.5,499.7
43122.5,977.0,500.5
43124.6,971.0,497.4
43128.6,977.8,500.9
43132.5,975.9,500.0
43134.6,975.4,499.7
43138.6,976.8,500.4
43142.5,975.8,499.9
43144.5,975.2,499.6
43148.6,976.3,500.1
43150.6,974.8,499.4
43154.6,976.0,500.0
43158.5,977.0,500.5
43160.5,974.2,499.1
43164.6,976.8,500.4
43168.5,975.6,499.8
43172.5,975.5,499.8
43174.5,978.3,501.2
43176.5,976.3,500.2
43178.6,974.6,499.3
43182.6,976.4,500.2
43186.5,975.9,499.9
43188.6,975.5,499.7
43192.5,976.3,500.2
43194.5,974.1,499.0
43198.6,976.3,500.1
43202.5,975.4,499.7
43206.5,977.1,500.6
43210.6,973.8,498.9
43214.5,977.6,500.8
43216.6,976.5,500.3
43218.6,974.3,499.1
43222.5,977.0,500.5
43224.5,976.3,500.2
43228.5,975.3,499.6
43230.6,976.5,500.2
43234.5,976.3,500.2
43238.5,976.0,500.0
43242.6,975.1,499.5
43246.5,977.4,500.7
43248.6,976.1,500.1
43252.6,975.6,499.8
43256.5,975.4,499.7
43258.6,973.2,498.6
43262.6,977.8,500.9
43266.6,976.2,500.1
43270.6,975.3,499.7
43274.6,976.3,500.1
43278.5,976.3,500.2
43282.6,975.5,499.8
43286.5,974.6,499.3
43288.5,979.1,501.6
43290.5,976.0,500.0
43292.5,972.8,498.3
43294.6,975.0,499.5
43298.6,977.9,501.0
43302.5,976.2,500.1
43304.5,974.0,499.0
43306.6,976.8,500.4
43310.5,976.5,500.3
43312.5,975.0,499.5
43314.5,977.2,500.6
43318.5,975.5,499.7
43320.5,974.9,499.4
43322.5,977.8,500.9
43326.5,975.6,499.8
43330.5,976.0,500.0
43334.5,975.2,499.6
43338.5,976.1,500.0
43340.5,977.7,500.9
43344.5,976.0,500.0
43346.5,974.9,499.4
43350.6,977.0,500.5
43354.5,975.9,500.0
43356.6,976.2,500.1
43358.6,976.1,500.0
43362.6,976.5,500.3
43366.5,976.8,500.4
43368.5,974.8,499.4
43370.6,975.9,499.9
43374.6,976.5,500.3
43378.6,976.3,500.1
43380.6,975.3,499.7
43384.5,977.0,500.5
43388.5,975.0,499.5
43392.5,976.5,500.2
43394.5,975.6,499.8
43396.5,976.6,500.3
43400.5,976.2,500.1
43402.5,977.9,501.0
43404.6,974.9,499.4
43408.5,976.0,500.0
43410.5,976.9,500.4
43414.5,975.7,499.8
43416.5,977.4,500.7
43420.5,976.1,500.0
43422.6,974.0,499.0
43426.5,977.1,500.6
43430.6,975.8,499.9
43432.6,976.7,500.4
43436.5,975.8,499.9
43438.6,973.7,498.8
43442.6,976.0,500.0
43446.5,977.4,500.7
43448.5,975.3,499.6
43450.5,977.9,501.0
43452.5,970.5,497.2
43456.6,978.2,501.1
43460.5,976.2,500.1
43462.5,975.7,499.8
43466.5,976.3,500.2
43470.5,975.6,499.8
43472.6,977.5,500.8
43476.5,975.8,499.9
43478.5,976.6,500.3
43480.5,974.9,499.4
43482.5,975.5,499.8
43484.6,973.8,498.9
43486.6,978.6,501.3
43488.6,976.1,500.0
43492.6,974.0,499.0
43496.5,978.0,501.0
43498.5,976.4,500.2
43502.5,976.1,500.0
43504.6,975.1,499.5
43508.6,976.2,500.1
43512.6,976.1,500.1
43516.6,976.1,500.1
43520.5,974.5,499.2
43524.5,976.5,500.2
43528.5,977.4,500.7
43530.6,972.0,498.0
43532.6,975.5,499.7
43536.6,977.8,500.9
43540.5,976.1,500.0
43544.6,974.3,499.1
43548.5,977.8,500.9
43552.6,975.9,499.9
43556.5,976.1,500.1
43558.6,976.3,500.2
43562.5,976.4,500.2
43564.6,974.2,499.1
43568.5,976.8,500.4
43572.5,975.9,499.9
43574.5,975.8,499.9
43578.5,975.3,499.6
43582.5,976.2,500.1
43584.5,974.9,499.4
43588.5,976.1,500.1
43592.5,976.6,500.3
43594.5,973.3,498.6
43596.6,978.6,501.4
43600.5,976.0,500.0
43604.5,975.8,499.9
43608.5,975.7,499.9
43610.6,976.2,500.1
43614.6,975.5,499.8
43618.5,977.0,500.5
43620.6,970.4,497.1
43624.5,978.6,501.4
43626.6,974.7,499.3
43630.5,976.5,500.2
43632.6,975.9,499.9
43636.6,976.0,500.0
43640.5,974.6,499.3
43644.5,977.8,500.9
43646.5,975.8,499.9
43648.6,977.2,500.6
43652.6,974.6,499.3
43656.5,976.3,500.2
43658.5,974.9,499.4
43660.6,976.1,500.1
43664.6,976.8,500.4
43668.5,976.0,500.0
43672.5,975.5,499.7
43676.6,974.5,499.2
43680.5,977.7,500.8
43682.6,976.8,500.4
43686.5,975.0,499.5
43690.6,976.7,500.3
43694.5,976.3,500.1
43698.5,975.6,499.8
43702.5,975.1,499.5
43704.6,977.5,500.8
43708.6,976.1,500.1
43712.6,976.7,500.4
43716.6,975.3,499.7
43720.6,975.6,499.8
43724.5,976.8,500.4
43726.5,971.3,497.6
43728.6,978.6,501.3
43732.5,948.2,485.8
43736.5,976.2,500.1
43740.5,975.8,499.9
43742.6,976.5,500.2
43746.5,976.2,500.1
43750.6,975.6,499.8
43754.5,975.9,499.9
43756.5,975.8,499.9
43758.5,977.0,500.5
43760.5,974.2,499.1
43762.6,977.4,500.7
43766.5,975.2,499.6
43770.5,977.4,500.7
43772.6,974.9,499.4
43776.6,976.8,500.4
43780.5,975.2,499.6
43782.6,974.8,499.4
43784.6,970.4,497.1
43788.6,978.0,501.0
43792.6,977.3,500.7
43796.6,975.7,499.9
43800.5,976.7,500.3
43802.6,975.6,499.8
43806.5,975.4,499.7
43808.6,974.9,499.4
43810.6,977.7,500.9
43814.6,975.3,499.6
43818.5,976.7,500.4
43820.5,974.9,499.4
43824.5,976.0,500.0
43828.5,976.6,500.3
43830.5,972.9,498.4
43834.5,977.3,500.7
43836.6,972.4,498.1
43840.5,977.0,500.5
43842.6,977.4,500.7
43846.5,976.2,500.1
43850.5,975.1,499.5
43854.6,974.2,499.1
43856.6,975.1,499.5
43860.5,976.6,500.3
43862.6,976.0,500.0
43866.6,976.3,500.2
43870.6,975.1,499.5
43874.5,975.6,499.8
43876.6,978.9,501.5
43880.5,976.2,500.1
43882.6,980.2,502.1
43886.5,975.8,499.9
43890.5,976.1,500.1
43894.5,976.1,500.0
43896.5,974.8,499.4
43900.5,976.5,500.3
43904.5,975.8,499.9
43906.6,975.2,499.6
43910.5,977.0,500.5
43912.5,971.1,497.5
43914.5,976.0,500.0
43918.5,977.4,500.7
43922.5,977.3,500.6
43926.5,975.5,499.7
43928.5,975.7,499.9
43930.6,967.6,495.7
43934.6,980.7,502.4
43938.6,975.3,499.6
43942.5,976.1,500.1
43946.5,975.5,499.7
43948.5,977.5,500.8
43950.6,974.9,499.4
43954.5,975.6,499.8
43958.5,976.8,500.4
43960.5,975.1,499.5
43962.5,977.5,500.8
43966.5,975.3,499.7
43968.5,973.0,498.5
43972.5,948.5,485.9
43974.5,976.2,500.1
43976.6,975.4,499.7
43980.6,976.0,500.0
43982.6,974.5,499.2
43986.5,977.2,500.6
43988.6,975.6,499.8
43992.6,975.2,499.6
43996.5,976.4,500.2
43998.6,976.1,500.1
44002.6,973.9,498.9
44004.6,980.5,502.3
44006.6,976.6,500.3
44010.6,975.1,499.6
44014.6,975.9,499.9
44018.6,976.2,500.1
44020.6,969.4,496.6
44024.5,979.2,501.6
44026.6,976.9,500.5
44030.5,975.3,499.7
44034.6,977.2,500.6
44038.6,976.7,500.3
44042.5,976.7,500.4
44046.6,974.9,499.5
44050.5,977.7,500.9
44052.6,973.8,498.9
44056.6,976.6,500.3
44060.6,976.2,500.1
44064.5,976.2,500.1
44068.6,975.7,499.9
44072.5,976.4,500.2
44076.5,976.2,500.1
44078.5,972.9,498.4
44082.5,977.2,500.6
44086.5,976.0,500.0
44090.5,976.5,500.3
44092.5,920.3,471.5
44094.6,976.7,500.3
44098.6,976.0,500.0
44102.6,976.7,500.4
44106.6,975.4,499.7
44110.5,976.3,500.1
44114.5,975.8,499.9
44116.6,975.8,499.9
44120.5,976.9,500.5
44122.5,972.5,498.2
44124.6,978.3,501.2
44128.5,976.2,500.1
44130.5,975.3,499.7
44134.5,976.0,500.0
44138.6,975.8,499.9
44142.6,975.7,499.8
44146.5,976.4,500.2
44148.6,976.4,500.2
44152.5,976.4,500.2
44156.5,975.2,499.6
44158.5,976.7,500.4
44162.5,975.6,499.8
44166.5,975.5,499.7
44170.5,976.7,500.3
44174.5,975.2,499.6
44178.5,974.5,499.2
44182.6,974.4,499.2
44186.5,979.4,501.8
44188.5,977.6,500.8
44192.5,975.8,499.9
44194.6,975.2,499.6
44198.5,976.2,500.1
44202.5,975.5,499.7
44206.5,976.2,500.1
44208.5,977.5,500.8
44210.6,974.9,499.5
44214.6,975.9,499.9
44218.5,976.3,500.1
44220.6,973.6,498.8
44224.5,977.7,500.9
44226.6,974.7,499.4
44230.5,975.9,499.9
44234.5,975.9,500.0
44238.6,975.6,499.8
44242.5,977.1,500.5
44246.6,975.2,499.6
44250.5,976.9,500.4
44252.5,974.0,499.0
44256.5,977.0,500.5
44258.5,975.1,499.5
44262.5,976.0,500.0
44264.5,976.2,500.1
44268.5,975.9,499.9
44270.5,976.2,500.1
44272.5,976.2,500.1
44274.6,976.3,500.1
44276.6,974.9,499.4
44280.6,976.5,500.3
44284.6,976.1,500.1
44288.6,975.5,499.8
44292.6,976.2,500.1
44296.5,976.4,500.2
44298.6,975.2,499.6
44302.5,975.5,499.8
44306.5,976.5,500.3
44310.6,975.8,499.9
44314.5,974.5,499.3
44316.5,978.2,501.1
44320.5,976.5,500.3
44324.5,975.4,499.7
44328.5,976.4,500.2
44330.5,975.5,499.8
44334.6,976.4,500.2
44338.5,975.9,499.9
44340.6,974.5,499.3
44342.6,977.7,500.9
44346.6,975.1,499.5
44350.6,977.1,500.6
44354.6,975.1,499.5
44358.6,976.5,500.3
44362.6,975.9,499.9
44366.5,975.1,499.6
44370.6,975.7,499.8
44374.5,976.1,500.0
44376.6,976.7,500.3
44380.5,975.2,499.6
44382.5,978.5,501.3
44384.5,976.4,500.2
44386.5,976.7,500.4
44390.5,975.5,499.8
44394.5,974.7,499.4
44398.5,977.3,500.7
44400.5,976.0,500.0
44402.5,974.8,499.4
44404.5,976.3,500.1
44408.5,976.3,500.1
44412.5,976.7,500.4
44414.5,974.9,499.4
44416.6,976.2,500.1
44420.5,975.9,500.0
44422.5,975.7,499.9
44426.5,976.2,500.1
44430.5,975.5,499.7
44434.5,977.1,500.6
44438.5,975.6,499.8
44442.5,975.7,499.9
44444.5,976.4,500.2
44448.5,975.7,499.8
44450.5,976.7,500.3
44454.5,973.9,498.9
44458.5,977.4,500.7
44462.6,975.7,499.9
44466.5,976.2,500.1
44468.5,975.6,499.8
44472.5,976.6,500.3
44474.5,974.2,499.1
44478.5,975.8,499.9
44482.5,976.5,500.3
44484.6,975.0,499.5
44488.5,975.4,499.7
44490.6,980.1,502.1
44494.5,976.0,500.0
44498.6,974.2,499.1
44502.5,977.3,500.7
44504.5,974.5,499.2
44508.6,976.9,500.4
44512.6,971.7,497.8
44516.6,976.5,500.2
44520.6,980.3,502.2
44524.5,975.5,499.7
44528.5,976.1,500.0
44532.5,976.1,500.1
44534.6,975.5,499.8
44538.5,975.6,499.8
44542.5,974.9,499.4
44546.6,976.3,500.1
44550.5,975.9,499.9
44552.5,977.5,500.7
44556.5,975.7,499.9
44558.6,973.6,498.7
44562.6,976.3,500.1
44564.6,976.6,500.3
44568.6,976.5,500.2
44572.5,935.6,479.3
44574.6,990.3,507.4
44576.6,972.8,498.4
44580.5,977.8,500.9
44582.5,975.5,499.7
44584.5,975.0,499.5
44586.6,976.2,500.1
44590.6,975.9,499.9
44592.6,976.6,500.3
44596.5,976.5,500.3
44598.5,974.4,499.2
44600.6,975.9,499.9
44604.5,976.2,500.1
44608.5,977.0,500.5
44612.5,975.1,499.5
44616.5,976.6,500.3
44620.5,976.2,500.1
44624.5,975.9,500.0
44626.5,975.9,499.9
44628.6,975.1,499.5
44632.5,971.2,497.6
44634.5,986.8,505.5
44636.6,974.5,499.2
44640.6,976.9,500.5
44644.5,976.3,500.1
44648.5,976.4,500.2
44650.5,975.3,499.6
44654.5,975.7,499.9
44658.5,975.4,499.7
44660.5,976.1,500.1
44664.5,975.6,499.8
44668.5,976.7,500.4
44672.6,975.3,499.7
44676.5,976.3,500.1
44678.6,973.3,498.6
44682.5,977.9,501.0
44686.5,975.1,499.5
44688.6,976.7,500.4
44692.5,974.8,499.4
44694.6,978.3,501.2
44696.6,973.1,498.5
44698.6,976.9,500.5
44702.5,975.8,499.9
44704.5,977.0,500.5
44706.5,977.1,500.6
44710.5,975.5,499.7
44712.5,976.0,500.0
44714.5,976.7,500.4
44718.5,976.1,500.0
44720.6,976.3,500.2
44722.6,974.8,499.4
44726.5,976.9,500.5
44730.5,974.8,499.4
44734.5,975.6,499.8
44736.6,979.0,501.6
44738.6,973.6,498.8
44742.6,976.7,500.3
44746.5,975.8,499.9
44750.6,975.9,499.9
44754.5,975.9,500.0
44756.5,975.5,499.7
44760.5,975.6,499.8
44762.5,977.5,500.8
44764.6,976.1,500.0
44768.6,975.5,499.7
44772.6,975.9,499.9
44776.5,975.1,499.6
44780.6,977.5,500.8
44784.6,975.7,499.8
44788.5,975.8,499.9
44790.5,976.8,500.4
44792.5,975.6,499.8
44796.6,975.8,499.9
44798.6,973.2,498.6
44802.6,977.5,500.8
44806.5,976.7,500.3
44808.5,971.2,497.5
44812.5,971.9,497.9
44814.5,934.0,478.5
44818.5,976.6,500.3
44820.5,972.6,498.3
44824.6,977.4,500.7
44826.6,974.8,499.4
44830.5,975.5,499.7
44832.5,978.2,501.1
44834.5,976.9,500.4
44838.5,975.8,499.9
44842.5,975.3,499.6
44844.6,978.3,501.2
44848.6,975.2,499.6
44852.5,975.9,499.9
44854.5,976.7,500.4
44856.5,976.7,500.4
44860.5,976.0,500.0
44864.6,974.7,499.3
44866.6,978.6,501.3
44870.6,975.0,499.5
44874.5,976.9,500.5
44876.6,975.8,499.9
44880.5,976.0,500.0
44884.5,976.6,500.3
44888.6,975.5,499.7
44892.5,976.0,500.0
44894.5,975.9,500.0
44898.5,973.1,498.5
44900.6,981.9,503.0
44904.5,975.5,499.7
44906.6,972.4,498.1
44910.6,978.0,501.0
44914.6,976.7,500.3
44918.5,975.7,499.8
44920.5,976.1,500.1
44924.5,975.7,499.9
44926.6,976.1,500.0
44930.6,976.1,500.1
44934.5,975.8,499.9
44936.6,974.6,499.3
44940.5,976.4,500.2
44944.5,975.0,499.5
44946.5,977.8,500.9
44950.5,976.8,500.4
44952.6,975.9,499.9
44956.5,975.6,499.8
44958.6,975.8,499.9
44962.5,975.6,499.8
44964.5,976.7,500.4
44968.5,976.4,500.2
44970.5,975.0,499.5
44972.6,974.9,499.4
44976.5,976.9,500.4
44980.5,975.3,499.6
44982.5,976.5,500.2
44986.5,976.2,500.1
44988.6,973.1,498.5
44992.5,975.5,499.7
44996.5,950.4,486.9
45000.5,976.8,500.4
45004.5,976.2,500.1
45006.5,976.0,500.0
45010.5,974.9,499.4
45012.5,976.3,500.1
45016.5,976.5,500.2
45020.5,975.3,499.6
45022.5,976.0,500.0
45024.5,976.9,500.4
45026.6,976.6,500.3
45030.6,974.8,499.4
45034.5,977.1,500.6
45036.6,975.8,499.9
45040.5,976.1,500.0
45042.5,975.6,499.8
45044.5,975.8,499.9
45046.6,975.8,499.9
45050.5,976.4,500.2
45052.5,971.8,497.8
45056.5,976.8,500.4
45060.5,976.4,500.2
45064.6,976.9,500.5
45068.6,974.7,499.4
45072.5,976.5,500.2
45074.6,975.8,499.9
45078.5,976.0,500.0
45080.5,920.1,471.4
45084.6,973.3,498.6
45088.5,979.3,501.7
45090.5,975.4,499.7
45092.5,976.0,500.0
45096.5,976.2,500.1
45100.6,976.3,500.1
45104.5,975.9,499.9
45106.6,976.6,500.3
45110.5,974.0,499.0
45112.6,977.4,500.7
45116.5,974.5,499.2
45118.5,979.4,501.8
45120.5,974.0,499.0
45124.5,974.7,499.3
45126.6,979.4,501.7
45130.6,975.6,499.8
45134.5,976.3,500.2
45136.5,975.1,499.5
45138.5,976.0,500.0
45140.5,977.7,500.9
45144.5,975.5,499.8
45146.6,976.6,500.3
45150.5,975.9,499.9
45152.5,976.6,500.3
45154.5,974.7,499.3
45158.5,975.4,499.7
45162.5,976.5,500.2
45164.5,976.5,500.3
45168.5,976.0,500.0
45172.5,975.7,499.8
45174.5,975.7,499.8
45178.5,975.2,499.6
45180.6,976.6,500.3
45184.5,976.7,500.4
45186.6,974.8,499.4
45190.5,975.7,499.8
45192.6,976.2,500.1
45194.6,973.2,498.6
45198.5,977.4,500.7
45200.6,977.6,500.8
45204.6,975.1,499.5
45208.6,974.7,499.3
45212.6,976.5,500.2
45216.5,975.7,499.9
45218.5,978.7,501.4
45222.6,975.2,499.6
45226.5,976.7,500.3
45228.5,976.1,500.0
45230.5,976.1,500.1
45234.6,976.0,500.0
45238.5,975.9,499.9
45240.6,976.6,500.3
45244.5,975.7,499.8
45248.5,976.0,500.0
45250.5,976.7,500.4
45252.5,974.9,499.4
45254.5,976.4,500.2
45256.6,976.7,500.3
45260.5,975.5,499.7
45264.6,975.8,499.9
45268.5,976.3,500.1
45272.6,970.5,497.2
45276.5,980.6,502.3
45278.5,975.0,499.5
45282.6,977.8,500.9
45286.5,976.1,500.1
45288.6,975.7,499.9
45292.5,976.2,500.1
45294.5,975.9,499.9
45298.5,975.1,499.6
45302.6,976.4,500.2
45306.5,975.7,499.9
45310.5,977.0,500.5
45312.5,974.4,499.2
45314.6,975.3,499.6
45318.5,976.8,500.4
45322.5,975.8,499.9
45324.5,977.3,500.6
45328.5,976.5,500.3
45330.6,974.4,499.2
45334.5,976.8,500.4
45336.5,975.2,499.6
45340.5,976.0,500.0
45344.5,975.8,499.9
45348.5,976.8,500.4
45350.5,974.7,499.3
45352.5,971.7,497.8
45356.5,951.0,487.2
45360.6,977.0,500.5
45362.6,975.8,499.9
45366.5,975.9,499.9
45368.5,975.2,499.6
45372.5,976.1,500.1
45376.5,974.4,499.2
45380.5,978.6,501.3
45382.5,975.7,499.9
45386.5,976.3,500.2
45390.6,975.5,499.8
45394.6,976.6,500.3
45398.5,975.7,499.9
45400.5,975.6,499.8
45402.6,975.4,499.7
45406.5,976.5,500.2
45408.5,973.8,498.9
45410.5,977.5,500.8
45412.5,976.5,500.2
45414.5,976.7,500.4
45418.5,976.0,500.0
45420.6,975.9,499.9
45424.5,976.6,500.3
45426.6,976.5,500.2
45428.6,975.5,499.8
45432.6,975.7,499.9
45436.5,976.0,500.0
45440.5,976.0,500.0
45442.6,970.0,496.9
45446.5,979.2,501.6
45448.5,976.1,500.1
45452.5,976.0,500.0
45454.5,974.2,499.1
45456.6,977.5,500.8
45460.5,975.1,499.6
45464.6,976.7,500.3
45468.5,976.2,500.1
45470.5,976.4,500.2
45474.6,948.2,485.8
45478.5,976.3,500.1
45480.6,976.9,500.5
45484.5,975.7,499.8
45486.5,974.7,499.3
45490.5,975.9,500.0
45494.5,976.5,500.3
45498.6,975.5,499.7
45502.5,976.2,500.1
45506.5,975.9,499.9
45510.5,976.9,500.5
45512.6,975.2,499.6
45516.5,976.2,500.1
45520.5,976.3,500.2
45524.5,975.4,499.7
45528.6,975.8,499.9
45532.5,976.0,500.0
45536.5,976.8,500.4
45538.6,974.3,499.1
45542.5,976.0,500.0
45546.5,975.7,499.9
45548.6,976.8,500.4
45552.5,975.3,499.7
45556.5,975.9,500.0
45560.5,976.1,500.1
45562.5,976.3,500.1
45564.6,974.2,499.1
45568.5,976.5,500.3
45572.5,975.0,499.5
45576.5,977.1,500.6
45578.5,975.3,499.6
45582.5,974.0,499.0
45584.5,976.7,500.3
45588.5,975.5,499.7
45590.5,979.5,501.8
45594.5,975.3,499.6
45598.6,976.0,500.0
45602.6,974.4,499.2
45606.5,977.6,500.8
45608.6,974.9,499.4
45612.5,975.3,499.6
45614.5,977.6,500.8
45618.5,976.6,500.3
45622.5,975.4,499.7
45624.5,973.9,498.9
45626.5,976.8,500.4
45628.6,975.3,499.6
45632.5,976.2,500.1
45636.6,975.7,499.8
45640.5,976.0,500.0
45642.5,976.3,500.1
45646.5,975.5,499.8
45648.5,976.9,500.5
45650.5,974.2,499.1
45652.5,976.4,500.2
45656.5,974.1,499.0
45658.5,979.6,501.8
45662.5,976.2,500.1
45664.5,976.6,500.3
45668.5,975.1,499.5
45672.5,974.5,499.2
45674.5,976.4,500.2
45678.6,977.0,500.5
45682.6,975.7,499.8
45686.6,976.3,500.1
45690.5,976.6,500.3
45694.5,974.4,499.2
45696.6,978.2,501.1
45700.5,975.9,499.9
45702.5,974.5,499.2
45706.5,977.0,500.5
45710.6,975.3,499.6
45714.5,948.8,486.1
45716.6,977.4,500.7
45718.6,975.7,499.8
45722.6,975.8,499.9
45726.5,975.8,499.9
45730.5,976.6,500.3
45732.5,975.4,499.7
45734.6,975.8,499.9
45738.5,976.3,500.2
45742.6,975.3,499.7
45744.6,977.7,500.9
45748.5,975.0,499.5
45752.5,976.4,500.2
45754.5,975.1,499.5
45756.5,973.7,498.8
45760.5,977.8,500.9
45762.6,974.9,499.4
45766.6,974.1,499.1
45770.5,976.3,500.1
45772.5,978.7,501.4
45774.5,922.0,472.3
45778.5,975.3,499.6
45780.6,976.6,500.3
45784.6,976.2,500.1
45786.6,972.2,498.1
45790.5,977.1,500.5
45792.6,977.6,500.8
45796.5,975.7,499.8
45798.5,975.0,499.5
45800.5,975.9,499.9
45802.6,970.2,497.0
45806.5,978.7,501.4
45808.5,975.1,499.5
45812.6,976.5,500.2
45816.5,976.2,500.1
45818.5,975.7,499.8
45822.6,975.9,500.0
45826.6,975.7,499.9
45830.5,976.1,500.0
45832.5,976.9,500.5
45834.5,972.9,498.4
45838.5,976.5,500.3
45842.5,976.1,500.1
45844.5,976.9,500.5
45846.5,974.7,499.3
45848.6,975.6,499.8
45852.5,976.6,500.3
45856.5,976.3,500.1
45860.5,976.1,500.1
45864.6,975.7,499.9
45868.5,975.4,499.7
45870.6,970.8,497.3
45874.5,977.7,500.9
45876.5,978.6,501.3
45878.6,973.4,498.7
45882.5,977.7,500.9
45886.5,974.7,499.4
45888.6,972.7,498.3
45890.6,981.5,502.8
45892.6,976.0,500.0
45896.6,973.7,498.8
45900.5,976.4,500.2
45904.5,977.3,500.7
45906.5,978.7,501.4
45908.5,974.8,499.4
45910.6,971.5,497.7
45912.6,976.4,500.2
45916.6,977.7,500.9
45920.5,976.6,500.3
45922.5,975.6,499.8
45926.6,975.5,499.8
45930.5,975.9,499.9
45932.5,975.6,499.8
45936.5,976.0,500.0
45938.5,977.2,500.6
45942.6,976.4,500.2
45946.5,975.7,499.9
45948.6,976.5,500.3
45952.5,976.0,500.0
45954.5,974.5,499.2
45958.5,976.6,500.3
45962.5,975.9,499.9
45966.5,976.6,500.3
45968.5,969.1,496.5
45972.5,978.9,501.5
45974.6,976.7,500.4
45978.5,975.6,499.8
45980.5,975.5,499.8
45984.6,975.7,499.9
45988.5,975.1,499.5
45992.6,977.3,500.7
45996.6,975.5,499.8
45998.6,973.4,498.6
46002.5,976.8,500.4
46004.5,976.8,500.4
46008.6,975.3,499.6
46012.5,976.1,500.0
46014.6,976.8,500.4
46018.5,975.4,499.7
46022.5,976.2,500.1
46024.6,977.0,500.5
46028.5,975.5,499.8
46030.5,975.1,499.6
46032.6,977.1,500.6
46036.6,975.7,499.9
46038.6,976.1,500.0
46040.6,975.7,499.8
46044.5,976.0,500.0
46048.6,976.4,500.2
46052.6,975.4,499.7
46056.6,976.1,500.0
46060.6,975.8,499.9
46064.6,976.0,500.0
46068.6,976.0,500.0
46072.5,975.4,499.7
46074.5,977.9,501.0
46076.6,975.0,499.5
46080.5,976.4,500.2
46084.5,975.1,499.5
46088.6,975.6,499.8
46092.5,976.4,500.2
46096.5,974.7,499.3
46098.5,979.6,501.9
46102.5,974.8,499.4
46106.5,977.9,501.0
46108.6,972.4,498.1
46112.6,976.0,500.0
46116.6,977.0,500.5
46120.5,975.7,499.9
46122.5,976.5,500.3
46124.6,973.3,498.6
46128.5,977.9,501.0
46130.5,974.9,499.4
46134.5,919.9,471.3
46136.6,979.1,501.6
46140.5,976.7,500.3
46142.6,975.2,499.6
46146.5,976.8,500.4
46150.5,975.2,499.6
46152.5,975.8,499.9
46154.5,977.1,500.6
46158.5,976.0,500.0
46160.5,975.7,499.8
46164.5,971.8,497.9
46168.6,978.1,501.1
46172.5,977.8,500.9
46176.5,974.9,499.5
46178.5,974.9,499.5
46182.5,976.5,500.2
46184.6,977.4,500.7
46188.6,974.5,499.2
46190.6,973.0,498.5
46192.6,979.5,501.8
46196.5,974.6,499.3
46198.5,977.9,501.0
46200.5,974.8,499.4
46202.5,972.8,498.4
46204.6,979.8,501.9
46208.6,975.0,499.5
46210.6,972.8,498.4
46214.6,977.0,500.5
46218.6,974.6,499.3
46222.5,977.4,500.7
46226.6,975.3,499.6
46230.6,976.2,500.1
46234.5,974.6,499.3
46236.5,976.3,500.1
46240.5,975.3,499.7
46242.5,973.6,498.8
46246.5,977.3,500.7
46248.6,974.7,499.3
46252.6,976.5,500.3
46256.5,976.0,500.0
46260.5,976.2,500.1
46262.5,976.1,500.1
46264.6,974.6,499.3
46268.5,976.4,500.2
46270.6,975.3,499.7
46274.5,975.5,499.8
46276.5,974.8,499.4
46278.6,977.3,500.7
46282.5,975.7,499.9
46286.5,975.2,499.6
46288.6,972.9,498.4
46292.6,977.2,500.6
46296.5,975.9,500.0
46300.6,975.6,499.8
46304.6,975.6,499.8
46308.5,975.8,499.9
46310.5,976.4,500.2
46314.5,975.4,499.7
46316.6,974.7,499.4
46318.6,977.9,501.0
46322.5,974.4,499.2
46326.6,977.5,500.8
46330.5,975.2,499.6
46334.5,975.3,499.6
46338.5,976.7,500.4
46342.5,975.4,499.7
46344.5,974.9,499.4
46348.6,975.9,500.0
46352.5,948.5,485.9
46356.5,976.3,500.2
46358.6,973.4,498.7
46362.5,976.2,500.1
46366.5,976.5,500.3
46370.6,975.5,499.7
46374.5,975.7,499.9
46378.5,976.2,500.1
46380.6,972.5,498.2
46384.5,975.1,499.5
46386.5,977.1,500.5
46390.5,976.6,500.3
46392.5,972.9,498.4
46396.5,977.7,500.9
46398.6,972.6,498.3
46400.6,978.4,501.2
46404.6,976.4,500.2
46406.6,975.5,499.8
46408.6,973.5,498.7
46412.6,976.3,500.2
46416.5,976.6,500.3
46420.5,974.4,499.2
46422.5,970.4,497.1
46426.5,978.4,501.2
46428.6,975.4,499.7
46430.6,976.9,500.4
46434.5,971.2,497.6
46436.6,981.6,502.8
46440.5,975.9,499.9
46444.5,976.6,500.3
46448.5,975.6,499.8
46450.5,972.8,498.4
46454.5,949.1,486.2
46456.6,975.9,499.9
46460.5,975.1,499.6
46464.5,975.9,500.0
46468.6,975.0,499.5
46472.5,976.6,500.3
46474.5,972.0,497.9
46478.5,977.0,500.5
46482.5,975.7,499.9
46484.5,975.2,499.6
46488.6,975.1,499.6
46492.5,972.9,498.4
46496.5,979.0,501.6
46500.5,975.6,499.8
46504.6,975.3,499.7
46508.5,975.6,499.8
46510.5,976.5,500.2
46512.6,975.1,499.5
46514.6,976.2,500.1
46518.6,975.8,499.9
46522.5,977.0,500.5
46524.5,972.7,498.3
46526.5,975.1,499.6
46530.5,974.6,499.3
46534.5,975.9,499.9
46536.5,977.3,500.6
46538.6,973.5,498.7
46542.5,976.1,500.1
46544.6,971.3,497.6
46548.6,977.2,500.6
46552.5,976.6,500.3
46554.6,966.3,495.1
46558.5,979.9,502.0
46560.6,968.8,496.3
46564.5,979.6,501.8
46568.5,975.9,499.9
46572.5,975.5,499.7
46576.5,976.2,500.1
46578.5,976.4,500.2
46580.5,974.2,499.1
46584.5,975.6,499.8
46588.5,975.9,499.9
46590.5,975.0,499.5
46592.5,977.7,500.8
46596.5,976.0,500.0
46598.6,973.1,498.5
46602.5,976.6,500.3
46604.6,973.3,498.6
46608.5,976.2,500.1
46612.5,976.4,500.2
46614.5,967.5,495.7
46616.5,977.9,501.0
46620.5,978.6,501.4
46622.6,972.9,498.4
46624.6,979.0,501.5
46628.6,974.0,499.0
46632.6,977.4,500.7
46636.5,973.7,498.8
46638.6,976.8,500.4
46642.6,976.8,500.4
46646.5,976.1,500.0
46648.6,976.1,500.1
46652.6,975.3,499.6
46656.5,976.4,500.2
46658.5,975.9,500.0
46662.5,973.3,498.6
46664.5,980.5,502.3
46668.5,976.3,500.2
46672.5,975.0,499.5
46676.6,976.7,500.4
46680.5,973.7,498.8
46682.6,978.6,501.3
46686.6,976.3,500.1
46690.5,973.8,498.9
46692.5,979.8,501.9
46694.5,974.3,499.1
46698.6,976.2,500.1
46702.5,976.0,500.0
46704.5,965.1,494.4
46706.6,984.4,504.3
46710.5,974.3,499.2
46712.5,979.4,501.8
46716.6,975.8,499.9
46720.5,975.0,499.5
46722.5,976.4,500.2
46726.6,975.3,499.6
46730.5,975.3,499.6
46732.5,972.5,498.2
46734.6,965.4,494.6
46738.6,955.0,489.2
46742.5,975.2,499.6
46746.6,976.4,500.2
46750.5,976.0,500.0
46754.5,976.4,500.2
46756.5,975.3,499.6
46758.6,972.9,498.4
46762.5,974.8,499.4
46766.5,978.0,501.0
46768.6,973.8,498.9
46772.5,976.2,500.1
46776.5,975.3,499.6
46778.6,972.0,497.9
46782.6,977.2,500.6
46786.5,976.5,500.3
46788.5,972.9,498.4
46790.5,977.9,501.0
46792.5,976.0,500.0
46794.6,955.2,489.4
46798.5,985.6,504.9
46800.6,969.9,496.9
46804.5,977.4,500.7
46806.6,976.4,500.2
46810.6,976.7,500.4
46814.5,975.0,499.5
46816.5,976.7,500.3
46820.6,975.3,499.6
46824.5,976.8,500.4
46826.6,970.0,496.9
46830.6,979.6,501.9
46832.6,971.2,497.5
46836.5,977.3,500.7
46838.6,975.3,499.6
46842.6,974.0,499.0
46846.5,977.7,500.9
46850.6,974.4,499.2
46854.5,975.0,499.5
46856.6,979.4,501.7
46860.6,975.7,499.8
46864.6,976.7,500.3
46868.5,975.6,499.8
46870.6,978.2,501.1
46874.5,975.8,499.9
46876.5,974.3,499.1
46878.6,977.0,500.5
46882.5,975.8,499.9
46886.5,975.0,499.5
46890.5,976.6,500.3
46892.5,976.0,500.0
46896.5,976.1,500.0
46898.5,976.9,500.5
46900.6,973.7,498.8
46904.5,976.0,500.0
46906.5,975.6,499.8
46910.5,976.6,500.3
46914.5,972.8,498.3
46918.5,978.9,501.5
46920.6,975.9,499.9
46924.5,975.8,499.9
46926.5,974.8,499.4
46928.5,974.4,499.2
46932.5,976.9,500.5
46936.5,975.3,499.6
46938.6,976.8,500.4
46942.5,975.5,499.8
46944.5,976.4,500.2
46948.5,975.8,499.9
46950.5,970.5,497.2
46952.6,977.5,500.8
46956.5,976.8,500.4
46960.5,976.1,500.1
46964.5,974.7,499.4
46966.5,978.6,501.3
46970.5,976.0,500.0
46974.5,973.1,498.5
46976.5,926.3,474.5
46978.6,974.3,499.1
46982.5,976.7,500.3
46986.6,975.0,499.5
46990.5,976.7,500.3
46992.5,976.8,500.4
46996.5,975.5,499.7
46998.5,975.3,499.7
47002.5,976.6,500.3
47004.5,976.0,500.0
47006.5,974.1,499.0
47010.5,976.8,500.4
47012.5,975.5,499.7
47014.5,976.4,500.2
47016.6,974.7,499.3
47020.5,976.4,500.2
47022.5,975.5,499.7
47026.5,976.7,500.3
47030.5,973.4,498.7
47032.5,980.6,502.3
47036.5,948.3,485.8
47040.5,976.0,500.0
47044.5,975.5,499.7
47046.6,976.1,500.0
47050.5,976.1,500.1
47052.5,974.5,499.2
47054.6,976.4,500.2
47058.6,976.6,500.3
47062.5,975.4,499.7
47064.6,975.0,499.5
47068.6,975.8,499.9
47072.6,973.6,498.8
47076.6,976.6,500.3
47080.5,976.9,500.5
47084.6,976.6,500.3
47088.6,975.5,499.8
47092.6,975.7,499.9
47096.5,949.7,486.5
47098.6,973.2,498.6
47100.6,974.5,499.2
47104.5,977.4,500.7
47106.5,975.2,499.6
47108.6,977.2,500.6
47112.5,975.2,499.6
47116.5,975.0,499.5
47120.5,977.0,500.5
47124.5,976.5,500.3
47128.5,975.3,499.6
47132.6,976.3,500.1
47136.5,975.9,500.0
47140.6,975.0,499.5
47144.5,977.0,500.5
47148.6,976.5,500.2
47152.5,975.1,499.5
47156.5,949.2,486.3
47158.6,972.5,498.2
47162.5,977.2,500.6
47164.5,976.7,500.3
47168.5,974.9,499.5
47170.5,974.8,499.4
47172.5,979.0,501.5
47176.5,975.8,499.9
47180.5,975.2,499.6
47184.5,975.7,499.9
47188.6,975.0,499.5
47192.5,975.9,500.0
47194.6,976.2,500.1
47198.5,976.7,500.4
47200.6,976.1,500.1
47204.6,976.2,500.1
47206.6,973.2,498.6
47210.6,976.5,500.2
47212.6,977.4,500.7
47216.5,975.2,499.6
47220.6,975.9,500.0
47224.5,976.7,500.4
47228.5,974.2,499.1
47230.6,974.1,499.0
47232.6,979.6,501.8
47236.5,975.8,499.9
47240.5,977.1,500.5
47244.5,974.9,499.4
47248.5,976.1,500.0
47252.5,976.5,500.2
47256.5,975.9,500.0
47258.5,975.0,499.5
47262.5,976.2,500.1
47266.6,975.9,499.9
47270.5,976.0,500.0
47272.6,974.7,499.3
47276.5,976.1,500.1
47278.6,973.4,498.6
47282.5,977.2,500.6
47286.5,975.8,499.9
47288.6,975.5,499.8
47292.5,976.0,500.0
47294.5,978.0,501.0
47298.5,975.7,499.8
47300.6,977.0,500.5
47304.5,976.0,500.0
47306.5,971.7,497.8
47308.6,978.7,501.4
47312.5,975.3,499.6
47314.5,976.8,500.4
47318.5,976.2,500.1
47320.5,975.5,499.8
47324.5,976.2,500.1
47328.6,976.0,500.0
47332.5,976.0,500.0
47334.5,975.8,499.9
47338.5,976.1,500.1
47340.5,975.3,499.7
47344.5,975.3,499.7
47346.5,977.6,500.8
47348.5,975.0,499.5
47350.6,973.7,498.8
47354.5,977.7,500.9
47356.5,976.0,500.0
47360.5,976.2,500.1
47362.5,972.1,498.0
47366.5,977.9,501.0
47368.5,974.8,499.4
47370.5,977.4,500.7
47374.5,975.8,499.9
47376.5,974.6,499.3
47378.5,976.5,500.3
47382.6,975.8,499.9
47386.5,975.7,499.9
47388.5,975.6,499.8
47390.5,976.5,500.2
47392.5,973.5,498.7
47396.5,977.1,500.6
47398.5,974.0,499.0
47400.5,977.2,500.6
47404.5,976.0,500.0
47406.5,976.4,500.2
47410.5,975.3,499.6
47414.5,975.5,499.8
47416.6,977.1,500.6
47420.6,975.9,499.9
47424.5,975.7,499.9
47428.5,976.2,500.1
47430.5,976.8,500.4
47434.5,973.9,498.9
47438.5,976.2,500.1
47442.5,978.2,501.1
47444.5,974.8,499.4
47448.5,976.6,500.3
47452.5,975.1,499.5
47454.5,976.6,500.3
47456.5,973.1,498.5
47458.6,975.6,499.8
47462.6,977.7,500.9
47466.5,975.1,499.5
47468.5,976.8,500.4
47470.5,976.1,500.0
47472.6,975.3,499.6
47474.6,974.8,499.4
47478.5,976.1,500.1
47480.5,977.8,500.9
47484.5,975.5,499.8
47486.6,975.2,499.6
47490.5,976.5,500.3
47492.6,972.8,498.4
47496.5,977.2,500.6
47498.6,975.8,499.9
47502.6,976.6,500.3
47506.5,975.6,499.8
47510.5,975.6,499.8
47512.5,976.5,500.2
47516.6,976.0,500.0
47520.5,975.4,499.7
47522.6,976.7,500.4
47524.6,976.6,500.3
47528.5,973.3,498.6
47530.5,980.9,502.5
47534.5,974.9,499.4
47538.6,975.2,499.6
47542.5,976.2,500.1
47544.6,976.9,500.5
47548.5,976.1,500.0
47550.5,975.0,499.5
47552.5,976.7,500.4
47556.6,976.1,500.1
47560.6,976.1,500.0
47564.6,975.0,499.5
47568.5,976.3,500.2
47572.5,975.9,499.9
47576.5,975.8,499.9
47578.5,976.8,500.4
47582.5,975.3,499.6
47584.6,979.1,501.6
47588.5,975.5,499.7
47592.5,977.4,500.7
47594.6,975.2,499.6
47598.5,975.5,499.7
47600.5,977.2,500.6
47602.6,975.7,499.9
47604.6,975.3,499.7
47608.6,972.9,498.4
47612.5,978.5,501.3
47614.6,976.2,500.1
47618.6,976.9,500.5
47622.6,976.3,500.1
47624.6,977.2,500.6
47628.6,975.1,499.5
47632.5,975.9,499.9
47634.5,972.6,498.3
47636.6,979.9,502.0
47640.5,976.1,500.1
47644.5,974.8,499.4
47646.6,973.8,498.9
47650.5,979.3,501.7
47652.5,974.5,499.3
47656.5,976.6,500.3
47658.5,976.2,500.1
47662.5,975.2,499.6
47666.6,977.3,500.7
47670.6,976.1,500.1
47674.5,975.8,499.9
47676.6,974.8,499.4
47678.6,977.7,500.9
47682.6,975.6,499.8
47686.6,975.7,499.9
47688.6,977.4,500.7
47692.6,975.7,499.8
47696.5,976.2,500.1
47700.5,976.2,500.1
47702.5,976.6,500.3
47704.6,973.8,498.9
47708.6,975.5,499.7
47712.5,977.0,500.5
47716.5,976.4,500.2
47718.6,974.6,499.3
47722.5,976.5,500.3
47724.5,977.0,500.5
47728.5,976.1,500.0
47730.5,975.8,499.9
47734.5,976.0,500.0
47736.5,975.7,499.8
47738.5,976.9,500.5
47740.5,976.3,500.1
47742.6,975.2,499.6
47746.6,974.7,499.3
47750.6,977.1,500.6
47754.5,976.6,500.3
47756.5,974.8,499.4
47758.6,976.8,500.4
47762.5,975.9,500.0
47766.5,976.5,500.2
47768.5,976.5,500.3
47772.6,976.3,500.2
47776.5,975.3,499.6
47778.6,976.8,500.4
47782.5,976.9,500.4
47786.5,975.8,499.9
47790.5,976.1,500.0
47794.5,975.5,499.7
47796.6,976.3,500.1
47800.5,976.5,500.2
47804.6,975.5,499.7
47808.5,976.6,500.3
47810.5,970.4,497.2
47814.5,978.0,501.0
47816.5,978.5,501.3
47818.6,973.2,498.5
47822.5,977.8,500.9
47824.5,975.9,500.0
47828.5,975.5,499.8
47832.6,976.6,500.3
47836.5,974.6,499.3
47840.5,977.1,500.6
47842.6,975.7,499.8
47846.6,976.6,500.3
47850.6,976.2,500.1
47852.6,975.8,499.9
47856.5,976.3,500.2
47858.6,974.2,499.1
47862.5,975.7,499.8
47866.5,977.1,500.5
47870.6,974.9,499.5
47874.6,977.1,500.6
47878.5,976.6,500.3
47880.5,974.4,499.2
47882.6,978.0,501.0
47886.5,975.3,499.7
47888.5,976.9,500.5
47892.5,975.7,499.8
47896.5,975.8,499.9
47900.6,976.3,500.2
47904.5,976.7,500.3
47906.6,975.6,499.8
47910.6,975.2,499.6
47912.6,977.9,501.0
47916.5,975.5,499.8
47920.6,974.1,499.0
47924.5,978.4,501.2
47926.6,978.8,501.5
47930.6,974.6,499.3
47934.5,974.1,499.0
47936.5,861.5,441.3
47940.5,979.1,501.6
47944.6,975.3,499.7
47948.5,975.3,499.6
47950.5,966.4,495.1
47954.6,978.7,501.4
47958.6,972.5,498.2
47960.6,975.3,499.6
47964.5,978.6,501.3
47966.6,976.0,500.0
47970.5,975.6,499.8
47974.5,976.7,500.4
47978.5,975.0,499.5
47982.6,976.6,500.3
47986.6,977.0,500.5
47988.6,974.9,499.4
47992.6,976.4,500.2
47996.5,975.8,499.9
48000.5,976.6,500.3
48002.6,972.4,498.2
48006.6,977.1,500.6
48010.5,974.8,499.4
48012.5,978.4,501.3
48014.6,977.5,500.8
48018.5,975.5,499.7
48022.5,976.2,500.1
48024.6,976.5,500.3
48028.5,973.3,498.6
48032.5,977.0,500.5
48034.5,978.4,501.2
48038.5,976.7,500.3
48040.6,975.2,499.6
48044.6,976.0,500.0
48048.5,975.5,499.8
48050.6,975.9,499.9
48052.6,976.7,500.3
48056.5,975.4,499.7
48058.6,977.8,500.9
48062.6,975.8,499.9
48066.5,975.6,499.8
48070.6,976.4,500.2
48074.6,977.1,500.5
48078.5,975.1,499.6
48082.5,975.9,499.9
48086.5,976.4,500.2
48088.6,975.2,499.6
48090.6,977.9,501.0
48094.5,975.8,499.9
48096.6,975.4,499.7
48100.5,976.1,500.0
48102.5,976.6,500.3
48104.5,974.9,499.4
48106.5,977.9,501.0
48110.5,975.3,499.6
48112.5,977.8,500.9
48116.5,975.6,499.8
48120.6,976.0,500.0
48122.6,975.9,500.0
48126.5,975.2,499.6
48128.6,979.4,501.7
48132.5,975.4,499.7
48134.6,975.1,499.6
48136.6,970.2,497.0
48140.5,978.5,501.3
48144.5,976.9,500.4
48148.6,974.9,499.5
48152.5,977.7,500.9
48154.5,974.6,499.3
48156.5,976.1,500.1
48158.6,976.2,500.1
48162.5,977.1,500.6
48164.5,974.8,499.4
48166.5,974.9,499.5
48168.6,976.1,500.0
48172.5,976.6,500.3
48174.6,974.2,499.1
48178.5,977.3,500.7
48180.6,975.3,499.6
48184.6,976.7,500.4
48188.6,974.2,499.1
48190.6,979.5,501.8
48194.6,974.1,499.0
48198.5,977.7,500.9
48200.5,977.1,500.5
48204.6,975.4,499.7
48208.5,976.2,500.1
48212.6,976.4,500.2
48216.6,975.5,499.8
48220.5,975.5,499.8
48222.6,976.2,500.1
48226.6,977.0,500.5
48230.6,976.5,500.3
48234.5,976.3,500.1
48238.6,948.3,485.8
48240.6,976.2,500.1
48244.6,975.3,499.6
48248.6,977.2,500.6
48252.5,976.0,500.0
48254.6,976.9,500.4
48258.5,975.9,499.9
48260.5,975.6,499.8
48264.5,975.8,499.9
48266.6,976.1,500.1
48268.6,975.9,499.9
48272.5,977.0,500.5
48276.5,974.8,499.4
48278.5,970.6,497.2
48282.5,979.7,501.9
48284.6,975.1,499.5
48288.5,976.4,500.2
48292.5,976.1,500.0
48294.6,975.3,499.6
48298.6,947.4,485.3
48302.6,978.1,501.1
48304.6,975.8,499.9
48308.6,976.2,500.1
48312.5,975.8,499.9
48314.6,975.8,499.9
48318.6,976.4,500.2
48320.6,974.9,499.4
48324.5,976.0,500.0
48326.5,977.4,500.7
48328.5,976.0,500.0
48332.6,976.3,500.2
48336.6,975.3,499.6
48338.6,978.1,501.1
48342.6,975.3,499.6
48346.5,976.7,500.4
48348.6,976.3,500.1
48352.5,975.4,499.7
48354.5,978.1,501.1
48356.6,974.4,499.2
48360.5,974.9,499.4
48362.5,977.4,500.7
48364.5,977.4,500.7
48368.5,975.9,499.9
48372.5,975.2,499.6
48376.6,977.1,500.6
48380.5,976.3,500.1
48382.5,975.5,499.7
48386.5,975.0,499.5
48390.5,977.0,500.5
48392.6,975.1,499.6
48396.6,976.8,500.4
48400.5,976.0,500.0
48402.6,975.9,499.9
48406.5,976.3,500.2
48408.6,976.7,500.3
48412.5,976.1,500.1
48416.6,975.7,499.8
48420.5,976.0,500.0
48424.5,975.2,499.6
48428.6,976.8,500.4
48432.6,976.3,500.1
48436.5,975.8,499.9
48440.5,975.7,499.9
48442.5,976.4,500.2
48444.5,976.6,500.3
48446.6,976.2,500.1
48450.5,975.9,500.0
48452.6,975.4,499.7
48456.6,976.1,500.1
48460.5,976.4,500.2
48462.5,975.0,499.5
48466.6,976.2,500.1
48470.6,976.0,500.0
48472.6,973.5,498.7
48476.5,977.6,500.8
48478.5,977.0,500.5
48480.5,974.6,499.3
48484.5,976.3,500.2
48486.6,975.6,499.8
48490.6,976.2,500.1
48494.5,976.4,500.2
48496.6,975.3,499.7
48500.5,976.4,500.2
48502.6,968.2,496.0
48504.6,983.4,503.8
48508.5,975.6,499.8
48510.5,963.2,493.4
48512.5,988.1,506.2
48516.5,976.2,500.1
48518.5,975.8,499.9
48522.5,976.2,500.1
48524.6,975.4,499.7
48528.6,977.3,500.6
48532.5,975.6,499.8
48534.6,970.9,497.4
48538.5,978.7,501.4
48542.5,975.2,499.6
48546.5,976.7,500.4
48548.5,973.4,498.6
48552.5,976.7,500.4
48556.6,975.8,499.9
48560.5,977.2,500.6
48562.5,976.8,500.4
48564.5,975.7,499.8
48568.5,976.2,500.1
48570.5,974.4,499.2
48572.5,977.4,500.7
48574.6,975.4,499.7
48578.6,976.3,500.2
48582.5,975.7,499.9
48584.6,976.2,500.1
48586.6,976.4,500.2
48590.5,976.3,500.2
48592.5,974.5,499.2
48594.6,976.1,500.0
48598.5,976.1,500.1
48600.6,973.7,498.8
48602.6,979.8,502.0
48606.5,975.6,499.8
48608.6,975.8,499.9
48612.5,977.1,500.6
48614.5,974.3,499.1
48616.5,976.0,500.0
48618.6,975.3,499.6
48622.5,976.5,500.3
48624.6,976.3,500.1
48628.5,976.0,500.0
48630.6,977.0,500.5
48634.6,975.4,499.7
48638.6,976.9,500.5
48642.6,976.1,500.0
48646.5,976.0,500.0
48648.5,975.7,499.8
48652.6,975.8,499.9
48656.5,972.6,498.3
48660.6,978.3,501.2
48664.6,978.4,501.2
48668.5,975.2,499.6
48670.5,975.9,500.0
48674.5,977.0,500.5
48676.5,975.3,499.7
48678.5,975.3,499.7
48680.6,977.4,500.7
48684.5,976.0,500.0
48688.5,974.7,499.3
48690.5,979.1,501.6
48692.5,976.2,500.1
48696.5,975.1,499.6
48700.5,975.9,500.0
48704.5,976.4,500.2
48708.6,975.7,499.8
48712.6,975.8,499.9
48714.6,978.3,501.2
48718.5,947.8,485.6
48720.6,976.6,500.3
48722.6,976.4,500.2
48726.5,976.6,500.3
48730.5,974.3,499.2
48732.6,978.2,501.1
48736.5,975.6,499.8
48738.6,974.6,499.3
48740.6,978.9,501.5
48742.6,975.4,499.7
48746.5,976.6,500.3
48748.5,974.9,499.5
48750.5,975.2,499.6
48752.5,976.6,500.3
48756.5,976.1,500.0
48760.6,975.8,499.9
48764.5,976.0,500.0
48768.5,975.8,499.9
48770.6,976.0,500.0
48774.5,976.3,500.1
48778.5,949.5,486.4
48780.6,976.3,500.1
48784.5,974.9,499.4
48788.5,977.1,500.5
48790.6,972.8,498.4
48794.6,978.2,501.1
48798.5,973.7,498.8
48800.5,980.0,502.1
48804.5,976.2,500.1
48806.6,975.5,499.8
48810.6,973.9,498.9
48814.5,977.5,500.8
48816.6,973.8,498.9
48818.6,977.9,501.0
48822.5,977.0,500.5
48826.5,975.9,499.9
48828.5,977.3,500.7
48832.5,975.2,499.6
48836.5,967.0,495.4
48838.5,940.2,481.7
48840.6,975.8,499.9
48844.6,974.1,499.0
48846.6,980.9,502.5
48850.5,975.9,499.9
48852.6,976.1,500.0
48856.6,973.6,498.8
48858.6,980.3,502.2
48862.6,975.9,500.0
48864.6,976.5,500.3
48868.5,976.4,500.2
48870.5,975.5,499.7
48874.5,976.6,500.3
48878.6,976.1,500.1
48882.5,976.3,500.2
48886.5,975.4,499.7
48890.5,975.3,499.7
48892.6,977.4,500.7
48896.6,968.5,496.2
48898.6,989.3,506.8
48902.5,975.5,499.8
48906.5,978.2,501.1
48908.5,974.9,499.4
48910.6,976.2,500.1
48914.5,976.1,500.1
48918.6,975.3,499.7
48922.6,975.5,499.7
48926.6,976.7,500.4
48930.5,976.0,500.0
48934.5,976.3,500.1
48936.5,976.0,500.0
48938.5,977.2,500.6
48940.5,973.9,498.9
48944.5,976.4,500.2
48948.6,975.7,499.9
48952.5,976.7,500.3
48956.5,969.9,496.9
48960.5,981.7,502.9
48962.5,975.0,499.5
48966.5,975.7,499.8
48970.5,976.7,500.4
48972.5,976.8,500.4
48976.5,976.3,500.2
48978.6,972.0,498.0
48982.6,978.3,501.2
48984.6,976.0,500.0
48988.6,975.7,499.8
48992.5,976.1,500.1
48996.6,976.7,500.4
49000.5,976.5,500.2
49004.6,975.3,499.6
49008.5,976.3,500.2
49012.5,976.0,500.0
49016.5,974.7,499.4
49018.5,978.6,501.3
49022.5,976.2,500.1
49026.6,976.5,500.2
49030.5,975.1,499.6
49032.6,978.1,501.1
49036.5,975.8,499.9
49038.5,975.7,499.9
49040.6,976.0,500.0
49044.6,976.1,500.0
49048.5,977.0,500.5
49050.5,975.1,499.6
49054.5,975.8,499.9
49056.5,976.1,500.0
49058.5,971.0,497.4
49060.5,980.8,502.5
49062.6,975.6,499.8
49066.5,976.2,500.1
49068.6,976.1,500.0
49070.6,969.3,496.5
49074.5,979.4,501.8
49078.5,975.6,499.8
49082.5,975.8,499.9
49084.6,976.9,500.5
49088.5,976.3,500.2
49092.5,976.3,500.1
49096.5,976.0,500.0
49098.6,975.5,499.7
49100.6,973.2,498.6
49102.6,979.7,501.9
49106.6,975.7,499.9
49108.6,976.6,500.3
49112.5,974.8,499.4
49116.6,976.8,500.4
49120.5,976.2,500.1
49124.5,976.2,500.1
49126.6,977.5,500.8
49128.6,975.7,499.9
49132.5,976.1,500.1
49134.5,976.6,500.3
49138.6,974.1,499.0
49142.5,975.0,499.5
49144.6,981.2,502.7
49148.6,975.6,499.8
49150.6,974.7,499.3
49154.5,975.9,499.9
49156.5,978.3,501.2
49160.5,976.9,500.5
49162.5,972.2,498.1
49166.6,977.3,500.7
49170.5,976.6,500.3
49172.5,976.2,500.1
49174.6,976.4,500.2
49178.6,973.7,498.8
49182.5,978.4,501.2
49184.6,976.9,500.5
49186.6,974.6,499.3
49190.5,976.1,500.1
49194.5,975.5,499.7
49198.6,976.2,500.1
49202.5,976.3,500.2
49206.6,976.4,500.2
49210.5,975.7,499.8
49214.5,975.6,499.8
49216.6,976.7,500.3
49220.5,975.0,499.5
49224.5,977.8,500.9
49226.5,974.0,499.0
49230.5,976.2,500.1
49234.5,976.3,500.1
49236.5,974.9,499.4
49238.6,976.9,500.5
49242.6,976.1,500.1
49246.5,975.8,499.9
49250.5,976.7,500.4
49252.5,974.4,499.2
49256.6,975.6,499.8
49260.6,976.7,500.4
49264.6,975.5,499.7
49268.5,975.9,499.9
49270.5,977.5,500.8
49272.6,976.3,500.1
49276.5,974.6,499.3
49278.5,976.3,500.2
49280.6,978.4,501.2
49282.6,975.7,499.8
49286.5,975.2,499.6
49288.5,978.1,501.1
49290.5,975.4,499.7
49294.5,976.2,500.1
49298.5,976.0,500.0
49300.5,975.8,499.9
49302.6,977.9,501.0
49306.6,976.0,500.0
49310.6,975.1,499.6
49314.5,976.1,500.1
49316.5,976.9,500.5
49320.5,974.3,499.1
49322.6,977.9,501.0
49326.5,976.8,500.4
49330.5,976.8,500.4
49332.5,974.0,499.0
49336.6,976.5,500.3
49340.5,975.0,499.5
49342.5,977.8,500.9
49346.5,976.1,500.1
49350.5,976.7,500.4
49352.5,974.9,499.4
49356.6,975.8,499.9
49360.5,976.3,500.1
49362.6,975.8,499.9
49366.6,976.2,500.1
49370.6,976.5,500.3
49374.5,975.9,500.0
49376.5,973.6,498.8
49380.5,976.9,500.5
49384.5,976.6,500.3
49386.5,975.5,499.7
49388.6,976.2,500.1
49392.5,976.4,500.2
49394.5,975.8,499.9
49396.6,976.8,500.4
49400.6,975.8,499.9
49404.6,975.7,499.8
49408.5,974.9,499.5
49412.6,976.7,500.4
49414.6,977.1,500.5
49418.5,975.0,499.5
49420.5,978.1,501.1
49422.6,977.0,500.5
49424.6,975.0,499.5
49428.5,975.3,499.7
49430.6,977.8,500.9
49434.5,975.7,499.8
49436.6,977.3,500.7
49440.5,974.5,499.2
49444.5,977.0,500.5
49446.5,977.6,500.8
49448.6,973.9,498.9
49452.6,976.5,500.3
49456.5,976.7,500.3
49460.5,975.8,499.9
49462.6,976.1,500.0
49466.5,975.2,499.6
49468.6,977.9,501.0
49472.6,975.2,499.6
49476.6,975.7,499.9
49480.5,977.4,500.7
49484.5,975.9,499.9
49488.6,976.3,500.1
49492.5,972.7,498.3
49494.5,982.2,503.2
49498.5,975.7,499.8
49500.5,973.3,498.6
49504.6,977.4,500.7
49508.5,976.6,500.3
49510.6,976.2,500.1
49514.5,973.6,498.8
49516.6,978.7,501.4
49520.6,976.9,500.5
49524.5,973.3,498.6
49528.5,977.6,500.8
49530.5,976.4,500.2
49532.6,975.8,499.9
49536.5,977.6,500.8
49540.6,975.6,499.8
49544.5,972.8,498.3
49548.5,976.5,500.3
49550.5,981.1,502.6
49554.5,976.7,500.4
49556.5,970.3,497.1
49560.5,978.7,501.4
49564.6,975.7,499.9
49568.6,975.9,500.0
49572.6,976.0,500.0
49576.6,976.7,500.4
49580.5,976.4,500.2
49584.5,974.9,499.4
49586.5,977.2,500.6
49588.5,975.3,499.7
49592.5,976.2,500.1
49594.5,977.6,500.8
49596.6,974.5,499.3
49600.5,976.3,500.2
49602.6,976.3,500.2
49606.5,976.1,500.1
49610.5,975.4,499.7
49612.5,976.6,500.3
49614.6,975.8,499.9
49618.6,949.4,486.4
49622.5,975.5,499.7
49624.5,977.9,501.0
49626.6,974.9,499.4
49630.6,975.1,499.5
49634.5,976.4,500.2
49636.6,977.2,500.6
49640.5,974.2,499.1
49642.6,980.4,502.3
49646.5,972.9,498.4
49648.5,983.3,503.7
49652.5,974.4,499.2
49654.6,977.2,500.6
49658.5,976.3,500.1
49660.6,976.3,500.2
49664.6,976.1,500.1
49668.5,976.2,500.1
49672.5,976.3,500.1
49676.6,974.3,499.1
49680.6,977.2,500.6
49684.5,976.8,500.4
49688.5,975.9,499.9
49692.6,974.3,499.1
49694.6,979.5,501.8
49698.5,974.0,499.0
49700.5,979.4,501.7
49704.6,975.0,499.5
49708.5,976.6,500.3
49710.5,978.3,501.2
49714.5,976.3,500.1
49716.6,975.1,499.5
49720.5,976.3,500.2
49722.6,972.1,498.0
49724.6,977.6,500.8
49728.5,976.8,500.4
49730.5,976.1,500.0
49734.6,976.6,500.3
49738.5,975.2,499.6
49740.6,974.7,499.3
49744.6,976.3,500.2
49748.5,976.2,500.1
49750.6,975.9,500.0
49754.5,976.9,500.5
49756.6,973.8,498.9
49760.5,976.7,500.4
49764.5,975.0,499.5
49766.6,977.4,500.7
49770.5,975.6,499.8
49772.5,975.1,499.6
49776.6,974.9,499.4
49780.5,977.7,500.9
49782.5,972.5,498.2
49786.6,977.4,500.7
49790.5,975.3,499.6
49792.6,977.2,500.6
49796.5,975.3,499.6
49800.5,975.9,499.9
49804.5,976.8,500.4
49808.6,975.9,499.9
49812.5,976.8,500.4
49814.6,974.3,499.1
49818.5,975.5,499.7
49822.6,976.2,500.1
49826.5,976.6,500.3
49828.5,974.8,499.4
49830.6,975.6,499.8
49834.6,975.9,500.0
49838.5,976.1,500.1
49842.5,975.7,499.9
49844.6,977.2,500.6
49848.5,975.7,499.8
49850.5,976.2,500.1
49854.6,975.6,499.8
49858.5,976.1,500.1
49860.5,976.5,500.3
49864.6,975.6,499.8
49868.6,976.4,500.2
49872.5,975.9,500.0
49874.6,976.7,500.4
49878.5,975.7,499.8
49882.5,976.2,500.1
49886.5,975.9,500.0
49888.6,975.2,499.6
49890.6,976.2,500.1
49894.5,976.0,500.0
49896.5,975.0,499.5
49898.6,976.8,500.4
49902.5,975.7,499.9
49906.5,976.2,500.1
49908.6,974.6,499.3
49912.5,976.2,500.1
49914.6,975.8,499.9
49916.6,971.5,497.7
49920.5,978.7,501.4
49922.5,975.0,499.5
49924.6,975.0,499.5
49928.6,976.5,500.2
49932.5,975.7,499.8
49936.6,976.4,500.2
49940.6,975.5,499.7
49944.5,974.6,499.3
49948.5,977.5,500.8
49950.6,972.1,498.0
49954.5,978.1,501.1
49956.6,974.4,499.2
49960.5,975.8,499.9
49962.6,976.8,500.4
49966.5,976.4,500.2
49970.5,975.5,499.7
49972.6,976.4,500.2
49976.6,973.3,498.6
49980.5,978.3,501.2
49982.6,976.2,500.1
49986.6,975.7,499.9
49990.5,976.1,500.1
49994.5,976.6,500.3
49998.5,975.6,499.8
50000.5,974.6,499.3
50004.6,976.5,500.3
50008.6,975.8,499.9
50012.5,976.8,500.4
50014.5,973.9,498.9
50016.6,976.5,500.3
50020.5,976.6,500.3
50024.6,975.5,499.8
50028.5,976.2,500.1
50030.5,975.2,499.6
50032.6,977.1,500.6
50036.5,976.2,500.1
50038.5,920.3,471.5
50040.6,976.6,500.3
50044.5,975.4,499.7
50046.5,976.3,500.1
50048.6,977.4,500.7
50052.5,976.6,500.3
50054.6,976.5,500.2
50056.6,971.4,497.7
50060.5,978.2,501.1
50062.5,975.2,499.6
50064.6,977.1,500.6
50068.5,976.1,500.0
50070.5,976.2,500.1
50074.5,975.7,499.9
50076.5,976.0,500.0
50080.5,976.5,500.3
50082.5,975.9,500.0
50086.5,976.4,500.2
50088.5,977.5,500.8
50092.6,974.9,499.4
50096.5,977.1,500.6
50098.5,974.7,499.3
50100.6,975.8,499.9
50104.5,976.5,500.2
50106.5,976.0,500.0
50110.5,975.9,499.9
50112.6,974.7,499.3
50114.6,977.2,500.6
50118.6,976.3,500.2
50122.5,976.6,500.3
50124.6,974.7,499.3
50128.6,976.7,500.4
50132.6,973.5,498.7
50136.5,978.3,501.2
50138.6,975.4,499.7
50142.6,976.6,500.3
50146.5,975.8,499.9
50148.5,975.3,499.6
50152.5,976.4,500.2
50154.6,975.5,499.8
50156.6,979.0,501.6
50160.6,975.6,499.8
50164.6,974.8,499.4
50168.5,977.1,500.6
50172.5,975.8,499.9
50174.6,976.7,500.4
50176.6,975.2,499.6
50180.6,975.6,499.8
50184.5,976.6,500.3
50188.5,976.1,500.1
50190.6,975.5,499.8
50194.5,976.4,500.2
50196.5,974.5,499.2
50198.5,977.6,500.8
50202.5,975.6,499.8
50204.5,974.0,499.0
50208.5,978.0,501.0
50212.5,975.9,499.9
50214.5,975.4,499.7
50218.5,975.8,499.9
50222.6,976.7,500.4
50226.6,975.4,499.7
50230.5,976.2,500.1
50232.6,976.3,500.1
50236.5,976.7,500.4
50240.6,974.8,499.4
50244.6,977.3,500.7
50248.5,976.1,500.1
50252.5,975.6,499.8
50256.5,976.4,500.2
50258.5,976.9,500.5
50260.5,974.9,499.4
50262.6,975.9,500.0
50266.5,976.0,500.0
50270.5,976.8,500.4
50272.6,975.0,499.5
50276.6,976.4,500.2
50280.5,975.5,499.8
50284.5,977.1,500.6
50288.6,975.7,499.8
50292.5,974.3,499.1
50294.6,976.5,500.3
50298.6,977.8,500.9
50302.5,976.0,500.0
50306.5,976.2,500.1
50308.5,975.3,499.6
50312.5,975.9,500.0
50314.5,976.5,500.3
50316.6,977.4,500.7
50320.6,975.5,499.7
50324.5,976.6,500.3
50326.6,975.0,499.5
50328.6,967.2,495.5
50332.5,981.1,502.6
50334.5,975.7,499.9
50338.6,975.7,499.9
50342.6,977.2,500.6
50346.5,976.1,500.1
50348.6,974.9,499.4
50352.6,975.6,499.8
50356.5,976.8,500.4
50358.5,975.2,499.6
50360.5,975.8,499.9
50362.5,976.6,500.3
50366.6,976.1,500.0
50370.5,976.7,500.4
50372.5,974.6,499.3
50374.5,976.2,500.1
50376.5,976.6,500.3
50380.5,977.0,500.5
50384.5,975.5,499.7
50388.5,976.2,500.1
50390.6,976.1,500.0
50394.6,976.2,500.1
50398.6,975.1,499.5
50402.5,976.2,500.1
50404.6,977.9,501.0
50408.5,972.2,498.0
50410.5,982.6,503.4
50414.5,976.7,500.4
50418.5,976.7,500.4
50422.5,976.0,500.0
50424.6,975.6,499.8
50428.6,975.7,499.9
50432.5,976.9,500.4
50436.5,975.9,500.0
50438.6,964.8,494.3
50442.5,981.3,502.7
50444.6,977.6,500.8
50448.5,975.9,499.9
50450.6,975.6,499.8
50454.5,976.7,500.3
50456.5,975.5,499.7
50460.5,975.8,499.9
50462.5,976.8,500.4
50466.5,976.2,500.1
50468.5,977.6,500.8
50470.5,974.6,499.3
50474.6,975.5,499.8
50478.6,975.6,499.8
50482.5,977.3,500.7
50486.5,975.7,499.8
50490.5,977.0,500.5
50492.6,971.1,497.5
50496.6,977.8,500.9
50498.6,975.5,499.7
50502.5,976.2,500.1
50506.5,976.3,500.2
50510.5,976.4,500.2
50512.5,972.9,498.4
50514.5,975.5,499.8
50516.6,978.5,501.3
50520.5,975.7,499.8
50522.5,978.4,501.2
50526.6,975.8,499.9
50530.5,971.5,497.7
50532.5,981.7,502.9
50534.6,979.4,501.8
50538.5,975.9,500.0
50540.5,976.4,500.2
50544.5,975.7,499.8
50548.5,976.4,500.2
50550.5,977.5,500.8
50552.6,975.6,499.8
50556.5,975.4,499.7
50558.5,976.4,500.2
50560.5,977.4,500.7
50564.6,974.7,499.3
50566.6,976.4,500.2
50570.5,976.9,500.5
50572.5,976.9,500.5
50574.6,975.3,499.6
50576.6,970.9,497.4
50578.6,979.5,501.8
50582.5,976.7,500.3
50586.6,975.9,500.0
50590.5,975.7,499.9
50592.6,977.6,500.8
50596.6,976.0,500.0
50600.5,975.2,499.6
50602.5,977.9,501.0
50604.6,977.1,500.6
50608.5,975.9,499.9
50612.6,975.7,499.9
50616.5,975.8,499.9
50618.6,976.8,500.4
50622.6,976.6,500.3
50626.5,975.2,499.6
50630.5,976.3,500.1
50634.5,976.9,500.5
50636.5,975.1,499.5
50638.6,974.1,499.0
50642.5,977.1,500.5
50646.6,976.2,500.1
50650.5,975.5,499.8
50654.6,976.5,500.3
50658.6,976.2,500.1
50662.5,976.3,500.2
50666.6,976.1,500.1
50668.6,971.8,497.9
50672.5,977.8,500.9
50676.6,975.7,499.9
50680.5,976.9,500.5
50682.5,975.0,499.5
50684.6,976.3,500.2
50688.5,977.1,500.5
50690.5,974.8,499.4
50694.6,976.1,500.0
50698.6,976.0,500.0
50702.5,976.0,500.0
50704.6,977.1,500.6
50708.5,974.9,499.4
50710.5,976.9,500.5
50712.5,976.4,500.2
50714.5,976.2,500.1
50716.6,976.0,500.0
50720.5,976.5,500.2
50724.6,975.5,499.7
50728.5,977.1,500.5
50730.6,975.2,499.6
50732.6,976.0,500.0
50736.6,976.2,500.1
50740.5,975.1,499.5
50744.5,977.6,500.8
50746.5,975.9,499.9
50750.6,976.1,500.0
50754.5,977.4,500.7
50756.5,973.7,498.8
50760.5,973.7,498.8
50764.5,979.4,501.8
50768.5,976.2,500.1
50770.5,975.1,499.5
50774.5,976.0,500.0
50776.6,976.5,500.2
50780.6,976.5,500.2
50784.6,976.2,500.1
50788.6,976.2,500.1
50790.6,975.2,499.6
50794.6,975.9,500.0
50798.5,975.4,499.7
50802.5,977.0,500.5
50804.5,975.6,499.8
50808.5,976.3,500.1
50810.5,976.6,500.3
50812.5,976.0,500.0
50816.5,976.0,500.0
50818.5,912.5,467.5
50822.6,980.0,502.0
50826.5,976.8,500.4
50828.5,976.5,500.2
50830.5,976.4,500.2
50832.6,975.7,499.9
50836.5,977.0,500.5
50840.5,975.9,500.0
50842.5,975.3,499.6
50844.5,976.7,500.4
50848.5,976.5,500.3
50852.5,975.6,499.8
50854.5,975.9,499.9
50858.5,969.5,496.7
50860.6,988.0,506.2
50864.5,974.4,499.2
50868.6,978.2,501.1
50872.6,975.9,499.9
50876.6,974.8,499.4
50880.5,917.4,470.0
50882.6,977.5,500.8
50886.5,975.9,500.0
50890.5,976.5,500.3
50892.5,970.1,497.0
50894.6,981.1,502.6
50898.5,976.6,500.3
50902.6,975.2,499.6
50906.6,973.2,498.6
50910.5,980.0,502.0
50914.5,975.5,499.8
50918.6,976.1,500.0
50922.5,976.1,500.1
50924.6,976.3,500.1
50926.6,975.8,499.9
50930.6,976.6,500.3
50934.6,976.6,500.3
50936.6,971.9,497.9
50940.6,977.2,500.6
50944.6,975.9,500.0
50948.6,974.2,499.1
50952.6,978.4,501.2
50956.5,976.5,500.3
50960.5,976.4,500.2
50962.5,974.6,499.3
50966.5,976.0,500.0
50968.5,975.3,499.6
50970.5,975.9,500.0
50974.5,975.9,499.9
50976.6,977.0,500.5
50980.5,976.3,500.2
50982.6,975.0,499.5
50986.5,976.4,500.2
50988.6,975.6,499.8
50990.6,976.6,500.3
50994.6,976.2,500.1
50998.5,969.8,496.8
51000.6,988.1,506.2
51004.5,975.3,499.7
51008.5,976.6,500.3
51012.5,975.2,499.6
51016.6,977.0,500.5
51020.6,975.9,499.9
51022.6,975.4,499.7
51026.6,976.9,500.5
51030.5,976.1,500.1
51034.5,977.2,500.6
51036.6,975.4,499.7
51040.5,975.3,499.6
51042.5,978.2,501.1
51044.6,975.2,499.6
51048.5,975.3,499.6
51050.5,975.9,500.0
51054.6,976.8,500.4
51056.6,975.6,499.8
51060.6,976.4,500.2
51064.5,974.7,499.3
51066.6,978.5,501.3
51070.5,975.7,499.8
51072.6,977.6,500.8
51076.6,975.1,499.6
51078.6,977.5,500.8
51082.5,975.5,499.8
51086.6,976.5,500.3
51090.5,975.8,499.9
51094.5,977.1,500.6
51096.5,974.9,499.4
51100.5,974.0,499.0
51104.6,978.2,501.1
51108.6,976.6,500.3
51112.6,974.9,499.4
51116.5,976.8,500.4
51118.5,967.5,495.7
51122.5,979.8,502.0
51126.6,977.0,500.5
51130.5,975.4,499.7
51132.5,974.9,499.4
51136.5,977.7,500.9
51138.5,974.2,499.1
51140.6,977.5,500.8
51144.5,975.8,499.9
51146.6,977.3,500.7
51148.6,974.0,499.0
51152.5,976.4,500.2
51154.5,976.2,500.1
51156.5,977.7,500.9
51160.5,975.6,499.8
51164.5,976.3,500.1
51166.6,975.5,499.7
51170.5,976.0,500.0
51172.6,977.1,500.6
51176.6,976.0,500.0
51180.5,975.4,499.7
51184.6,975.9,499.9
51188.6,976.0,500.0
51192.6,975.9,499.9
51196.6,975.9,500.0
51200.5,977.2,500.6
51202.5,973.9,498.9
51206.5,976.8,500.4
51208.5,975.2,499.6
51210.6,971.8,497.8
51214.6,978.2,501.1
51218.5,976.5,500.3
51220.5,975.8,499.9
51222.6,973.1,498.5
51226.5,977.7,500.9
51228.6,973.1,498.5
51230.6,979.1,501.6
51234.5,975.5,499.8
51238.5,972.8,498.4
51242.5,952.6,488.0
51246.5,975.9,500.0
51250.6,977.0,500.5
51254.6,975.9,500.0
51258.6,975.9,500.0
51262.5,975.8,499.9
51264.5,974.7,499.4
51266.6,977.6,500.8
51268.6,976.3,500.1
51270.6,976.6,500.3
51274.6,975.7,499.8
51278.5,976.4,500.2
51280.6,976.9,500.4
51284.6,975.3,499.7
51288.5,975.8,499.9
51292.6,976.5,500.3
51296.5,976.2,500.1
51298.6,975.7,499.9
51302.6,976.5,500.2
51306.5,976.7,500.4
51308.6,970.9,497.4
51310.6,979.0,501.5
51314.5,977.0,500.5
51316.5,972.5,498.2
51320.5,977.0,500.5
51322.5,977.7,500.9
51324.5,975.0,499.5
51326.5,976.5,500.2
51328.6,977.0,500.5
51330.6,974.8,499.4
51334.5,976.0,500.0
51338.5,976.8,500.4
51342.5,976.2,500.1
51344.6,973.8,498.9
51348.5,977.2,500.6
51352.5,975.9,499.9
51354.5,976.8,500.4
51358.5,976.0,500.0
51360.5,975.5,499.8
51364.6,974.6,499.3
51368.6,976.4,500.2
51372.6,976.9,500.5
51376.5,976.8,500.4
51380.5,975.7,499.8
51382.6,971.1,497.5
51386.5,978.4,501.3
51390.6,976.6,500.3
51394.6,975.1,499.5
51398.5,975.7,499.9
51400.6,977.8,500.9
51404.5,975.1,499.6
51406.5,977.8,500.9
51408.5,974.6,499.3
51412.5,976.4,500.2
51414.6,973.3,498.6
51418.5,977.5,500.7
51422.6,974.6,499.3
51426.5,977.8,500.9
51428.6,970.8,497.3
51432.6,978.0,501.0
51436.6,974.5,499.2
51440.6,977.9,501.0
51444.5,973.9,498.9
51446.5,980.3,502.2
51450.5,976.5,500.3
51452.6,974.3,499.1
51454.6,975.7,499.8
51458.5,976.4,500.2
51460.6,974.1,499.0
51464.5,975.9,499.9
51466.5,979.2,501.6
51468.6,972.1,498.0
51470.6,979.6,501.9
51474.5,975.3,499.6
51476.5,976.3,500.2
51478.6,976.2,500.1
51480.6,975.9,500.0
51484.5,977.1,500.6
51486.6,973.9,498.9
51488.6,976.8,500.4
51492.6,976.2,500.1
51496.5,975.9,499.9
51498.5,976.8,500.4
51500.6,975.7,499.8
51504.5,976.5,500.2
51506.5,976.1,500.1
51508.6,975.5,499.7
51510.6,975.8,499.9
51514.5,975.6,499.8
51518.5,973.3,498.6
51520.6,982.4,503.3
51524.6,974.2,499.1
51528.5,978.0,501.0
51532.5,976.7,500.3
51534.5,975.3,499.6
51538.6,976.4,500.2
51542.5,975.7,499.8
51544.5,974.9,499.4
51546.6,975.1,499.5
51548.6,973.3,498.6
51550.6,980.4,502.3
51554.5,974.7,499.3
51556.5,977.5,500.8
51560.5,976.3,500.2
51562.5,975.4,499.7
51564.6,974.3,499.1
51568.5,977.5,500.8
51570.5,976.4,500.2
51574.6,975.9,499.9
51578.6,975.3,499.7
51582.5,976.3,500.2
51586.5,975.9,499.9
51588.6,975.7,499.9
51592.6,976.1,500.0
51596.5,975.8,499.9
51598.5,976.2,500.1
51602.5,976.0,500.0
51606.5,976.3,500.2
51608.6,975.7,499.9
51612.5,976.1,500.0
51614.5,973.4,498.6
51618.5,977.2,500.6
51620.6,973.4,498.7
51622.6,977.0,500.5
51626.5,977.2,500.6
51628.6,974.6,499.3
51632.5,976.6,500.3
51636.5,976.2,500.1
51640.6,975.2,499.6
51644.5,973.3,498.6
51646.5,983.3,503.7
51648.6,967.1,495.5
51650.6,983.8,504.0
51654.5,975.2,499.6
51658.6,977.1,500.6
51662.5,948.9,486.1
51666.5,976.2,500.1
51670.5,976.0,500.0
51674.5,976.4,500.2
51676.6,973.0,498.5
51678.6,978.3,501.2
51682.6,976.0,500.0
51684.6,975.4,499.7
51688.5,977.1,500.5
51690.5,976.0,500.0
51694.5,976.5,500.3
51698.5,975.5,499.8
51700.6,975.6,499.8
51702.6,973.8,498.9
51706.6,976.5,500.3
51710.5,976.9,500.4
51712.5,976.9,500.5
51714.6,975.7,499.8
51718.5,975.5,499.7
51720.6,923.2,472.9
51724.5,976.4,500.2
51726.5,976.6,500.3
51730.6,976.2,500.1
51734.5,975.6,499.8
51736.5,975.0,499.5
51738.5,977.9,501.0
51740.6,972.0,498.0
51744.6,977.6,500.8
51748.5,976.2,500.1
51750.6,976.0,500.0
51754.5,975.6,499.8
51756.6,978.3,501.2
51760.5,975.8,499.9
51762.5,975.7,499.9
51764.6,975.9,500.0
51766.6,976.6,500.3
51770.6,975.7,499.8
51772.6,975.7,499.8
51776.6,976.2,500.1
51780.5,948.1,485.7
51782.5,976.5,500.2
51784.6,966.9,495.3
51788.5,981.2,502.7
51790.6,977.5,500.8
51794.6,975.5,499.7
51796.6,977.5,500.8
51800.5,975.6,499.8
51804.6,976.8,500.4
51808.5,976.1,500.1
51810.5,974.7,499.4
51812.5,975.5,499.8
51816.6,975.3,499.6
51820.5,975.0,499.5
51824.5,978.4,501.3
51826.6,974.9,499.5
51830.5,975.9,499.9
51832.6,976.7,500.3
51836.6,975.7,499.8
51840.5,975.7,499.8
51842.5,975.4,499.7
51846.5,976.5,500.3
51848.6,977.5,500.8
51852.5,975.6,499.8
51854.5,976.7,500.3
51858.5,973.7,498.8
51862.5,978.2,501.1
51866.6,976.4,500.2
51868.6,976.0,500.0
51872.5,975.8,499.9
51876.5,975.9,499.9
51878.6,977.7,500.9
51882.5,975.3,499.6
51886.6,977.1,500.6
51888.6,969.4,496.6
51892.5,978.1,501.1
51894.5,976.8,500.4
51896.5,977.8,500.9
51898.6,969.0,496.4
51902.5,979.2,501.7
51904.6,974.2,499.1
51908.5,976.9,500.5
51910.5,976.9,500.4
51912.6,975.4,499.7
51916.5,976.4,500.2
51918.5,977.1,500.6
51922.5,975.3,499.6
51924.6,974.8,499.4
51928.6,976.6,500.3
51930.6,975.8,499.9
51934.5,976.4,500.2
51938.6,976.5,500.3
51940.6,975.9,500.0
51944.5,975.3,499.6
51948.6,976.5,500.3
51950.6,974.0,499.0
51954.6,977.2,500.6
51956.6,976.3,500.1
51960.6,975.8,499.9
51962.6,974.6,499.3
51966.5,976.4,500.2
51968.6,976.9,500.5
51972.5,975.6,499.8
51974.5,976.7,500.3
51978.5,976.6,500.3
51980.6,974.5,499.2
51984.5,976.7,500.3
51986.5,976.2,500.1
51988.6,975.4,499.7
51992.6,976.0,500.0
51994.6,977.7,500.9
51998.6,975.7,499.8
52002.5,976.5,500.3
52006.5,976.0,500.0
52010.6,975.6,499.8
52012.6,977.3,500.7
52014.6,976.1,500.1
52018.5,976.3,500.2
52022.5,976.1,500.1
52024.5,973.9,498.9
52028.6,976.5,500.2
52032.5,976.9,500.5
52036.6,976.2,500.1
52040.5,975.6,499.8
52042.5,976.3,500.1
52044.5,975.4,499.7
52046.6,975.1,499.6
52050.5,976.8,500.4
52054.5,976.5,500.3
52056.6,975.6,499.8
52060.5,975.4,499.7
52062.5,976.7,500.3
52066.5,975.1,499.5
52068.6,979.1,501.6
52072.6,976.0,500.0
52076.5,976.4,500.2
52080.5,976.0,500.0
52082.5,974.9,499.4
52086.5,976.3,500.2
52090.5,976.4,500.2
52092.5,976.0,500.0
52094.6,975.6,499.8
52098.5,976.1,500.1
52102.6,975.3,499.6
52106.5,976.4,500.2
52110.5,976.6,500.3
52114.6,975.0,499.5
52118.5,976.4,500.2
52120.5,976.4,500.2
52124.5,975.3,499.6
52126.6,978.2,501.1
52130.6,974.4,499.2
52132.6,977.8,500.9
52136.6,976.1,500.0
52140.5,949.1,486.2
52144.6,974.4,499.2
52148.5,978.0,501.0
52150.6,975.1,499.5
52154.5,976.9,500.5
52158.5,975.5,499.7
52162.5,976.1,500.1
52166.5,974.8,499.4
52168.5,979.3,501.7
52170.6,976.0,500.0
52172.6,973.7,498.8
52176.6,978.0,501.0
52180.6,976.0,500.0
52182.6,973.8,498.9
52184.6,977.8,500.9
52186.6,974.9,499.4
52190.5,977.1,500.6
52192.6,972.7,498.3
52196.5,975.0,499.5
52200.5,977.9,501.0
52202.5,976.5,500.3
52206.5,976.5,500.2
52208.6,976.2,500.1
52210.6,975.3,499.7
52214.6,976.0,500.0
52218.5,974.7,499.3
52222.5,977.8,500.9
52226.5,976.2,500.1
52228.6,975.7,499.9
52232.5,976.9,500.5
52234.5,972.2,498.1
52238.5,977.9,500.9
52242.6,975.7,499.9
52244.6,976.1,500.0
52248.6,976.1,500.1
52250.6,976.9,500.5
52254.5,975.5,499.8
52256.6,975.0,499.5
52260.5,949.2,486.3
52262.5,977.9,501.0
52266.5,975.7,499.8
52268.5,975.0,499.5
52270.5,975.8,499.9
52274.5,976.2,500.1
52278.5,976.8,500.4
52280.5,974.5,499.3
52284.5,976.0,500.0
52286.5,977.5,500.8
52288.5,973.4,498.7
52290.6,977.6,500.8
52294.5,976.2,500.1
52298.5,975.8,499.9
52302.6,975.8,499.9
52306.6,976.8,500.4
52310.6,973.6,498.8
52314.5,977.0,500.5
52316.5,978.0,501.0
52318.6,976.3,500.2
52320.6,975.8,499.9
52324.5,975.8,499.9
52328.5,975.8,499.9
52330.6,977.8,500.9
52334.5,976.0,500.0
52336.5,974.7,499.4
52338.5,975.6,499.8
52342.5,977.0,500.5
52346.6,975.7,499.9
52350.5,975.5,499.8
52354.5,976.3,500.2
52356.6,977.2,500.6
52360.6,975.9,500.0
52364.5,975.0,499.5
52366.6,978.0,501.0
52370.6,975.9,499.9
52374.6,975.2,499.6
52378.5,977.0,500.5
52382.6,949.4,486.4
52386.6,976.6,500.3
52390.6,975.2,499.6
52392.6,977.2,500.6
52396.5,974.5,499.2
52398.5,977.2,500.6
52400.6,975.1,499.5
52404.6,976.8,500.4
52406.6,976.3,500.2
52408.6,976.7,500.3
52412.5,976.0,500.0
52414.5,976.1,500.1
52416.6,976.7,500.4
52420.5,976.7,500.3
52424.6,974.7,499.3
52428.6,976.6,500.3
52432.5,975.6,499.8
52434.5,973.7,498.8
52438.5,977.3,500.7
52442.6,976.1,500.0
52446.6,976.2,500.1
52450.6,975.5,499.7
52454.5,976.2,500.1
52458.6,976.0,500.0
52462.5,975.9,500.0
52464.6,976.8,500.4
52466.6,973.7,498.8
52470.5,977.2,500.6
52472.6,975.5,499.8
52476.5,976.2,500.1
52478.5,974.9,499.4
52480.5,977.7,500.9
52484.5,976.3,500.1
52488.5,975.5,499.8
52490.6,975.5,499.7
52494.6,975.3,499.7
52498.5,976.0,500.0
52500.6,970.7,497.3
52502.6,982.3,503.2
52504.6,973.2,498.6
52508.5,977.7,500.8
52512.5,976.0,500.0
52516.6,976.4,500.2
52520.5,976.1,500.0
52522.5,975.9,499.9
52524.6,973.0,498.4
52528.6,977.7,500.9
52532.5,974.0,499.0
52536.6,978.4,501.2
52540.5,976.1,500.1
52542.5,975.7,499.8
52544.6,974.7,499.3
52548.5,976.7,500.4
52552.6,976.6,500.3
52556.6,974.0,499.0
52560.5,977.0,500.5
52564.5,976.8,500.4
52568.5,975.2,499.6
52570.5,976.5,500.2
52572.5,974.9,499.5
52576.5,977.0,500.5
52578.6,975.9,499.9
52582.5,976.1,500.0
52586.6,976.4,500.2
52590.5,975.9,500.0
52594.6,973.4,498.7
52598.5,977.9,501.0
52600.5,976.2,500.1
52602.6,976.3,500.2
52604.6,976.6,500.3
52606.6,975.0,499.5
52610.6,975.2,499.6
52612.6,976.5,500.3
52616.5,976.9,500.5
52618.5,976.4,500.2
52620.6,972.6,498.3
52624.6,978.0,501.0
52628.6,975.2,499.6
52632.5,976.0,500.0
52634.5,975.8,499.9
52636.5,976.3,500.1
52638.6,976.0,500.0
52642.5,976.7,500.3
52646.5,975.2,499.6
52648.5,976.8,500.4
52650.6,976.1,500.0
52654.5,974.9,499.4
52656.5,976.2,500.1
52658.5,977.8,500.9
52662.5,974.6,499.3
52666.5,976.8,500.4
52668.6,975.4,499.7
52672.6,975.0,499.5
52676.6,976.2,500.1
52680.6,975.7,499.8
52684.5,976.6,500.3
52686.6,976.6,500.3
52690.6,975.9,499.9
52694.5,975.9,499.9
52696.6,972.4,498.2
52700.6,975.4,499.7
52704.5,978.2,501.1
52708.6,975.6,499.8
52712.5,975.9,499.9
52714.6,975.8,499.9
52718.5,976.2,500.1
52720.6,976.1,500.0
52722.6,976.9,500.5
52726.6,974.6,499.3
52730.5,976.7,500.4
52732.5,975.9,499.9
52734.6,976.5,500.3
52738.5,975.2,499.6
52740.6,977.9,501.0
52742.6,975.2,499.6
52746.5,973.9,498.9
52750.5,978.5,501.3
52752.5,970.9,497.4
52754.5,977.1,500.6
52756.5,979.0,501.6
52760.6,975.6,499.8
52762.6,976.0,500.0
52766.5,976.0,500.0
52768.5,976.3,500.2
52770.5,977.3,500.6
52774.5,975.0,499.5
52778.5,976.7,500.4
52780.5,974.9,499.4
52784.5,976.3,500.1
52786.5,975.5,499.7
52790.5,976.1,500.1
52794.6,974.4,499.2
52796.6,978.8,501.4
52800.5,969.3,496.5
52802.5,985.6,504.9
52804.5,979.2,501.6
52808.6,975.5,499.7
52812.6,976.9,500.4
52816.6,975.9,499.9
52820.5,975.8,499.9
52824.5,975.4,499.7
52826.6,977.3,500.7
52830.5,975.9,500.0
52832.5,976.5,500.2
52836.6,976.1,500.1
52840.5,975.4,499.7
52844.5,976.5,500.2
52848.5,975.7,499.8
52850.6,977.6,500.8
52854.5,975.1,499.5
52856.6,975.3,499.6
52860.5,975.1,499.5
52862.6,977.7,500.9
52866.5,976.9,500.4
52870.5,975.3,499.7
52872.5,974.9,499.4
52876.5,976.9,500.5
52878.6,975.6,499.8
52882.5,975.4,499.7
52884.6,976.3,500.2
52888.5,976.0,500.0
52890.5,976.7,500.3
52892.5,974.0,499.0
52896.6,975.6,499.8
52900.5,976.1,500.1
52902.6,978.8,501.5
52906.6,975.1,499.5
52910.5,976.3,500.2
52912.6,977.1,500.5
52916.5,975.9,500.0
52920.5,976.0,500.0
52924.6,976.3,500.1
52928.5,975.6,499.8
52930.6,974.2,499.1
52934.5,976.4,500.2
52936.5,975.5,499.8
52940.5,975.4,499.7
52942.5,977.8,500.9
52946.6,976.0,500.0
52950.5,975.0,499.5
52954.6,976.8,500.4
52958.6,974.8,499.4
52960.6,974.0,499.0
52964.5,978.2,501.1
52968.5,975.8,499.9
52970.5,975.3,499.6
52972.6,977.1,500.6
52976.6,974.2,499.1
52980.6,971.1,497.5
52982.6,987.4,505.8
52986.6,975.9,500.0
52990.5,976.2,500.1
52994.5,975.9,499.9
52996.6,978.3,501.2
53000.6,974.5,499.2
53004.5,976.9,500.5
53006.6,974.2,499.1
53010.5,976.7,500.3
53012.6,976.5,500.3
53016.5,975.6,499.8
53018.5,973.8,498.8
53022.6,977.1,500.6
53024.6,974.9,499.4
53028.6,974.5,499.3
53032.6,977.4,500.7
53036.5,976.1,500.0
53038.5,977.1,500.6
53042.5,976.0,500.0
53046.6,975.0,499.5
53050.5,976.4,500.2
53052.6,973.8,498.9
53056.6,976.5,500.2
53060.5,976.4,500.2
53064.5,976.0,500.0
53066.6,976.3,500.1
53070.5,975.8,499.9
53074.6,976.2,500.1
53078.5,975.8,499.9
53080.5,976.1,500.1
53082.6,973.9,498.9
53086.6,977.1,500.5
53090.6,975.3,499.7
53094.5,977.2,500.6
53096.5,974.3,499.1
53098.6,976.7,500.4
53102.5,976.4,500.2
53106.5,975.6,499.8
53108.5,971.7,497.8
53110.5,980.0,502.0
53114.5,975.5,499.7
53116.5,975.9,499.9
53120.6,976.2,500.1
53124.5,976.0,500.0
53126.6,974.9,499.4
53130.5,974.6,499.3
53132.5,981.5,502.8
53134.6,974.8,499.4
53136.6,973.6,498.8
53140.5,975.9,500.0
53142.5,977.9,501.0
53144.6,976.3,500.1
53148.5,975.0,499.5
53150.5,977.2,500.6
53152.5,976.7,500.4
53156.5,974.8,499.4
53160.5,976.6,500.3
53162.5,977.3,500.6
53164.5,975.3,499.7
53168.6,975.2,499.6
53172.6,976.8,500.4
53176.5,974.8,499.4
53178.5,978.9,501.5
53182.5,976.1,500.0
53186.5,975.0,499.5
53190.5,976.7,500.3
53194.5,975.2,499.6
53196.5,973.9,498.9
53200.5,977.1,500.6
53204.5,976.9,500.5
53208.5,975.7,499.8
53210.5,974.7,499.3
53212.5,976.0,500.0
53214.5,976.0,500.0
53216.6,976.6,500.3
53220.5,974.0,499.0
53224.6,973.0,498.5
53228.5,980.5,502.3
53230.5,974.5,499.2
53232.5,976.7,500.4
53234.5,976.3,500.1
53238.6,976.4,500.2
53242.6,976.2,500.1
53246.6,975.2,499.6
53250.5,976.8,500.4
53254.5,975.4,499.7
53256.5,976.8,500.4
53258.6,975.5,499.8
53262.5,975.3,499.6
53264.6,978.2,501.1
53268.5,976.2,500.1
53270.5,973.2,498.6
53272.5,976.5,500.3
53276.5,976.9,500.5
53278.6,975.0,499.5
53280.6,964.2,494.0
53284.6,955.1,489.3
53288.6,975.9,499.9
53292.5,975.3,499.6
53294.5,977.4,500.7
53296.6,975.3,499.6
53300.5,973.8,498.9
53302.5,982.4,503.3
53304.6,975.5,499.7
53308.5,975.3,499.7
53310.5,975.7,499.8
53312.6,976.1,500.0
53316.6,975.8,499.9
53320.5,977.4,500.7
53322.5,976.8,500.4
53326.5,976.4,500.2
53330.6,975.3,499.6
53334.5,977.0,500.5
53338.5,975.2,499.6
53342.6,949.8,486.6
53344.6,974.6,499.3
53348.5,976.2,500.1
53350.5,974.5,499.2
53354.5,976.7,500.3
53358.6,976.6,500.3
53362.5,975.2,499.6
53364.6,974.5,499.2
53366.6,981.0,502.6
53370.5,974.8,499.4
53372.5,976.6,500.3
53374.6,975.5,499.8
53378.5,975.7,499.8
53382.5,976.2,500.1
53384.6,976.5,500.3
53388.6,976.0,500.0
53392.5,976.2,500.1
53394.6,976.6,500.3
53398.5,976.6,500.3
53400.5,971.5,497.7
53402.6,979.3,501.7
53406.6,976.5,500.2
53410.6,976.5,500.3
53414.5,975.1,499.5
53416.6,978.3,501.2
53420.5,975.6,499.8
53422.6,970.2,497.0
53426.5,979.0,501.5
53428.5,976.9,500.5
53432.6,975.9,499.9
53436.6,975.5,499.7
53440.6,975.9,499.9
53444.5,977.3,500.7
53448.6,976.1,500.1
53452.5,976.1,500.1
53454.5,974.4,499.2
53458.6,975.8,499.9
53462.6,976.8,500.4
53466.5,975.5,499.8
53468.6,976.7,500.3
53472.5,975.8,499.9
53474.6,978.2,501.1
53478.6,975.4,499.7
53482.5,974.9,499.5
53484.5,979.5,501.8
53488.6,976.2,500.1
53492.5,975.3,499.6
53494.5,977.6,500.8
53496.6,975.6,499.8
53500.5,975.6,499.8
53504.5,977.1,500.6
53508.6,976.2,500.1
53512.5,975.5,499.7
53516.6,975.9,499.9
53520.5,976.7,500.4
53522.6,975.9,499.9
53524.6,976.0,500.0
53528.5,976.4,500.2
53532.6,975.6,499.8
53536.5,977.0,500.5
53538.5,973.3,498.6
53542.5,977.5,500.8
53546.6,975.3,499.6
53550.5,976.6,500.3
53552.6,975.0,499.5
53554.6,973.1,498.5
53558.6,978.7,501.4
53560.6,974.5,499.2
53564.5,975.1,499.5
53566.5,979.7,501.9
53568.6,972.5,498.2
53572.5,977.4,500.7
53574.5,977.2,500.6
53578.6,975.7,499.8
53582.6,976.6,500.3
53586.5,975.1,499.6
53590.6,975.5,499.7
53594.5,976.5,500.2
53596.5,976.6,500.3
53598.6,975.4,499.7
53602.5,976.7,500.3
53604.6,978.0,501.0
53608.5,975.4,499.7
53612.6,975.7,499.8
53616.5,977.0,500.5
53618.5,975.2,499.6
53620.6,976.7,500.4
53624.6,976.1,500.0
53628.5,976.3,500.2
53632.5,976.6,500.3
53636.5,976.5,500.2
53638.5,976.7,500.3
53642.5,975.2,499.6
53646.5,976.3,500.2
53650.6,976.8,500.4
53652.6,975.8,499.9
53656.5,975.6,499.8
53660.6,976.3,500.1
53662.6,977.2,500.6
53666.6,975.7,499.8
53670.5,976.7,500.3
53674.6,975.7,499.8
53678.5,976.3,500.2
53680.5,975.9,500.0
53682.5,978.3,501.2
53686.5,975.2,499.6
53688.6,976.2,500.1
53690.6,978.0,501.0
53694.6,975.2,499.6
53698.5,977.0,500.5
53700.5,975.0,499.5
53704.6,976.5,500.2
53708.5,976.7,500.3
53710.5,975.0,499.5
53712.6,974.8,499.4
53716.6,977.1,500.6
53720.5,976.3,500.2
53722.6,973.9,498.9
53726.5,975.7,499.8
53728.6,980.3,502.2
53732.6,975.5,499.8
53736.6,976.0,500.0
53740.5,976.6,500.3
53742.5,975.9,499.9
53744.5,974.3,499.1
53748.5,976.6,500.3
53750.5,975.6,499.8
53754.5,976.0,500.0
53758.5,976.5,500.3
53760.6,977.2,500.6
53764.5,975.4,499.7
53766.6,975.2,499.6
53770.5,977.4,500.7
53772.6,973.8,498.9
53776.6,976.8,500.4
53780.5,976.3,500.2
53782.6,974.9,499.4
53786.5,976.6,500.3
53788.6,976.1,500.1
53792.5,976.4,500.2
53796.5,975.5,499.7
53800.6,976.0,500.0
53804.5,976.4,500.2
53808.5,976.3,500.1
53810.6,973.2,498.6
53814.5,977.2,500.6
53816.5,975.0,499.5
53818.6,978.0,501.0
53822.5,975.3,499.6
53824.5,976.9,500.5
53826.5,976.5,500.3
53830.6,973.8,498.9
53834.6,978.8,501.4
53836.6,969.6,496.7
53840.6,979.3,501.7
53844.6,976.0,500.0
53848.5,976.1,500.0
53850.6,973.7,498.8
53854.5,976.7,500.4
53858.5,976.6,500.3
53860.6,975.9,500.0
53864.5,976.7,500.4
53866.6,976.4,500.2
53870.5,975.1,499.5
53872.6,975.5,499.7
53874.6,978.7,501.4
53878.5,975.1,499.6
53880.5,976.2,500.1
53884.5,949.6,486.5
53888.5,976.1,500.1
53890.6,971.8,497.9
53894.5,977.3,500.7
53896.5,976.1,500.0
53898.6,978.3,501.2
53900.6,973.2,498.6
53904.6,977.1,500.5
53908.5,976.7,500.4
53910.5,974.5,499.3
53912.5,976.8,500.4
53916.6,976.4,500.2
53920.6,976.0,500.0
53924.5,975.4,499.7
53926.5,976.1,500.0
53930.6,976.0,500.0
53934.6,976.5,500.2
53938.6,975.7,499.8
53942.5,976.4,500.2
53944.6,976.0,500.0
53948.5,975.7,499.8
53950.6,975.3,499.7
53954.6,976.1,500.0
53956.6,977.0,500.5
53960.6,975.7,499.9
53964.6,976.8,500.4
53968.5,975.0,499.5
53972.5,976.8,500.4
53976.5,976.1,500.1
53978.5,975.8,499.9
53982.5,975.3,499.6
53984.6,974.9,499.4
53988.5,976.8,500.4
53990.5,976.9,500.5
53994.6,975.8,499.9
53998.5,976.3,500.2
54000.5,975.7,499.8
54004.5,976.1,500.0
54008.5,976.1,500.1
54010.6,976.8,500.4
54014.5,975.6,499.8
54016.5,976.9,500.4
54018.5,974.3,499.1
54022.6,976.9,500.5
54026.5,975.6,499.8
54030.5,976.2,500.1
54034.6,975.6,499.8
54038.5,976.4,500.2
54040.5,976.3,500.2
54044.6,974.1,499.0
54048.6,977.7,500.9
54052.5,976.7,500.4
54054.6,975.6,499.8
54058.5,975.5,499.7
54062.6,976.5,500.2
54066.5,975.6,499.8
54068.5,976.7,500.4
54070.6,976.4,500.2
54074.6,976.0,500.0
54078.6,976.2,500.1
54082.5,976.0,500.0
54084.5,976.6,500.3
54086.6,971.4,497.6
54090.5,977.7,500.9
54092.6,976.5,500.3
54096.6,975.6,499.8
54100.5,976.9,500.5
54102.6,974.6,499.3
54106.5,972.4,498.2
54108.5,977.9,501.0
54112.5,979.4,501.8
54114.5,974.2,499.1
54116.6,977.3,500.7
54120.5,975.8,499.9
54122.5,975.1,499.5
54126.6,976.6,500.3
54128.6,972.6,498.2
54132.6,977.3,500.6
54136.6,976.6,500.3
54140.5,975.7,499.9
54142.6,976.6,500.3
54144.6,977.0,500.5
54146.6,976.3,500.2
54150.5,976.3,500.2
54152.6,975.8,499.9
54156.5,976.1,500.0
54160.5,976.1,500.1
54162.5,971.8,497.8
54164.6,980.2,502.1
54168.6,976.1,500.0
54172.5,975.5,499.7
54174.5,977.2,500.6
54178.6,974.5,499.2
54182.6,977.4,500.7
54186.5,976.6,500.3
54190.5,975.8,499.9
54192.5,972.9,498.4
54194.5,977.0,500.5
54198.5,977.6,500.8
54202.5,975.8,499.9
54204.5,975.4,499.7
54206.6,975.6,499.8
54210.5,976.7,500.4
54214.5,975.9,500.0
54216.6,974.9,499.4
54220.5,976.7,500.3
54222.5,975.2,499.6
54226.5,976.9,500.5
54228.6,975.1,499.5
54232.6,975.9,500.0
54234.6,974.8,499.4
54238.5,977.1,500.6
54240.5,976.6,500.3
54244.6,975.7,499.9
54248.5,976.1,500.1
54250.6,976.3,500.1
54254.6,975.6,499.8
54258.5,975.2,499.6
54260.5,974.4,499.2
54264.5,977.6,500.8
54266.6,975.7,499.8
54270.5,976.4,500.2
54272.6,974.7,499.3
54276.6,972.9,498.4
54280.6,979.3,501.7
54284.5,976.6,500.3
54286.6,976.2,500.1
54288.6,974.1,499.0
54290.6,978.0,501.0
54294.5,975.3,499.6
54296.6,974.0,499.0
54300.5,976.8,500.4
54302.6,977.7,500.9
54306.5,975.9,499.9
54308.6,974.8,499.4
54312.6,975.8,499.9
54314.6,976.9,500.4
54318.6,975.6,499.8
54322.5,975.2,499.6
54324.6,979.9,502.0
54328.5,975.6,499.8
54330.6,976.0,500.0
54334.5,975.4,499.7
54336.5,978.4,501.2
54340.5,976.0,500.0
54344.5,975.2,499.6
54348.5,976.6,500.3
54350.5,976.4,500.2
54352.5,974.1,499.0
54356.6,976.8,500.4
54360.5,975.4,499.7
54362.6,977.3,500.7
54366.5,976.2,500.1
54370.5,976.2,500.1
54372.5,975.2,499.6
54376.6,976.7,500.4
54380.5,973.7,498.8
54382.6,979.9,502.0
54386.5,976.6,500.3
54388.5,975.0,499.5
54392.5,976.3,500.2
54394.5,974.8,499.4
54396.6,977.8,500.9
54400.6,975.6,499.8
54404.5,976.5,500.2
54406.6,976.6,500.3
54408.6,975.3,499.7
54412.5,976.1,500.1
54414.6,974.5,499.2
54418.5,976.2,500.1
54420.6,975.8,499.9
54424.5,976.0,500.0
54426.5,976.0,500.0
54430.5,976.7,500.3
54434.5,976.2,500.1
54438.5,975.4,499.7
54440.5,975.5,499.7
54442.6,976.9,500.5
54446.5,976.2,500.1
54448.5,975.8,499.9
54452.5,976.1,500.1
54454.6,975.8,499.9
54458.6,976.6,500.3
54462.5,975.5,499.8
54464.6,977.1,500.6
54468.5,975.9,500.0
54470.5,974.9,499.4
54472.5,976.0,500.0
54476.6,977.0,500.5
54480.5,975.4,499.7
54482.6,974.5,499.2
54484.6,977.0,500.5
54488.5,976.5,500.2
54492.5,976.2,500.1
54494.6,973.9,498.9
54498.5,976.8,500.4
54502.5,974.9,499.4
54504.6,978.3,501.2
54508.5,975.9,499.9
54510.5,976.9,500.5
54512.5,974.3,499.1
54516.5,976.9,500.5
54518.5,976.5,500.3
54522.5,976.3,500.1
54524.5,973.8,498.9
54528.5,976.1,500.1
54530.5,977.7,500.8
54534.5,976.2,500.1
54536.5,975.1,499.6
54538.6,977.0,500.5
54542.6,975.6,499.8
54546.5,976.1,500.1
54548.5,977.5,500.8
54550.6,975.0,499.5
54552.6,975.9,499.9
54556.5,976.1,500.1
54560.6,976.8,500.4
54564.5,975.8,499.9
54568.6,975.8,499.9
54570.6,976.2,500.1
54574.5,975.6,499.8
54576.6,975.6,499.8
54578.6,976.2,500.1
54580.6,976.0,500.0
54584.5,977.0,500.5
54588.5,975.5,499.8
54590.5,975.0,499.5
54592.6,975.2,499.6
54596.5,976.5,500.3
54600.5,975.2,499.6
54602.6,974.4,499.2
54604.6,977.5,500.8
54608.5,975.4,499.7
54610.6,977.4,500.7
54614.5,976.4,500.2
54618.5,975.8,499.9
54620.6,975.6,499.8
54624.5,975.3,499.7
54626.6,976.2,500.1
54630.5,977.2,500.6
54632.5,974.5,499.3
54636.6,976.9,500.4
54640.5,976.2,500.1
54644.5,975.7,499.8
54648.6,975.7,499.9
54652.6,975.5,499.7
54656.6,975.0,499.5
54658.6,970.6,497.2
54662.5,980.8,502.4
54664.6,974.6,499.3
54666.6,976.5,500.3
54670.5,975.5,499.8
54672.5,977.3,500.7
54676.6,972.7,498.3
54680.6,979.2,501.6
54684.5,975.2,499.6
54688.5,976.7,500.4
54690.5,977.7,500.9
54694.6,976.6,500.3
54698.5,974.0,499.0
54700.6,977.0,500.5
54704.6,977.0,500.5
54708.5,976.1,500.0
54710.6,975.4,499.7
54714.5,975.6,499.8
54718.6,975.0,499.5
54722.5,977.5,500.8
54726.5,974.4,499.2
54728.6,979.3,501.7
54732.5,975.9,499.9
54736.5,976.5,500.3
54740.5,975.8,499.9
54742.5,972.6,498.3
54744.6,980.2,502.1
54748.5,975.4,499.7
54752.6,976.6,500.3
54756.6,974.5,499.2
54760.6,977.8,500.9
54764.6,975.1,499.5
54766.6,976.3,500.2
54768.6,976.4,500.2
54772.5,975.8,499.9
54774.5,977.5,500.8
54778.5,976.4,500.2
54780.5,975.0,499.5
54782.6,913.2,467.8
54786.5,980.8,502.4
54788.5,974.8,499.4
54792.5,976.5,500.3
54796.5,976.5,500.3
54798.5,975.7,499.8
54800.5,974.8,499.4
54804.6,976.2,500.1
54808.5,975.9,500.0
54810.5,972.8,498.4
54812.6,981.0,502.6
54816.5,975.5,499.7
54818.6,975.8,499.9
54822.5,976.0,500.0
54824.5,976.0,500.0
54826.6,974.4,499.2
54830.5,977.3,500.7
54834.5,976.0,500.0
54836.6,975.7,499.9
54840.5,974.4,499.2
54842.5,974.8,499.4
54846.5,978.0,501.0
54850.5,974.0,499.0
54852.5,979.2,501.6
54854.5,975.8,499.9
54858.6,976.9,500.4
54860.6,976.2,500.1
54864.6,975.5,499.8
54868.6,976.1,500.0
54872.6,976.2,500.1
54876.5,976.1,500.1
54880.6,975.5,499.8
54884.5,976.7,500.4
54886.6,975.0,499.5
54890.6,976.0,500.0
54894.5,976.5,500.2
54898.5,975.5,499.8
54900.5,976.0,500.0
54902.6,974.8,499.4
54906.6,975.2,499.6
54910.5,978.1,501.1
54914.6,976.0,500.0
54918.6,976.2,500.1
54922.6,975.9,499.9
54926.5,976.0,500.0
54930.5,976.4,500.2
54932.6,974.0,499.0
54936.6,976.7,500.4
54940.5,976.0,500.0
54944.5,976.3,500.2
54946.5,974.8,499.4
54950.5,977.0,500.5
54954.5,975.8,499.9
54956.5,977.2,500.6
54960.6,976.1,500.0
54964.6,975.9,500.0
54966.6,975.1,499.6
54970.5,975.8,499.9
54974.5,976.3,500.1
54976.5,976.7,500.4
54980.5,975.9,499.9
54984.5,976.2,500.1
54986.5,973.3,498.6
54990.5,977.5,500.7
54992.5,975.0,499.5
54996.5,976.4,500.2
55000.5,976.3,500.2
55004.5,975.8,499.9
55006.6,976.0,500.0
55010.5,975.8,499.9
55014.6,976.1,500.0
55018.5,976.4,500.2
55022.5,971.3,497.6
55026.5,980.5,502.3
55028.6,976.9,500.5
55032.5,976.0,500.0
55036.6,975.6,499.8
55040.6,976.4,500.2
55044.5,975.6,499.8
55048.6,976.0,500.0
55052.5,976.8,500.4
55054.5,974.4,499.2
55058.5,974.5,499.2
55062.6,977.2,500.6
55064.6,978.2,501.1
55068.5,973.9,498.9
55070.6,974.4,499.2
55074.5,978.5,501.3
55078.6,975.2,499.6
55082.6,973.8,498.9
55086.5,979.1,501.6
55088.5,971.1,497.5
55092.5,978.1,501.1
55094.5,975.3,499.6
55096.6,976.2,500.1
55100.6,976.3,500.2
55102.6,976.4,500.2
55104.6,976.0,500.0
55108.5,975.9,500.0
55112.5,976.5,500.2
55114.5,974.5,499.2
55116.6,976.6,500.3
55120.5,975.8,499.9
55124.6,975.7,499.8
55128.5,976.8,500.4
55130.6,976.5,500.3
55134.6,976.1,500.1
55138.5,975.4,499.7
55140.6,975.8,499.9
55144.5,976.4,500.2
55146.5,972.4,498.2
55150.5,977.8,500.9
55152.6,973.0,498.4
55156.6,977.8,500.9
55160.6,976.2,500.1
55164.5,975.7,499.8
55166.5,975.9,499.9
55168.5,976.1,500.0
55172.5,976.8,500.4
55176.6,975.7,499.9
55180.5,975.9,500.0
55182.6,972.5,498.2
55186.5,976.3,500.1
55190.5,977.5,500.8
55192.6,970.0,496.9
55196.5,976.7,500.4
55200.5,977.4,500.7
55202.5,969.2,496.5
55206.5,980.3,502.2
55210.5,975.6,499.8
55212.6,976.8,500.4
55216.6,974.3,499.1
55220.5,977.2,500.6
55224.5,976.4,500.2
55228.5,973.8,498.9
55230.5,981.8,503.0
55232.5,973.2,498.6
55236.5,976.9,500.5
55240.6,975.5,499.8
55242.6,977.7,500.9
55246.5,976.1,500.1
55250.5,975.9,499.9
55252.6,975.3,499.6
55256.6,975.8,499.9
55258.6,978.8,501.4
55262.5,969.7,496.8
55266.6,954.9,489.2
55270.5,975.8,499.9
55272.6,976.5,500.2
55276.5,976.6,500.3
55278.5,973.5,498.7
55280.5,977.3,500.7
55282.6,977.7,500.8
55284.6,974.8,499.4
55288.5,976.2,500.1
55290.6,976.8,500.4
55294.5,975.2,499.6
55298.6,976.5,500.3
55302.5,976.3,500.1
55304.6,977.0,500.5
55308.5,975.3,499.6
55310.5,976.9,500.5
55312.6,974.8,499.4
55316.5,976.1,500.0
55320.5,976.4,500.2
55324.6,976.0,500.0
55328.5,975.7,499.8
55330.6,975.5,499.8
55334.5,976.4,500.2
55336.5,975.9,499.9
55338.6,977.1,500.6
55342.6,974.4,499.2
55346.6,977.7,500.9
55348.6,974.7,499.3
55350.6,978.1,501.1
55354.5,974.3,499.1
55356.6,978.5,501.3
55360.6,976.0,500.0
55364.5,976.1,500.1
55366.6,971.4,497.6
55370.5,978.1,501.1
55372.5,976.0,500.0
55376.5,975.5,499.7
55378.6,977.5,500.8
55382.5,976.1,500.0
55386.6,973.9,498.9
55390.5,977.9,501.0
55394.5,976.3,500.2
55396.5,974.9,499.4
55398.5,976.3,500.2
55402.5,976.3,500.1
55406.5,976.2,500.1
55408.5,976.5,500.2
55412.5,976.4,500.2
55416.6,975.7,499.8
55420.5,976.0,500.0
55422.5,976.0,500.0
55424.6,976.8,500.4
55428.5,975.5,499.8
55432.5,975.9,500.0
55434.6,974.2,499.1
55438.5,977.0,500.5
55440.5,977.0,500.5
55442.6,973.6,498.8
55446.6,976.8,500.4
55450.5,976.5,500.3
55454.5,975.3,499.6
55458.5,977.0,500.5
55462.5,973.8,498.9
55464.5,978.8,501.4
55468.6,976.6,500.3
55472.5,975.9,499.9
55474.5,977.3,500.7
55476.6,976.6,500.3
55480.5,975.7,499.9
55482.6,976.2,500.1
55486.5,975.1,499.6
55490.5,976.4,500.2
55492.6,976.4,500.2
55496.5,973.8,498.9
55498.5,980.4,502.3
55500.6,976.4,500.2
55504.6,976.1,500.0
55508.6,974.6,499.3
55512.5,977.8,500.9
55516.5,975.9,500.0
55518.6,977.3,500.7
55522.5,976.2,500.1
55524.5,974.9,499.5
55526.5,973.5,498.7
55528.6,976.9,500.5
55532.6,977.0,500.5
55536.5,975.9,500.0
55540.6,975.1,499.5
55544.5,977.4,500.7
55546.5,975.7,499.8
55548.6,976.3,500.1
55552.5,973.4,498.7
55554.6,980.6,502.4
55558.5,975.8,499.9
55562.5,976.9,500.4
55566.5,975.9,500.0
55568.6,975.5,499.8
55572.6,975.5,499.8
55576.5,976.9,500.5
55578.5,976.6,500.3
55580.5,974.9,499.4
55582.5,977.5,500.8
55584.6,974.6,499.3
55588.5,975.8,499.9
55592.5,976.9,500.5
55594.5,976.1,500.0
55598.5,975.9,500.0
55600.6,976.1,500.1
55604.5,975.4,499.7
55608.6,972.4,498.1
55612.5,978.1,501.1
55614.6,981.4,502.8
55618.5,975.6,499.8
55620.5,971.0,497.4
55624.6,977.1,500.6
55628.5,976.6,500.3
55632.5,977.3,500.6
55634.5,975.1,499.5
55638.6,974.8,499.4
55642.5,977.1,500.6
55644.5,976.3,500.1
55648.6,974.1,499.0
55650.6,979.0,501.6
55654.5,975.3,499.7
55656.5,978.3,501.2
55658.5,976.2,500.1
55662.5,976.2,500.1
55664.5,973.7,498.8
55666.6,978.7,501.4
55668.6,975.8,499.9
55672.5,976.7,500.4
55674.5,975.0,499.5
55676.5,976.6,500.3
55678.6,974.8,499.4
55682.5,976.5,500.2
55684.5,923.1,472.9
55688.6,974.0,499.0
55692.5,976.4,500.2
55696.5,977.3,500.7
55700.5,976.4,500.2
55702.5,972.9,498.4
55704.6,977.3,500.7
55708.6,976.9,500.4
55712.5,975.9,499.9
55716.5,976.4,500.2
55720.6,975.3,499.6
55724.6,976.7,500.3
55728.5,976.3,500.2
55730.6,973.8,498.8
55734.5,976.4,500.2
55738.6,975.6,499.8
55742.5,976.6,500.3
55744.6,922.9,472.8
55748.6,975.5,499.7
55752.5,975.1,499.5
55756.5,977.4,500.7
55760.6,975.2,499.6
55764.6,975.3,499.6
55766.6,979.9,502.0
55770.6,975.2,499.6
55774.6,976.4,500.2
55778.5,976.3,500.1
55780.5,975.8,499.9
55784.6,976.1,500.0
55788.5,975.9,499.9
55790.5,974.6,499.3
55794.5,976.3,500.2
55798.5,975.7,499.8
55802.5,976.5,500.3
55804.6,975.2,499.6
55808.6,976.6,500.3
55810.6,972.6,498.3
55814.5,977.7,500.9
55816.6,977.2,500.6
55820.6,975.2,499.6
55824.5,977.3,500.7
55826.6,975.5,499.8
55830.6,975.5,499.8
55834.5,975.9,500.0
55836.6,977.1,500.6
55840.5,975.0,499.5
55842.6,978.2,501.1
55846.6,975.6,499.8
55850.6,976.6,500.3
55854.6,975.2,499.6
55856.6,977.9,501.0
55860.5,975.3,499.7
55862.5,976.7,500.4
55864.5,976.2,500.1
55866.5,974.2,499.1
55870.5,976.3,500.1
55872.6,971.7,497.8
55874.6,979.6,501.9
55878.6,977.2,500.6
55882.5,975.0,499.5
55884.5,976.9,500.5
55888.6,975.6,499.8
55892.5,975.9,500.0
55894.6,976.2,500.1
55898.6,976.6,500.3
55902.6,975.1,499.5
55906.5,976.1,500.1
55908.5,977.4,500.7
55910.5,972.6,498.3
55914.5,976.9,500.5
55916.5,975.7,499.8
55920.6,975.9,499.9
55924.6,976.2,500.1
55928.6,975.8,499.9
55930.6,976.6,500.3
55934.5,976.2,500.1
55936.6,977.4,500.7
55938.6,975.4,499.7
55942.5,976.0,500.0
55944.5,975.0,499.5
55948.5,976.3,500.2
55950.5,976.9,500.5
55954.5,973.2,498.5
55956.5,981.1,502.6
55958.6,974.9,499.4
55962.6,976.4,500.2
55966.5,975.4,499.7
55968.6,978.9,501.5
55972.5,974.7,499.3
55976.5,977.2,500.6
55980.6,975.2,499.6
55984.5,975.2,499.6
55986.5,978.1,501.1
55988.6,974.9,499.4
55990.6,975.2,499.6
55994.5,977.0,500.5
55998.5,975.3,499.7
56002.5,976.4,500.2
56004.5,975.1,499.5
56006.6,975.9,499.9
56010.5,976.2,500.1
56012.5,976.7,500.3
56014.6,976.0,500.0
56016.6,976.2,500.1
56020.5,975.5,499.8
56022.5,976.6,500.3
56026.5,976.6,500.3
56028.5,974.9,499.5
56030.6,974.7,499.3
56034.6,976.5,500.3
56038.5,975.9,500.0
56042.5,976.4,500.2
56044.5,973.0,498.5
56048.5,977.1,500.6
56052.5,975.7,499.9
56054.6,974.4,499.2
56058.5,976.0,500.0
56062.6,974.9,499.4
56064.6,979.5,501.8
56068.6,976.5,500.3
56072.6,975.7,499.8
56076.5,975.8,499.9
56078.5,972.1,498.0
56080.6,979.6,501.8
56084.5,975.0,499.5
56086.5,977.8,500.9
56090.6,974.8,499.4
56092.6,978.7,501.4
56096.6,975.5,499.7
56098.6,977.5,500.7
56102.6,976.5,500.3
56106.5,975.5,499.7
56108.6,974.7,499.4
56112.5,976.2,500.1
56114.5,977.0,500.5
56118.5,975.1,499.6
56120.5,972.0,498.0
56122.5,980.5,502.3
56126.5,976.1,500.1
56130.5,976.2,500.1
56132.5,974.8,499.4
56134.5,976.2,500.1
56138.5,975.7,499.9
56140.5,972.6,498.2
56142.6,981.3,502.7
56146.5,975.4,499.7
56150.5,976.3,500.2
56154.5,975.5,499.7
56156.6,975.8,499.9
56160.5,976.4,500.2
56162.6,974.5,499.2
56164.6,977.5,500.8
56168.5,974.9,499.5
56172.5,977.5,500.7
56174.6,973.7,498.8
56178.5,977.2,500.6
56182.6,975.3,499.7
56186.5,976.0,500.0
56190.5,976.2,500.1
56192.6,975.7,499.8
56196.5,976.0,500.0
56198.6,975.8,499.9
56202.5,976.4,500.2
56204.5,976.3,500.2
56208.6,976.2,500.1
56212.5,975.5,499.8
56214.5,973.0,498.4
56216.5,978.3,501.2
56220.5,976.8,500.4
56222.5,974.7,499.3
56224.6,976.6,500.3
56228.5,976.1,500.1
56232.5,975.9,499.9
56234.6,975.5,499.8
56238.5,974.7,499.3
56240.6,978.7,501.4
56244.5,976.2,500.1
56246.6,976.0,500.0
56250.5,975.8,499.9
56252.5,970.8,497.3
56254.5,979.7,501.9
56256.6,974.8,499.4
56258.6,977.8,500.9
56262.5,976.2,500.1
56264.5,974.2,499.1
56268.6,976.0,500.0
56272.5,974.6,499.3
56274.6,980.1,502.1
56278.5,976.1,500.1
56280.5,976.5,500.3
56282.6,974.7,499.3
56286.5,974.9,499.5
56288.5,978.7,501.4
56290.6,975.1,499.5
56294.5,977.1,500.6
56296.5,976.0,500.0
56298.6,975.6,499.8
56302.5,975.7,499.8
56306.5,975.6,499.8
56308.5,978.6,501.3
56310.5,974.5,499.2
56314.5,976.2,500.1
56316.5,977.0,500.5
56320.5,975.5,499.8
56324.5,976.5,500.3
56326.6,973.2,498.6
56330.6,976.3,500.2
56334.5,976.8,500.4
56336.5,974.7,499.3
56338.6,977.7,500.9
56342.6,975.8,499.9
56346.5,976.5,500.2
56348.6,972.8,498.4
56352.6,977.1,500.6
56356.5,975.8,499.9
56358.6,976.9,500.5
56362.5,975.7,499.9
56364.6,973.3,498.6
56368.5,977.1,500.6
56372.6,976.8,500.4
56376.5,975.1,499.5
56380.5,976.2,500.1
56382.5,977.4,500.7
56384.6,975.6,499.8
56386.6,975.0,499.5
56390.5,975.7,499.8
56392.5,974.5,499.2
56394.6,976.4,500.2
56398.5,977.2,500.6
56400.6,975.9,500.0
56404.5,975.3,499.7
56406.6,977.3,500.7
56410.5,975.8,499.9
56412.5,970.8,497.3
56414.5,975.8,499.9
56416.5,981.8,503.0
56418.6,974.9,499.4
56422.5,976.5,500.2
56424.6,976.4,500.2
56428.6,975.5,499.7
56432.6,976.7,500.4
56436.5,975.8,499.9
56440.5,974.9,499.4
56442.6,975.0,499.5
56446.5,977.3,500.6
56450.5,974.2,499.1
56454.5,977.2,500.6
56456.6,978.1,501.1
56460.5,975.4,499.7
56464.6,975.3,499.6
56468.6,976.9,500.5
56470.6,973.2,498.6
56474.6,975.7,499.8
56478.6,977.0,500.5
56482.5,976.1,500.0
56486.5,975.8,499.9
56488.6,973.0,498.5
56492.5,978.2,501.1
56494.5,973.0,498.5
56498.5,978.0,501.0
56502.5,974.9,499.4
56506.5,976.4,500.2
56510.6,973.7,498.8
56514.5,977.6,500.8
56516.5,977.7,500.9
56520.5,974.6,499.3
56522.6,978.6,501.4
56526.5,947.0,485.1
56528.6,978.8,501.4
56532.5,975.9,499.9
56534.5,976.9,500.5
56538.5,975.9,499.9
56540.6,976.0,500.0
56544.5,976.2,500.1
56548.6,975.5,499.8
56552.5,975.9,500.0
56554.5,978.6,501.3
56556.5,974.9,499.4
56560.5,976.3,500.1
56564.6,976.6,500.3
56568.6,975.4,499.7
56572.6,976.0,500.0
56576.5,977.0,500.5
56580.5,975.2,499.6
56582.5,977.0,500.5
56586.5,948.7,486.0
56590.5,975.4,499.7
56592.6,976.1,500.1
56594.6,977.7,500.9
56598.5,976.0,500.0
56602.5,975.7,499.8
56604.6,975.7,499.8
56606.6,976.0,500.0
56610.6,975.7,499.8
56614.6,976.0,500.0
56616.6,978.3,501.2
56620.5,976.2,500.1
56622.5,975.0,499.5
56626.6,976.4,500.2
56630.5,976.2,500.1
56632.6,973.5,498.7
56636.6,976.5,500.2
56640.5,976.7,500.4
56642.6,975.7,499.9
56646.5,948.3,485.8
56650.5,976.4,500.2
56652.6,976.9,500.4
56656.5,975.4,499.7
56660.5,976.4,500.2
56662.5,977.0,500.5
56666.5,973.2,498.5
56668.5,979.7,501.9
56670.5,976.8,500.4
56674.5,975.1,499.5
56676.5,978.3,501.2
56680.5,975.7,499.9
56682.6,972.4,498.2
56686.5,978.0,501.0
56690.5,976.0,500.0
56692.6,975.6,499.8
56696.6,977.1,500.6
56700.5,975.3,499.6
56702.6,975.6,499.8
56706.5,976.9,500.4
56708.6,973.7,498.8
56712.6,975.8,499.9
56714.6,977.6,500.8
56718.5,975.5,499.7
56722.5,973.8,498.9
56726.5,979.0,501.5
56730.6,975.7,499.9
56734.5,975.6,499.8
56738.5,977.5,500.8
56742.5,976.0,500.0
56744.6,975.0,499.5
56748.5,976.8,500.4
56750.5,976.0,500.0
56754.5,975.2,499.6
56756.6,976.4,500.2
56760.5,976.1,500.0
56764.5,970.4,497.1
56766.6,986.1,505.2
56770.6,976.3,500.2
56774.5,976.3,500.1
56776.5,976.6,500.3
56780.5,975.3,499.6
56782.5,975.5,499.7
56786.6,977.0,500.5
56790.5,975.9,499.9
56792.5,975.5,499.8
56794.5,976.9,500.5
56798.5,976.0,500.0
56800.6,977.0,500.5
56804.5,975.7,499.8
56808.6,976.0,500.0
56812.5,975.7,499.9
56814.5,977.0,500.5
56816.5,974.7,499.3
56818.6,976.8,500.4
56822.5,975.8,499.9
56826.5,975.0,499.5
56828.6,977.4,500.7
56832.5,976.8,500.4
56834.5,974.5,499.2
56836.5,977.5,500.8
56840.5,976.4,500.2
56842.6,976.4,500.2
56846.5,975.6,499.8
56848.6,976.5,500.3
56852.5,975.8,499.9
56854.6,973.0,498.5
56858.6,977.4,500.7
56862.6,975.9,499.9
56866.5,976.6,500.3
56868.5,974.9,499.4
56872.6,976.1,500.0
56876.5,976.6,500.3
56880.5,975.1,499.5
56882.6,977.5,500.7
56886.5,976.1,500.1
56888.5,977.6,500.8
56892.5,975.6,499.8
56896.5,975.8,499.9
56900.5,976.7,500.3
56902.5,974.8,499.4
56906.6,976.7,500.4
56910.5,975.4,499.7
56912.6,978.0,501.0
56916.5,975.0,499.5
56918.5,976.4,500.2
56922.6,976.6,500.3
56926.6,976.3,500.2
56928.6,972.2,498.0
56932.6,977.1,500.6
56934.6,974.6,499.3
56938.5,977.2,500.6
56942.5,976.0,500.0
56946.5,976.9,500.5
56950.6,974.9,499.4
56954.5,976.2,500.1
56956.5,976.6,500.3
56958.6,973.7,498.8
56962.5,977.9,501.0
56966.5,975.4,499.7
56968.6,976.7,500.3
56972.5,975.5,499.8
56974.6,977.7,500.9
56978.5,975.2,499.6
56980.5,976.2,500.1
56982.5,976.7,500.4
56984.6,975.6,499.8
56986.6,976.9,500.5
56990.5,975.6,499.8
56992.5,977.4,500.7
56994.6,974.7,499.3
56998.5,976.9,500.4
57000.6,976.4,500.2
57004.6,952.5,488.0
57008.5,972.4,498.1
57012.6,976.0,500.0
57014.6,975.1,499.5
57018.6,972.6,498.3
57022.5,980.1,502.1
57024.6,974.4,499.2
57028.5,977.4,500.7
57030.5,975.0,499.5
57034.5,975.7,499.9
57036.6,978.0,501.0
57038.6,975.4,499.7
57042.5,976.5,500.3
57044.6,977.0,500.5
57048.5,975.2,499.6
57052.5,976.2,500.1
57054.5,977.2,500.6
57058.5,975.5,499.7
57060.5,976.4,500.2
57062.6,976.7,500.4
57066.5,948.9,486.1
57068.6,972.6,498.2
57070.6,979.0,501.5
57074.5,977.3,500.7
57078.6,974.5,499.2
57082.6,976.9,500.4
57086.5,977.0,500.5
57088.6,975.3,499.7
57090.6,971.2,497.5
57094.5,977.2,500.6
57098.5,977.4,500.7
57100.6,976.0,500.0
57104.5,975.5,499.8
57106.5,976.4,500.2
57110.6,975.9,500.0
57114.5,976.7,500.4
57116.6,975.6,499.8
57120.5,976.3,500.2
57124.5,975.3,499.6
57126.5,976.0,500.0
57128.6,976.1,500.1
57132.6,976.5,500.3
57136.5,976.9,500.5
57138.6,975.1,499.6
57142.5,976.5,500.2
57144.6,976.2,500.1
57148.6,976.2,500.1
57152.6,975.4,499.7
57156.5,975.9,500.0
57158.5,977.4,500.7
57160.6,974.9,499.4
57164.5,976.1,500.1
57168.5,973.8,498.9
57170.6,979.1,501.6
57174.5,975.0,499.5
57176.5,979.9,502.0
57180.5,975.9,500.0
57184.6,969.4,496.6
57188.5,954.7,489.1
57190.6,976.4,500.2
57194.6,974.9,499.4
57196.6,976.2,500.1
57200.6,976.9,500.4
57204.5,976.0,500.0
57206.5,975.7,499.8
57208.5,977.3,500.6
57212.5,976.0,500.0
57214.5,974.7,499.3
57216.6,977.0,500.5
57220.6,977.0,500.5
57224.5,976.2,500.1
57228.5,975.6,499.8
57230.6,976.3,500.2
57234.6,975.8,499.9
57238.5,976.8,500.4
57240.6,973.3,498.6
57242.6,977.3,500.6
57246.5,949.5,486.4
57250.5,975.5,499.7
57252.5,977.6,500.8
57256.6,976.2,500.1
57260.5,974.8,499.4
57262.6,976.6,500.3
57266.6,976.5,500.3
57270.6,976.2,500.1
57274.5,976.2,500.1
57278.5,976.2,500.1
57280.5,974.4,499.2
57282.6,977.2,500.6
57286.5,976.0,500.0
57288.6,973.1,498.5
57290.6,979.8,501.9
57294.5,975.3,499.6
57296.5,975.8,499.9
57298.5,976.2,500.1
57302.6,976.1,500.1
57306.6,975.7,499.8
57310.5,975.5,499.8
57312.6,973.5,498.7
57316.6,978.5,501.3
57320.5,975.5,499.7
57324.5,976.7,500.4
57326.6,974.8,499.4
57330.5,975.8,499.9
57332.6,976.8,500.4
57336.5,976.1,500.1
57340.5,976.1,500.0
57342.6,977.4,500.7
57346.6,975.4,499.7
57350.6,976.3,500.2
57354.6,974.2,499.1
57358.6,977.8,500.9
57360.6,977.5,500.7
57364.5,974.7,499.3
57368.5,976.6,500.3
57372.6,976.5,500.2
57376.6,974.4,499.2
57380.6,976.2,500.1
57384.6,978.1,501.1
57388.5,976.6,500.3
57390.6,975.7,499.9
57394.5,976.6,500.3
57396.5,976.1,500.0
57398.6,974.4,499.2
57402.5,976.0,500.0
57404.6,978.8,501.4
57408.6,976.3,500.2
57412.6,975.5,499.8
57416.5,976.7,500.3
57418.6,976.3,500.1
57422.5,976.4,500.2
57424.6,968.7,496.3
57428.5,979.8,502.0
57432.6,975.9,500.0
57436.6,975.7,499.8
57440.6,976.4,500.2
57442.6,977.7,500.9
57446.5,975.5,499.8
57448.5,976.3,500.1
57450.6,976.7,500.4
57454.5,975.9,499.9
57456.6,976.8,500.4
57460.6,976.6,500.3
57464.5,976.5,500.2
57466.6,974.3,499.2
57470.5,975.5,499.8
57472.5,978.8,501.4
57476.5,976.0,500.0
57480.6,976.5,500.2
57484.6,976.0,500.0
57486.6,972.6,498.2
57490.5,977.6,500.8
57494.5,975.1,499.5
57496.5,977.7,500.9
57498.5,977.1,500.5
57500.6,975.6,499.8
57502.6,974.9,499.4
57506.5,976.6,500.3
57508.6,975.0,499.5
57512.5,976.9,500.5
57514.5,975.0,499.5
57518.5,975.8,499.9
57520.6,976.3,500.1
57524.5,974.8,499.4
57526.6,980.2,502.2
57528.6,975.7,499.8
57532.5,976.8,500.4
57534.5,974.4,499.2
57536.5,975.3,499.6
57540.5,976.4,500.2
57544.5,976.3,500.1
57546.6,976.4,500.2
57550.5,975.8,499.9
57554.5,971.6,497.8
57558.5,981.2,502.7
57562.5,974.6,499.3
57564.5,979.2,501.6
57566.5,974.6,499.3
57568.6,975.0,499.5
57572.5,977.5,500.8
57574.5,975.7,499.9
57578.5,976.2,500.1
57582.5,975.6,499.8
57584.5,977.7,500.9
57586.6,974.4,499.2
57590.6,976.5,500.3
57592.6,973.7,498.8
57596.5,976.2,500.1
57598.5,978.9,501.5
57600.5,976.2,500.1
57604.6,975.7,499.8
57608.6,976.2,500.1
57612.5,975.8,499.9
57616.6,976.8,500.4
57620.6,975.7,499.8
57624.5,976.2,500.1
57628.6,975.2,499.6
57632.5,977.2,500.6
57634.5,976.5,500.3
57638.5,976.6,500.3
57642.5,976.4,500.2
57646.6,975.3,499.6
57650.5,976.5,500.2
57652.5,976.2,500.1
57656.5,976.1,500.1
57658.5,976.9,500.5
57662.6,975.6,499.8
57666.6,949.8,486.6
57670.6,975.5,499.7
57674.6,977.4,500.7
57676.6,971.2,497.5
57680.5,977.6,500.8
57684.5,976.0,500.0
57686.6,977.3,500.7
57688.6,975.0,499.5
57692.5,976.5,500.2
57694.5,977.0,500.5
57698.5,975.8,499.9
57700.6,976.3,500.2
57702.6,974.6,499.3
57706.6,976.9,500.5
57710.5,976.0,500.0
57712.6,973.4,498.7
57716.5,976.3,500.1
57720.6,976.2,500.1
57724.5,976.5,500.3
57726.5,976.3,500.1
57728.5,975.1,499.5
57732.5,975.4,499.7
57734.5,976.8,500.4
57738.6,976.6,500.3
57742.5,974.4,499.2
57744.6,979.6,501.8
57746.6,975.9,500.0
57748.6,975.8,499.9
57752.5,976.5,500.3
57754.5,976.4,500.2
57758.5,973.9,498.9
57760.5,980.5,502.3
57762.5,976.7,500.4
57766.5,975.9,499.9
57770.5,975.9,500.0
57772.6,972.9,498.4
57776.5,977.9,501.0
57778.5,975.2,499.6
57782.5,976.2,500.1
57784.6,977.0,500.5
57786.6,975.9,500.0
57790.6,969.4,496.6
57794.5,983.5,503.8
57796.5,972.8,498.4
57798.5,977.3,500.7
57800.5,974.6,499.3
57802.6,978.4,501.2
57806.5,975.7,499.8
57810.6,976.8,500.4
57814.5,975.8,499.9
57816.5,974.2,499.1
57818.5,978.2,501.1
57822.6,976.0,500.0
57826.5,975.0,499.5
57830.5,976.8,500.4
57832.6,975.4,499.7
57834.6,976.0,500.0
57838.6,976.6,500.3
57840.6,976.8,500.4
57844.6,975.2,499.6
57848.6,976.1,500.1
57852.5,973.2,498.5
57856.5,979.2,501.6
57858.5,977.5,500.8
57860.6,973.9,498.9
57864.5,975.1,499.5
57868.5,977.3,500.7
57872.6,976.6,500.3
57876.5,976.8,500.4
57878.5,974.0,499.0
57882.5,977.0,500.5
57884.5,974.0,499.0
57886.6,979.3,501.7
57890.5,975.8,499.9
57894.5,974.9,499.4
57896.5,976.2,500.1
57898.6,977.2,500.6
57902.5,975.5,499.7
57904.5,974.6,499.3
57906.6,978.0,501.0
57910.5,976.6,500.3
57914.5,975.6,499.8
57916.6,972.3,498.1
57920.5,978.0,501.0
57924.6,976.6,500.3
57928.5,974.4,499.2
57930.5,978.6,501.3
57934.5,975.6,499.8
57938.5,974.3,499.2
57942.6,977.7,500.9
57946.5,976.8,500.4
57948.5,974.6,499.3
57950.6,973.8,498.9
57952.6,980.4,502.3
57956.5,975.4,499.7
57960.5,975.8,499.9
57962.6,976.0,500.0
57966.5,975.8,499.9
57970.5,976.0,500.0
57972.5,976.8,500.4
57974.6,975.7,499.9
57978.5,976.9,500.5
57980.6,976.3,500.2
57984.5,975.3,499.7
57986.6,975.5,499.7
57990.6,975.7,499.9
57992.6,977.7,500.8
57996.6,976.2,500.1
58000.5,973.9,498.9
58004.5,978.2,501.1
58006.6,975.7,499.8
58010.6,976.9,500.5
58012.6,976.2,500.1
58016.5,975.5,499.7
58020.5,977.1,500.6
58022.5,975.3,499.7
58024.6,977.0,500.5
58026.6,975.6,499.8
58030.6,975.6,499.8
58034.5,976.8,500.4
58036.5,975.2,499.6
58040.5,975.9,499.9
58042.6,974.7,499.3
58046.5,976.8,500.4
58048.5,973.2,498.6
58052.5,977.8,500.9
58054.6,975.9,500.0
58058.6,975.2,499.6
58062.6,976.9,500.4
58064.6,975.9,500.0
58068.5,975.2,499.6
58072.6,977.3,500.7
58076.5,974.7,499.3
58080.5,976.4,500.2
58084.5,976.6,500.3
58086.6,975.0,499.5
58090.5,975.8,499.9
58092.6,977.2,500.6
58096.5,976.0,500.0
58098.5,976.3,500.2
58102.5,976.2,500.1
58106.5,975.8,499.9
58110.5,976.2,500.1
58112.5,976.0,500.0
58114.5,977.6,500.8
58116.6,975.1,499.5
58120.5,976.2,500.1
58122.6,976.2,500.1
58124.6,975.3,499.7
58128.6,975.9,500.0
58132.5,976.7,500.4
58134.6,976.3,500.1
58138.5,976.2,500.1
58142.6,976.4,500.2
58146.6,975.6,499.8
58150.5,975.6,499.8
58154.5,977.0,500.5
58158.5,975.4,499.7
58160.5,976.1,500.1
58164.6,976.4,500.2
58168.5,975.8,499.9
58170.5,976.5,500.3
58172.6,976.5,500.2
58176.5,976.0,500.0
58180.5,975.0,499.5
58182.5,977.7,500.9
58184.6,976.3,500.2
58188.5,976.0,500.0
58190.6,972.5,498.2
58194.6,977.2,500.6
58198.6,976.5,500.3
58200.6,976.0,500.0
58204.5,976.0,500.0
58206.5,977.5,500.7
58210.5,974.2,499.1
58212.5,978.3,501.2
58214.6,977.2,500.6
58218.5,976.1,500.0
58220.5,976.0,500.0
58222.6,976.4,500.2
58226.6,975.3,499.6
58228.6,976.4,500.2
58232.5,977.1,500.6
58234.6,976.3,500.2
58238.5,975.5,499.7
58242.6,976.8,500.4
58246.6,974.3,499.1
58250.5,976.0,500.0
58252.6,977.1,500.6
58256.5,976.9,500.5
58258.6,973.9,498.9
58260.6,977.9,501.0
58264.6,975.3,499.7
58268.6,948.9,486.1
58272.5,976.4,500.2
58274.6,976.8,500.4
58278.5,975.3,499.7
58280.6,977.0,500.5
58282.6,972.4,498.1
58286.5,977.1,500.6
58288.5,977.3,500.7
58290.6,974.1,499.0
58294.5,977.0,500.5
58296.6,974.3,499.1
58300.5,976.7,500.4
58302.5,976.2,500.1
58304.6,975.9,499.9
58308.5,976.4,500.2
58310.6,974.3,499.1
58314.5,976.4,500.2
58318.5,976.0,500.0
58320.6,974.2,499.1
58324.5,976.4,500.2
58326.5,976.5,500.2
58328.6,976.1,500.1
58332.5,976.2,500.1
58334.5,975.8,499.9
58336.6,974.8,499.4
58340.5,977.0,500.5
58342.6,975.8,499.9
58346.5,975.7,499.9
58348.5,977.7,500.9
58350.6,975.6,499.8
58352.6,977.3,500.7
58356.5,973.8,498.9
58358.5,979.3,501.7
58360.6,973.6,498.8
58364.6,977.5,500.8
58368.5,975.7,499.9
58370.5,976.5,500.2
58374.5,976.0,500.0
58376.5,976.5,500.3
58380.5,976.5,500.3
58382.6,975.0,499.5
58384.6,977.2,500.6
58388.5,976.1,500.1
58392.5,975.2,499.6
58396.5,975.9,500.0
58398.6,977.9,501.0
58402.6,975.6,499.8
58406.5,975.4,499.7
58408.5,974.1,499.0
58410.6,979.0,501.5
58414.6,974.9,499.5
58416.6,978.3,501.2
58420.5,975.5,499.7
58422.5,975.6,499.8
58424.6,977.2,500.6
58428.5,976.2,500.1
58430.6,973.6,498.8
58434.6,976.9,500.5
58438.6,972.3,498.1
58440.6,982.4,503.3
58444.5,976.6,500.3
58446.6,975.8,499.9
58450.6,976.4,500.2
58454.5,975.5,499.8
58458.5,976.0,500.0
58462.5,974.6,499.3
58464.6,979.1,501.6
58468.6,975.7,499.8
58472.6,976.5,500.3
58476.6,976.2,500.1
58480.5,975.9,499.9
58482.5,976.7,500.4
58486.5,975.6,499.8
58488.6,973.0,498.5
58492.6,977.6,500.8
58494.6,975.6,499.8
58496.6,977.1,500.5
58500.6,975.6,499.8
58504.5,974.9,499.5
58508.5,977.0,500.5
58510.5,976.7,500.4
58512.6,975.9,499.9
58516.6,975.3,499.7
58518.6,975.5,499.7
58522.5,977.1,500.6
58524.6,976.8,500.4
58528.5,976.0,500.0
58530.5,976.1,500.0
58532.5,975.2,499.6
58536.6,976.5,500.3
58540.5,976.1,500.0
58542.6,975.6,499.8
58546.5,976.8,500.4
58548.6,974.6,499.3
58552.5,976.6,500.3
58554.6,974.3,499.2
58558.5,976.9,500.5
58560.6,975.1,499.5
58564.5,976.9,500.4
58568.6,975.3,499.7
58572.5,976.4,500.2
58574.6,976.4,500.2
58576.6,976.2,500.1
58580.5,975.4,499.7
58582.5,974.9,499.4
58586.5,977.6,500.8
58590.5,975.8,499.9
58592.5,973.9,498.9
58596.6,977.1,500.6
58600.5,976.1,500.0
58602.5,977.4,500.7
58604.6,974.1,499.0
58608.6,976.6,500.3
58612.5,976.4,500.2
58616.6,976.1,500.0
58620.5,975.7,499.9
58624.5,975.5,499.7
58626.6,976.3,500.1
58630.6,977.1,500.6
58634.5,975.7,499.9
58636.6,975.2,499.6
58640.6,975.9,500.0
58644.5,975.3,499.7
58648.5,977.4,500.7
58650.6,976.9,500.5
58654.5,975.2,499.6
58656.5,975.7,499.8
58660.5,976.1,500.0
58662.6,976.6,500.3
58664.6,975.8,499.9
58668.6,976.3,500.2
58670.6,973.9,498.9
58674.5,977.3,500.7
58676.6,975.6,499.8
58680.5,976.4,500.2
58684.6,974.3,499.1
58686.6,976.2,500.1
58690.6,976.4,500.2
58694.6,977.3,500.7
58698.5,975.9,500.0
58700.5,977.0,500.5
58702.6,975.4,499.7
58706.6,976.0,500.0
58710.6,976.4,500.2
58714.5,975.0,499.5
58718.5,976.5,500.3
58722.5,975.3,499.6
58724.6,978.2,501.1
58728.5,976.9,500.4
58730.5,974.4,499.2
58734.5,975.4,499.7
58736.6,977.6,500.8
58740.5,976.2,500.1
58742.5,974.8,499.4
58744.6,975.3,499.6
58748.6,976.9,500.4
58752.5,976.2,500.1
58754.6,974.2,499.1
58758.6,976.4,500.2
58762.6,974.0,499.0
58766.6,977.6,500.8
58770.5,976.5,500.3
58774.6,975.8,499.9
58776.6,975.2,499.6
58780.5,975.2,499.6
58784.6,978.0,501.0
58786.6,976.3,500.2
58790.5,976.2,500.1
58794.5,974.9,499.4
58798.6,976.0,500.0
58802.5,975.8,499.9
58804.6,911.4,466.9
58808.5,976.6,500.3
58812.5,975.4,499.7
58816.5,975.3,499.7
58818.5,978.7,501.4
58822.5,975.5,499.7
58824.6,973.0,498.4
58828.6,975.7,499.8
58832.6,978.4,501.2
58836.6,975.5,499.7
58838.6,970.4,497.1
58842.5,978.7,501.4
58846.5,976.1,500.0
58848.6,973.5,498.7
58852.5,977.3,500.7
58856.5,976.3,500.2
58860.5,975.9,500.0
58864.5,975.7,499.9
58868.5,975.9,499.9
58870.6,976.6,500.3
58874.5,976.0,500.0
58876.5,977.3,500.6
58878.5,976.0,500.0
58880.5,976.4,500.2
58884.6,975.6,499.8
58888.5,976.4,500.2
58892.6,975.9,499.9
58896.5,976.1,500.1
58898.5,975.3,499.6
58902.5,976.0,500.0
58904.5,975.9,500.0
58906.5,972.2,498.0
58910.6,977.5,500.8
58914.6,976.4,500.2
58918.6,975.4,499.7
58922.6,976.4,500.2
58926.5,976.4,500.2
58930.5,975.8,499.9
58932.6,971.7,497.8
58936.6,978.6,501.3
58940.5,975.7,499.8
58942.6,975.6,499.8
58946.6,976.7,500.3
58950.6,975.7,499.8
58954.6,976.6,500.3
58958.5,974.4,499.2
58960.5,977.4,500.7
58964.5,973.8,498.9
58966.5,981.4,502.8
58970.5,975.6,499.8
58972.5,976.4,500.2
58976.6,975.7,499.9
58980.5,975.5,499.8
58982.5,975.7,499.9
58986.5,970.9,497.4
58988.5,987.3,505.8
58992.6,976.0,500.0
58994.6,975.5,499.7
58996.6,973.4,498.7
59000.5,978.0,501.0
59002.6,976.1,500.0
59004.6,973.6,498.8
59008.5,976.9,500.5
59010.6,977.2,500.6
59012.6,974.6,499.3
59014.6,977.9,501.0
59018.6,975.1,499.5
59022.5,976.4,500.2
59026.6,976.4,500.2
59030.5,976.2,500.1
59034.5,975.6,499.8
59038.5,976.6,500.3
59042.6,975.6,499.8
59044.6,977.0,500.5
59048.5,921.2,471.9
59052.5,976.2,500.1
59054.6,970.5,497.2
59058.5,979.3,501.7
59060.5,976.0,500.0
59062.5,976.1,500.1
59064.6,976.6,500.3
59068.6,975.8,499.9
59070.6,976.0,500.0
59074.5,976.0,500.0
59076.5,976.4,500.2
59078.5,976.0,500.0
59082.5,976.3,500.1
59086.5,975.8,499.9
59090.5,975.4,499.7
59094.5,977.1,500.6
59096.6,972.2,498.0
59100.6,977.8,500.9
59104.5,975.8,499.9
59108.5,975.2,499.6
59110.5,977.3,500.7
59114.5,975.9,500.0
59116.6,973.4,498.7
59120.5,978.0,501.0
59122.6,971.6,497.8
59126.5,975.6,499.8
59128.6,979.2,501.6
59132.5,977.1,500.6
59134.6,974.6,499.3
59136.6,977.3,500.7
59140.5,975.8,499.9
59142.5,974.4,499.2
59144.5,976.6,500.3
59148.6,976.3,500.1
59150.6,973.4,498.7
59154.5,977.1,500.5
59156.6,975.7,499.8
59158.6,976.8,500.4
59162.5,975.9,500.0
59164.6,975.2,499.6
59168.6,976.3,500.2
59172.5,975.4,499.7
59174.6,976.3,500.2
59178.6,976.4,500.2
59182.5,975.1,499.5
59184.5,978.3,501.2
59188.6,975.5,499.7
59192.5,974.8,499.4
59194.5,977.8,500.9
59198.5,976.1,500.0
59200.6,975.7,499.8
59204.5,975.2,499.6
59206.5,978.2,501.1
59208.6,972.0,498.0
59212.5,977.3,500.7
59214.5,976.9,500.4
59216.5,976.1,500.1
59220.5,975.8,499.9
59222.6,972.4,498.2
59226.5,976.8,500.4
59228.6,976.8,500.4
59232.6,975.8,499.9
59236.5,976.5,500.3
59238.6,973.6,498.7
59240.6,977.5,500.8
59242.6,975.2,499.6
59246.5,977.1,500.6
59250.5,975.0,499.5
59254.6,976.0,500.0
59258.5,976.5,500.3
59262.5,975.7,499.8
59264.5,974.0,499.0
59268.5,977.3,500.7
59272.6,975.6,499.8
59276.5,976.6,500.3
59280.5,976.1,500.0
59282.5,974.4,499.2
59286.5,975.7,499.9
59290.5,976.9,500.4
59292.6,975.8,499.9
59296.5,975.4,499.7
59300.5,976.5,500.2
59302.5,974.7,499.3
59304.5,975.8,499.9
59308.5,976.3,500.2
59312.5,976.1,500.1
59314.6,976.3,500.2
59318.6,975.5,499.7
59320.6,976.3,500.1
59324.5,976.6,500.3
59326.5,975.4,499.7
59330.5,975.6,499.8
59334.6,976.0,500.0
59338.5,976.3,500.1
59340.6,975.2,499.6
59344.6,975.4,499.7
59348.5,976.2,500.1
59350.5,975.5,499.7
59354.5,976.7,500.3
59356.5,974.8,499.4
59360.6,975.0,499.5
59364.6,976.4,500.2
59366.6,974.3,499.1
59370.5,975.6,499.8
59372.6,979.8,502.0
59376.5,976.1,500.1
59380.5,973.7,498.8
59382.5,981.0,502.6
59386.5,976.2,500.1
59390.5,975.1,499.6
59392.5,974.2,499.1
59396.5,975.1,499.5
59400.5,977.3,500.7
59404.5,976.2,500.1
59406.6,974.2,499.1
59410.6,976.7,500.4
59414.5,976.4,500.2
59416.5,975.0,499.5
59420.6,975.0,499.5
59424.6,977.1,500.6
59428.5,975.7,499.8
59430.6,977.1,500.6
59434.5,974.5,499.2
59436.6,974.8,499.4
59440.5,977.4,500.7
59442.6,974.7,499.4
59446.6,976.9,500.5
59450.5,976.2,500.1
59452.6,975.9,499.9
59456.6,976.2,500.1
59458.6,974.5,499.2
59462.6,976.1,500.1
59466.6,973.3,498.6
59470.5,979.2,501.7
59472.6,976.1,500.1
59474.6,975.7,499.9
59478.5,975.2,499.6
59480.5,977.0,500.5
59482.6,975.3,499.7
59486.5,976.3,500.2
59488.6,975.4,499.7
59492.5,976.5,500.2
59494.5,973.4,498.7
59498.6,977.4,500.7
59502.5,975.3,499.6
59506.6,975.7,499.8
59510.6,975.3,499.6
59514.5,976.6,500.3
59518.5,976.5,500.3
59522.5,975.3,499.6
59526.6,975.4,499.7
59528.6,923.9,473.3
59532.5,976.2,500.1
59534.6,973.5,498.7
59538.5,975.8,499.9
59540.5,976.1,500.1
59544.6,976.5,500.3
59548.6,976.4,500.2
59552.6,975.6,499.8
59556.5,976.0,500.0
59558.6,972.3,498.1
59560.6,979.2,501.6
59564.6,976.7,500.4
59568.5,975.5,499.7
59570.5,976.0,500.0
59574.5,976.8,500.4
59576.5,974.7,499.3
59580.6,976.0,500.0
59584.5,975.9,499.9
59586.5,977.4,500.7
59590.6,975.7,499.9
59594.5,975.9,500.0
59598.5,975.7,499.8
59602.6,977.1,500.6
59606.5,975.1,499.5
59608.5,975.9,500.0
59610.6,972.8,498.3
59614.5,977.9,501.0
59618.5,976.0,500.0
59620.6,974.7,499.3
59624.6,976.4,500.2
59628.5,976.3,500.1
59630.5,976.7,500.4
59632.6,976.8,500.4
59636.5,975.4,499.7
59638.6,975.8,499.9
59642.5,975.5,499.7
59644.5,978.6,501.3
59648.5,975.1,499.5
59652.5,976.1,500.0
59654.5,974.7,499.3
59656.6,977.2,500.6
59660.6,974.4,499.2
59664.5,977.2,500.6
59666.6,973.7,498.8
59670.5,976.3,500.1
59674.5,976.7,500.3
59676.6,975.0,499.5
59680.5,976.2,500.1
59682.6,972.0,498.0
59686.5,976.8,500.4
59690.5,977.6,500.8
59694.5,976.8,500.4
59698.6,975.8,499.9
59702.5,975.9,499.9
59706.5,976.2,500.1
59710.5,947.7,485.5
59714.5,977.4,500.7
59716.5,974.3,499.1
59720.5,976.5,500.3
59722.6,976.0,500.0
59726.5,975.0,499.5
59728.6,977.9,501.0
59732.6,975.6,499.8
59736.5,976.3,500.2
59738.6,976.5,500.2
59742.6,975.4,499.7
59746.5,976.2,500.1
59748.6,976.8,500.4
59752.5,976.4,500.2
59756.5,976.0,500.0
59758.5,975.4,499.7
59762.6,976.3,500.2
59764.6,972.3,498.1
59768.6,976.6,500.3
59772.5,976.6,500.3
59774.6,977.8,500.9
59778.5,975.7,499.8
59780.5,972.8,498.3
59784.5,977.7,500.9
59788.5,976.1,500.0
59790.6,975.6,499.8
59794.5,974.5,499.2
59798.6,978.5,501.3
59802.5,975.5,499.7
59804.6,975.4,499.7
59808.5,976.9,500.5
59812.5,975.4,499.7
59814.5,973.4,498.7
59816.6,978.6,501.3
59820.5,975.3,499.6
59822.6,977.6,500.8
59826.5,975.4,499.7
59828.5,976.4,500.2
59830.5,974.4,499.2
59832.5,977.5,500.8
59834.5,972.1,498.0
59838.5,977.4,500.7
59842.6,976.9,500.5
59846.5,974.7,499.3
59848.6,978.5,501.3
59850.6,973.9,498.9
59854.5,976.3,500.2
59858.5,976.3,500.1
59862.5,975.8,499.9
59866.5,976.7,500.4
59870.5,975.0,499.5
59872.5,976.9,500.4
59876.5,974.9,499.4
59880.5,976.8,500.4
59882.5,973.5,498.7
59884.5,975.3,499.6
59886.5,978.6,501.3
59890.5,976.1,500.1
59892.6,976.0,500.0
59894.6,976.6,500.3
59898.5,975.4,499.7
59900.6,977.1,500.6
59904.6,976.4,500.2
59908.6,974.0,499.0
59912.5,978.2,501.1
59914.5,974.0,499.0
59918.5,976.2,500.1
59922.6,975.5,499.7
59924.6,976.1,500.1
59928.5,976.5,500.3
59930.5,975.6,499.8
59932.6,975.1,499.5
59936.5,977.0,500.5
59938.5,974.1,499.0
59940.6,976.0,500.0
59944.6,976.4,500.2
59948.5,976.1,500.0
59952.5,976.1,500.1
59956.6,975.3,499.6
59960.5,976.7,500.4
59962.5,974.1,499.0
59966.6,975.7,499.8
59970.5,976.7,500.4
59972.5,976.2,500.1
59974.6,976.8,500.4
59978.5,975.9,499.9
59980.5,975.2,499.6
59984.5,977.0,500.5
59986.6,975.2,499.6
59990.5,975.6,499.8
59994.5,976.0,500.0
59996.5,975.4,499.7
60000.5,976.8,500.4
60002.6,975.4,499.7
60006.5,976.7,500.4
60008.5,975.7,499.9
60010.6,974.9,499.4
60014.5,976.4,500.2
60016.5,977.5,500.7
60018.6,972.9,498.4
60022.5,977.0,500.5
60024.5,977.4,500.7
60026.5,975.0,499.5
60028.6,972.6,498.2
60030.6,979.0,501.5
60034.6,976.4,500.2
60038.5,976.7,500.4
60042.5,976.3,500.1
60046.5,975.4,499.7
60050.6,976.6,500.3
60054.5,975.8,499.9
60058.6,974.8,499.4
60060.6,979.5,501.8
60064.5,972.8,498.4
60066.6,981.8,503.0
60070.5,976.1,500.1
60072.6,976.2,500.1
60076.5,975.4,499.7
60080.6,975.9,499.9
60084.5,977.0,500.5
60088.5,976.2,500.1
60092.6,976.2,500.1
60096.6,976.1,500.1
60100.5,975.7,499.8
60102.5,975.8,499.9
60106.5,976.9,500.4
60110.6,975.6,499.8
60114.5,976.5,500.3
60118.5,976.5,500.2
60120.5,975.5,499.7
60122.6,975.1,499.5
60126.6,976.6,500.3
60130.5,976.0,500.0
60134.5,976.2,500.1
60136.6,975.0,499.5
60140.6,974.1,499.0
60144.6,977.7,500.9
60148.5,975.5,499.8
60150.6,976.5,500.3
60154.5,976.7,500.3
60156.5,975.2,499.6
60158.5,976.4,500.2
60160.5,976.8,500.4
60164.5,975.9,499.9
60166.5,976.2,500.1
60170.5,975.6,499.8
60172.5,975.6,499.8
60174.5,977.3,500.7
60178.5,975.6,499.8
60182.6,976.5,500.2
60186.6,975.2,499.6
60190.5,948.5,485.9
60194.6,976.8,500.4
60198.5,976.7,500.4
60200.5,975.3,499.6
60204.5,975.8,499.9
60206.5,972.3,498.1
60210.6,977.9,501.0
60212.6,975.8,499.9
60216.5,976.1,500.0
60218.6,976.1,500.1
60222.6,976.2,500.1
60226.5,974.5,499.2
60228.6,979.0,501.5
60232.6,976.3,500.1
60236.5,976.0,500.0
60238.5,974.5,499.2
60242.6,975.9,500.0
60246.6,975.1,499.5
60250.5,950.3,486.8
60252.5,974.2,499.1
60254.6,977.3,500.7
60258.5,976.1,500.0
60260.5,973.9,498.9
60264.5,976.3,500.1
60266.6,976.5,500.3
60270.5,975.9,500.0
60274.5,976.8,500.4
60276.5,974.8,499.4
60280.6,974.1,499.1
60284.5,977.9,501.0
60288.5,976.1,500.1
60292.5,976.7,500.4
60296.5,973.8,498.9
60298.6,976.6,500.3
60302.5,977.4,500.7
60304.6,976.4,500.2
60308.6,975.9,499.9
60310.6,976.0,500.0
60314.6,976.1,500.0
60316.6,976.0,500.0
60320.5,974.7,499.3
60322.5,976.3,500.1
60324.5,979.8,501.9
60328.5,976.3,500.1
60330.6,970.2,497.1
60334.5,978.4,501.2
60336.6,976.2,500.1
60340.5,976.6,500.3
60342.6,976.0,500.0
60346.5,975.7,499.8
60348.5,976.5,500.3
60352.5,976.0,500.0
60354.6,976.8,500.4
60358.5,976.2,500.1
60360.5,973.3,498.6
60362.6,977.6,500.8
60366.5,976.5,500.3
60368.6,975.9,500.0
60372.5,976.6,500.3
60374.5,973.6,498.8
60378.6,976.8,500.4
60382.5,976.5,500.3
60384.5,976.1,500.0
60388.5,976.0,500.0
60390.6,976.0,500.0
60394.5,976.0,500.0
60398.5,975.9,500.0
60400.6,975.6,499.8
60404.6,974.4,499.2
60408.5,977.9,501.0
60410.6,976.8,500.4
60414.5,974.2,499.1
60418.5,978.0,501.0
60420.5,972.5,498.2
60422.5,978.9,501.5
60424.5,977.7,500.9
60428.6,949.1,486.2
60432.5,974.1,499.0
60434.6,977.9,501.0
60436.6,977.1,500.6
60440.5,976.2,500.1
60442.5,974.8,499.4
60444.6,977.1,500.5
60446.6,974.1,499.0
60450.5,976.8,500.4
60452.6,976.3,500.2
60456.5,976.3,500.2
60460.6,976.0,500.0
60464.5,975.4,499.7
60468.6,976.3,500.2
60472.5,975.7,499.8
60474.5,976.7,500.4
60478.6,976.6,500.3
60482.6,975.5,499.8
60486.5,976.5,500.3
60488.5,975.2,499.6
60490.6,972.1,498.0
60494.6,978.4,501.2
60498.5,976.0,500.0
60500.5,970.3,497.1
60504.5,978.3,501.2
60506.5,973.6,498.8
60510.5,977.7,500.9
60514.5,975.6,499.8
60518.6,976.1,500.1
60522.5,976.0,500.0
60524.6,976.4,500.2
60528.5,975.9,500.0
60530.5,975.4,499.7
60532.6,977.2,500.6
60534.6,974.8,499.4
60536.6,977.5,500.8
60540.5,975.2,499.6
60542.6,976.9,500.4
60546.5,976.0,500.0
60550.5,976.4,500.2
60552.5,975.1,499.5
60556.5,976.0,500.0
60558.5,976.9,500.5
60560.6,974.5,499.2
60564.5,976.7,500.4
60568.5,975.9,499.9
60572.5,976.1,500.1
60574.5,977.3,500.6
60578.5,975.3,499.6
60580.6,977.3,500.7
60584.5,975.6,499.8
60586.5,977.2,500.6
60588.6,977.0,500.5
60592.6,975.4,499.7
60596.5,976.2,500.1
60598.5,977.1,500.6
60600.6,975.7,499.9
60604.5,975.8,499.9
60606.6,970.9,497.4
60610.6,977.5,500.8
60614.5,976.4,500.2
60618.5,975.2,499.6
60622.5,977.2,500.6
60626.6,976.0,500.0
60630.5,975.8,499.9
60634.5,975.5,499.7
60636.5,977.3,500.7
60640.5,975.9,499.9
60642.5,976.4,500.2
60644.6,974.4,499.2
60648.6,976.9,500.5
60652.5,975.2,499.6
60654.6,976.8,500.4
60658.6,975.5,499.8
60662.5,976.2,500.1
60664.5,976.4,500.2
60668.5,975.2,499.6
60672.6,975.9,500.0
60676.6,976.7,500.4
60680.5,973.7,498.8
60684.6,977.8,500.9
60688.6,974.8,499.4
60692.5,977.3,500.6
60694.5,976.6,500.3
60698.5,975.8,499.9
60702.6,974.6,499.3
60706.5,977.6,500.8
60708.5,975.6,499.8
60712.6,976.1,500.0
60716.5,975.8,499.9
60720.6,974.7,499.4
60724.5,977.8,500.9
60728.5,943.9,483.6
60730.5,985.7,504.9
60732.5,976.3,500.1
60734.6,975.1,499.6
60738.5,975.8,499.9
60740.5,976.6,500.3
60742.5,976.1,500.1
60746.5,976.1,500.0
60748.5,977.2,500.6
60752.5,975.1,499.6
60756.5,975.8,499.9
60758.5,976.8,500.4
60760.5,977.1,500.5
60764.5,975.7,499.9
60768.5,976.2,500.1
60770.6,976.1,500.1
60772.6,974.3,499.1
60776.6,976.5,500.3
60780.6,975.9,500.0
60784.6,976.7,500.3
60788.5,970.3,497.1
60790.5,986.1,505.2
60792.6,975.8,499.9
60794.6,974.6,499.3
60798.6,976.4,500.2
60802.6,976.5,500.3
60806.5,974.7,499.3
60808.6,979.2,501.7
60812.6,974.3,499.2
60816.5,976.7,500.4
60818.6,975.6,499.8
60822.5,975.6,499.8
60824.6,975.4,499.7
60826.6,975.1,499.5
60830.6,977.3,500.7
60834.5,976.0,500.0
60838.6,975.7,499.8
60842.5,976.7,500.3
60844.5,974.8,499.4
60846.5,975.7,499.9
60850.6,974.9,499.4
60854.5,977.6,500.8
60858.5,975.9,499.9
60860.5,976.7,500.3
60862.5,976.0,500.0
60866.5,974.5,499.2
60868.5,979.7,501.9
60872.6,976.1,500.0
60876.5,975.9,500.0
60878.6,976.8,500.4
60882.5,974.9,499.4
60884.6,976.0,500.0
60888.6,976.2,500.1
60892.6,976.6,500.3
60894.6,972.8,498.4
60898.6,977.4,500.7
60902.5,973.8,498.8
60906.5,978.6,501.3
60910.6,975.5,499.7
60912.6,977.1,500.6
60916.6,975.9,500.0
60918.6,975.2,499.6
60920.6,976.5,500.3
60924.5,975.7,499.9
60928.5,973.9,498.9
60932.5,978.4,501.2
60934.5,975.1,499.5
60938.5,976.2,500.1
60942.5,976.1,500.1
60946.5,974.7,499.4
60948.5,977.1,500.5
60952.5,976.5,500.2
60954.5,975.8,499.9
60958.6,973.7,498.8
60962.5,979.2,501.6
60964.5,976.1,500.1
60968.5,975.4,499.7
60970.5,976.5,500.3
60974.6,975.9,499.9
60978.5,975.9,499.9
60982.5,976.1,500.0
60984.6,974.9,499.5
60988.5,977.0,500.5
60990.6,974.1,499.0
60994.5,976.4,500.2
60998.6,976.2,500.1
61002.5,976.0,500.0
61004.6,976.6,500.3
61008.6,974.7,499.3
61012.5,976.7,500.4
61016.5,976.6,500.3
61018.5,974.6,499.3
61020.5,977.4,500.7
61024.6,975.8,499.9
61028.6,972.3,498.1
61032.6,978.4,501.2
61036.5,977.1,500.5
61038.6,975.3,499.6
61042.5,975.7,499.9
61046.5,976.7,500.3
61048.5,976.4,500.2
61050.6,975.7,499.9
61054.5,975.4,499.7
61056.5,976.7,500.4
61058.5,975.3,499.7
61062.5,976.4,500.2
61064.5,976.5,500.3
61066.5,976.3,500.2
61070.5,976.1,500.1
61072.5,974.7,499.3
61076.5,976.7,500.3
61078.5,975.8,499.9
61082.6,975.6,499.8
61084.6,977.1,500.5
61088.6,971.4,497.6
61092.6,980.4,502.2
61096.5,975.4,499.7
61098.6,976.5,500.3
61102.5,976.5,500.3
61104.6,976.4,500.2
61108.6,975.8,499.9
61112.6,975.6,499.8
61116.5,975.8,499.9
61118.6,974.7,499.3
61122.5,977.2,500.6
61124.6,974.3,499.1
61128.5,976.9,500.5
61130.5,974.4,499.2
61134.5,975.6,499.8
61136.6,977.9,501.0
61140.5,975.8,499.9
61142.5,974.1,499.0
61146.5,976.1,500.1
61148.5,952.8,488.1
61152.5,961.3,492.5
61154.6,975.5,499.8
61158.6,975.3,499.6
61162.5,976.1,500.1
61164.5,977.0,500.5
61168.5,976.0,500.0
61170.6,974.6,499.3
61174.6,976.3,500.2
61178.5,975.1,499.6
61180.5,978.5,501.3
61184.5,976.3,500.1
61188.5,975.0,499.5
61192.5,975.3,499.6
61194.5,979.0,501.5
61198.6,975.2,499.6
61200.6,978.2,501.1
61204.5,975.5,499.8
61206.6,975.7,499.8
61208.6,967.4,495.6
61212.6,979.3,501.7
61216.6,976.1,500.0
61220.5,974.6,499.3
61224.5,977.4,500.7
61226.6,973.1,498.5
61230.5,977.2,500.6
61232.6,976.1,500.1
61236.5,976.1,500.1
61238.6,975.8,499.9
61240.6,975.3,499.6
61244.6,976.6,500.3
61248.5,975.6,499.8
61252.5,975.9,499.9
61256.5,976.3,500.1
61258.5,976.6,500.3
61260.5,975.9,499.9
61262.6,975.1,499.5
61266.5,975.3,499.6
61268.5,969.8,496.8
61270.5,984.1,504.1
61274.5,975.9,499.9
61278.5,976.1,500.1
61280.6,975.9,499.9
61284.5,975.8,499.9
61286.6,975.0,499.5
61290.5,976.4,500.2
61292.5,976.6,500.3
61294.6,973.7,498.8
61296.6,977.8,500.9
61300.5,976.2,500.1
61302.5,975.6,499.8
61304.5,975.3,499.6
61306.6,978.7,501.4
61310.5,973.9,498.9
61312.6,980.2,502.2
61316.5,975.5,499.8
61320.5,975.7,499.9
61322.5,976.3,500.1
61326.5,975.3,499.6
61330.5,976.4,500.2
61334.6,975.5,499.7
61338.5,976.2,500.1
61340.5,975.0,499.5
61342.5,977.0,500.5
61344.6,975.6,499.8
61348.5,975.9,499.9
61350.6,975.9,500.0
61354.5,976.3,500.1
61358.5,975.7,499.9
61362.5,976.7,500.4
61364.6,974.5,499.2
61368.5,975.3,499.6
61370.6,978.0,501.0
61374.5,975.7,499.9
61376.6,973.9,498.9
61380.6,975.5,499.8
61384.5,977.4,500.7
61386.5,977.3,500.7
61390.5,976.1,500.1
61394.5,976.0,500.0
61398.5,975.7,499.8
61402.5,975.0,499.5
61406.5,976.6,500.3
61410.5,975.9,499.9
61412.5,975.7,499.8
61416.5,975.9,499.9
61420.5,976.1,500.1
61424.5,975.7,499.9
61426.5,977.7,500.9
61430.5,975.4,499.7
61434.5,975.2,499.6
61436.5,976.6,500.3
61440.5,976.2,500.1
61442.5,974.1,499.0
61446.5,976.4,500.2
61450.5,976.3,500.1
61454.5,976.3,500.2
61458.5,972.6,498.2
61460.6,982.2,503.2
61464.5,974.5,499.3
61468.6,975.7,499.9
61472.5,977.9,501.0
61474.5,977.0,500.5
61478.5,973.7,498.8
61482.5,977.9,501.0
61484.6,975.6,499.8
61488.5,975.8,499.9
61492.6,976.1,500.1
61496.6,976.0,500.0
61500.5,976.2,500.1
61502.6,970.4,497.1
61506.5,978.2,501.1
61508.5,974.9,499.4
61512.5,976.2,500.1
61514.5,973.9,498.9
61516.5,979.7,501.9
61520.5,972.3,498.1
61524.5,977.6,500.8
61526.5,978.4,501.2
61530.5,976.8,500.4
61534.5,975.9,500.0
61538.5,976.0,500.0
61542.5,975.3,499.6
61546.5,976.3,500.2
61550.6,975.4,499.7
61552.6,978.1,501.1
61556.5,975.9,499.9
61558.5,975.4,499.7
61562.5,976.1,500.0
61566.5,976.1,500.0
61570.5,975.1,499.5
61574.5,975.4,499.7
61578.5,977.0,500.5
61580.5,975.9,500.0
61584.5,976.9,500.4
61588.5,975.9,499.9
61590.5,974.3,499.1
61592.5,974.3,499.1
61594.5,978.5,501.3
61598.5,975.9,500.0
61602.6,975.5,499.7
61606.5,976.1,500.0
61610.6,976.8,500.4
61614.5,974.1,499.0
61618.6,978.0,501.0
61622.5,976.0,500.0
61624.6,976.1,500.0
61628.6,976.7,500.3
61632.5,975.0,499.5
61636.5,977.1,500.6
61640.6,975.1,499.5
61644.6,975.5,499.7
61648.6,975.5,499.7
61652.5,977.2,500.6
61654.5,976.6,500.3
61658.5,976.5,500.2
61662.5,974.5,499.2
61666.5,977.6,500.8
61670.5,975.5,499.7
61672.5,975.0,499.5
61676.6,976.0,500.0
61680.5,976.5,500.3
61682.5,975.0,499.5
61686.5,974.9,499.4
61690.5,950.2,486.8
61692.6,970.6,497.3
61696.5,977.3,500.7
61700.6,975.0,499.5
61704.6,976.0,500.0
61708.5,978.6,501.3
61710.5,975.3,499.6
61714.5,975.9,499.9
61718.5,975.8,499.9
61722.6,975.9,499.9
61726.6,975.9,500.0
61730.5,977.0,500.5
61732.5,973.2,498.5
61734.5,976.7,500.3
61738.5,976.5,500.3
61740.5,975.3,499.6
61744.6,976.0,500.0
61746.6,973.9,498.9
61750.6,977.3,500.6
61754.5,974.1,499.0
61758.5,977.2,500.6
61762.5,976.5,500.3
61766.5,974.5,499.2
61768.5,978.7,501.4
61772.5,976.1,500.0
61774.5,977.1,500.6
61778.6,974.8,499.4
61782.5,976.9,500.5
61786.6,974.6,499.3
61790.5,977.1,500.5
61792.6,972.2,498.1
61796.5,978.0,501.0
61798.5,976.6,500.3
61800.6,975.1,499.5
61802.6,973.5,498.7
61806.5,976.9,500.5
61808.5,976.8,500.4
61810.5,969.5,496.7
61814.6,978.0,501.0
61818.6,976.3,500.1
61822.5,976.6,500.3
61826.5,975.7,499.9
61830.6,976.1,500.0
61834.5,976.7,500.4
61836.6,977.3,500.7
61840.5,975.1,499.5
61842.5,976.5,500.3
61844.6,978.0,501.0
61848.5,975.7,499.8
61852.5,975.7,499.8
61856.5,976.7,500.4
61860.5,976.0,500.0
61864.6,975.7,499.8
61868.5,974.4,499.2
61870.5,925.4,474.1
61874.5,975.1,499.5
61878.5,976.9,500.5
61882.5,976.2,500.1
61886.5,975.2,499.6
61890.5,977.3,500.6
61894.5,975.4,499.7
61898.5,975.5,499.7
61902.5,975.8,499.9
61906.5,976.9,500.5
61910.5,975.3,499.7
61914.5,976.3,500.2
61918.5,976.5,500.3
61922.5,975.9,500.0
61926.5,975.7,499.9
61930.5,975.9,499.9
61934.5,975.4,499.7
61936.5,977.5,500.8
61940.5,976.2,500.1
61944.5,973.2,498.6
61948.5,978.8,501.4
61952.6,976.4,500.2
61956.6,976.4,500.2
61960.5,975.8,499.9
61962.5,975.0,499.5
61966.5,976.0,500.0
61968.5,976.9,500.4
61972.5,976.4,500.2
61974.5,975.3,499.7
61978.5,977.0,500.5
61982.5,975.0,499.5
61984.6,977.3,500.6
61988.6,975.7,499.9
61992.5,976.2,500.1
61994.5,975.4,499.7
61998.6,976.6,500.3
62002.6,975.3,499.6
62006.5,977.1,500.6
62008.6,971.7,497.8
62012.6,977.4,500.7
62016.5,975.9,500.0
62018.5,976.6,500.3
62020.5,975.7,499.8
62024.5,976.4,500.2
62026.5,975.0,499.5
62030.5,976.9,500.5
62034.5,975.2,499.6
62036.5,974.8,499.4
62040.5,976.5,500.3
62044.5,976.2,500.1
62046.6,975.2,499.6
62050.5,976.2,500.1
62054.5,976.5,500.2
62056.6,971.9,497.9
62060.5,977.3,500.7
62064.5,976.2,500.1
62066.5,976.2,500.1
62068.5,976.2,500.1
62072.6,976.2,500.1
62076.5,975.8,499.9
62078.6,976.3,500.2
62082.5,976.7,500.3
62084.6,975.6,499.8
62088.5,976.3,500.2
62092.6,973.8,498.9
62096.5,977.4,500.7
62098.6,977.2,500.6
62102.5,976.1,500.0
62106.5,974.8,499.4
62110.6,976.8,500.4
62114.5,975.4,499.7
62116.5,974.6,499.3
62118.6,975.4,499.7
62122.5,976.0,500.0
62126.5,976.6,500.3
62130.5,975.5,499.8
62134.6,976.2,500.1
62138.5,976.3,500.2
62140.5,974.9,499.4
62144.6,976.0,500.0
62148.5,976.5,500.2
62150.6,977.4,500.7
62154.5,975.3,499.6
62156.5,975.7,499.8
62160.6,976.5,500.2
62164.5,976.2,500.1
62166.5,975.0,499.5
62170.5,975.3,499.7
62174.6,976.9,500.5
62178.5,976.3,500.1
62180.5,975.5,499.8
62182.6,968.5,496.1
62186.5,980.0,502.0
62188.6,975.4,499.7
62192.6,976.1,500.1
62196.5,975.8,499.9
62198.5,976.1,500.0
62202.5,975.4,499.7
62204.5,976.9,500.5
62208.5,975.9,499.9
62210.5,977.5,500.7
62214.6,975.5,499.7
62218.5,976.4,500.2
62222.5,974.2,499.1
62224.5,978.3,501.2
62228.6,974.6,499.3
62232.5,977.8,500.9
62236.5,974.2,499.1
62238.5,979.7,501.9
62242.6,975.1,499.5
62246.5,976.1,500.1
62250.5,976.2,500.1
62254.5,975.7,499.8
62258.5,976.4,500.2
62262.6,975.0,499.5
62266.5,977.1,500.5
62268.6,973.4,498.7
62272.5,977.6,500.8
62274.6,974.1,499.0
62278.5,976.8,500.4
62282.5,975.9,499.9
62284.5,973.9,498.9
62288.5,976.2,500.1
62290.5,976.4,500.2
62294.5,975.9,499.9
62298.5,975.9,499.9
62302.5,974.5,499.2
62306.5,977.5,500.7
62310.5,976.1,500.0
62314.6,973.5,498.7
62318.6,978.1,501.1
62322.5,976.3,500.2
62326.5,973.1,498.5
62330.5,977.4,500.7
62334.6,977.2,500.6
62338.5,975.8,499.9
62342.5,974.0,499.0
62346.6,977.8,500.9
62350.6,974.7,499.3
62354.5,976.7,500.4
62358.5,975.9,500.0
62362.5,975.6,499.8
62366.5,975.2,499.6
62370.5,976.7,500.4
62374.5,976.5,500.2
62376.6,975.4,499.7
62380.5,973.5,498.7
62382.5,981.1,502.6
62386.5,976.3,500.1
62390.5,975.5,499.7
62392.5,976.9,500.5
62394.5,974.2,499.1
62396.5,976.3,500.2
62398.6,976.1,500.1
62402.5,975.2,499.6
62406.5,976.6,500.3
62410.5,974.6,499.3
62414.5,976.6,500.3
62418.5,977.1,500.6
62422.5,974.4,499.2
62426.5,976.7,500.4
62430.5,976.0,500.0
62434.5,976.2,500.1
62438.5,976.1,500.0
62442.6,976.7,500.4
62446.5,975.0,499.5
62448.6,975.3,499.6
62452.5,975.7,499.8
62456.5,976.6,500.3
62460.5,976.6,500.3
62462.5,975.5,499.7
62464.5,976.1,500.1
62466.5,976.6,500.3
62470.5,976.1,500.1
62474.5,974.8,499.4
62476.6,976.2,500.1
62480.5,976.9,500.5
62482.6,975.3,499.7
62484.6,975.1,499.5
62488.6,976.3,500.2
62492.5,975.4,499.7
62496.5,976.5,500.3
62500.6,975.6,499.8
62504.5,975.1,499.5
62508.5,976.6,500.3
62512.5,976.4,500.2
62516.5,975.4,499.7
62520.5,976.6,500.3
62524.5,976.1,500.0
62526.6,972.5,498.2
62530.5,977.5,500.8
62534.5,975.8,499.9
62538.5,975.8,499.9
62542.5,975.9,499.9
62544.5,977.2,500.6
62546.5,975.6,499.8
62550.5,975.8,499.9
62554.6,976.9,500.5
62556.6,965.9,494.8
62560.5,980.6,502.4
62562.6,976.0,500.0
62566.5,976.2,500.1
62570.5,975.0,499.5
62574.6,976.3,500.1
62578.6,974.1,499.0
62582.6,977.1,500.6
62586.5,976.8,500.4
62590.6,970.8,497.3
62594.6,952.8,488.1
62598.5,971.1,497.5
62602.5,979.9,502.0
62604.5,974.8,499.4
62608.5,977.6,500.8
62612.6,975.9,499.9
62616.5,975.1,499.5
62620.5,977.0,500.5
62624.6,975.2,499.6
62628.5,976.7,500.4
62632.5,976.6,500.3
62634.5,975.4,499.7
62638.5,975.9,499.9
62640.5,975.7,499.8
62644.5,976.2,500.1
62646.5,973.1,498.5
62650.5,975.8,499.9
62654.5,977.7,500.9
62658.5,975.7,499.8
62662.6,976.8,500.4
62666.6,975.6,499.8
62670.5,975.8,499.9
62672.6,973.6,498.7
62676.5,977.2,500.6
62680.5,976.8,500.4
62684.5,976.0,500.0
62688.5,974.9,499.4
62692.6,976.8,500.4
62696.5,975.3,499.7
62698.6,977.2,500.6
62702.5,972.8,498.3
62704.5,981.9,503.0
62708.5,975.9,500.0
62710.5,970.9,497.4
62714.5,978.5,501.3
62716.6,975.1,499.5
62720.5,976.3,500.2
62722.5,975.9,500.0
62726.6,975.4,499.7
62730.5,976.4,500.2
62734.5,975.6,499.8
62738.5,975.7,499.9
62742.5,976.5,500.3
62744.5,976.0,500.0
62746.6,975.6,499.8
62750.6,975.9,500.0
62754.5,975.8,499.9
62758.6,975.0,499.5
62762.5,977.3,500.7
62766.6,976.4,500.2
62770.6,975.6,499.8
62774.6,974.7,499.3
62778.5,977.4,500.7
62782.5,975.6,499.8
62784.5,976.9,500.5
62786.5,974.7,499.3
62790.6,975.7,499.9
62794.5,976.3,500.2
62798.5,976.0,500.0
62802.5,975.8,499.9
62806.5,975.2,499.6
62810.5,977.2,500.6
62812.5,975.5,499.7
62816.5,976.2,500.1
62820.5,975.2,499.6
